slug,term,definition,page
anonymity,Anonymity,When a participants name and other personally identifiable information is not collected at all.,https://ecampusontario.pressbooks.pub/psychmethods3ecan/back-matter/glossary/
apa-ethics-code,APA Ethics Code,Stands for the APA’s Ethical Principles of Psychologists and Code of Conduct. It was first published in 1953 and includes about 150 specific ethical standards that psychologists and their students are expected to follow.,https://ecampusontario.pressbooks.pub/psychmethods3ecan/back-matter/glossary/
autonomy,Autonomy,A persons right to make their own choices and take their own actions free from coercion.,https://ecampusontario.pressbooks.pub/psychmethods3ecan/back-matter/glossary/
behavioral-measures,Behavioral measures,Measures in which some other aspect of participants’ behavior is observed and recorded.,https://ecampusontario.pressbooks.pub/psychmethods3ecan/back-matter/glossary/
beneficence,Beneficence,Underscores the importance of maximizing the benefits of research while minimizing harms to participants and society.,https://ecampusontario.pressbooks.pub/psychmethods3ecan/back-matter/glossary/
bruso,BRUSO,"An acronym that stands for “brief,” “relevant,” “unambiguous,” “specific,” and “objective,” which is used to create effective questionnaire items that are brief and to the point.",https://ecampusontario.pressbooks.pub/psychmethods3ecan/back-matter/glossary/
carryover-effect,Carryover effect,An effect of being tested in one condition on participants’ behavior in later conditions.,https://ecampusontario.pressbooks.pub/psychmethods3ecan/back-matter/glossary/
case-study,Case study,An in-depth examination of an individual.,https://ecampusontario.pressbooks.pub/psychmethods3ecan/back-matter/glossary/
cluster-sampling,Cluster sampling,A type of probability sampling in which larger clusters of individuals are randomly sampled and then individuals within each cluster are randomly sampled.,https://ecampusontario.pressbooks.pub/psychmethods3ecan/back-matter/glossary/
cohort-effect,Cohort effect,Differences between the groups may reflect the generation that people come from rather than a direct effect of age.,https://ecampusontario.pressbooks.pub/psychmethods3ecan/back-matter/glossary/
complete-counterbalancing,Complete counterbalancing,A method in which an equal number of participants complete each possible order of conditions.,https://ecampusontario.pressbooks.pub/psychmethods3ecan/back-matter/glossary/
conceptual-definition,Conceptual definition,"Describes the behaviors and internal processes that make up a psychological construct, along with how it relates to other variables.",https://ecampusontario.pressbooks.pub/psychmethods3ecan/back-matter/glossary/
confederate,Confederate,A helper who pretended to be a real participant in a study.,https://ecampusontario.pressbooks.pub/psychmethods3ecan/back-matter/glossary/
confidentiality,Confidentiality,An agreement not to disclose participants’ personal information without their consent or some appropriate legal authorization.,https://ecampusontario.pressbooks.pub/psychmethods3ecan/back-matter/glossary/
confounds,Confounds,A specific type of extraneous variable that systematically varies along with the variables under investigation and therefore provides an alternative explanation for the results.,https://ecampusontario.pressbooks.pub/psychmethods3ecan/back-matter/glossary/
consent-form,Consent form,The process of obtaining informed consent by having the participants read and sign the form.,https://ecampusontario.pressbooks.pub/psychmethods3ecan/back-matter/glossary/
context-effect,Context effect (or contrast effect),Unintended influences on respondents’ answers because they are not related to the content of the item but to the context in which the item appears.,https://ecampusontario.pressbooks.pub/psychmethods3ecan/back-matter/glossary/
control,Control,Holding extraneous variables constant in order to separate the effect of the independent variable from the effect of the extraneous variables.,https://ecampusontario.pressbooks.pub/psychmethods3ecan/back-matter/glossary/
converging-operations,Converging operations,When psychologists use multiple operational definitions of the same construct—either within a study or across studies.,https://ecampusontario.pressbooks.pub/psychmethods3ecan/back-matter/glossary/
correlational-research,Correlational research,Research that is non-experimental because it focuses on the statistical relationship between two variables but does not include the manipulation of an independent variable.,https://ecampusontario.pressbooks.pub/psychmethods3ecan/back-matter/glossary/
criterion-validity,Criterion validity,The extent to which people’s scores on a measure are correlated with other variables (known as criteria) that one would expect them to be correlated with.,https://ecampusontario.pressbooks.pub/psychmethods3ecan/back-matter/glossary/
cross-sectional-studies,Cross-sectional studies,"Studies that involve comparing two or more pre-existing groups of people (e.g., children at different stages of development).",https://ecampusontario.pressbooks.pub/psychmethods3ecan/back-matter/glossary/
cross-sequential-studies,Cross-sequential studies,Studies in which researchers follow people in different age groups in a smaller period of time.,https://ecampusontario.pressbooks.pub/psychmethods3ecan/back-matter/glossary/
debriefing,Debriefing,"This is the process of informing research participants as soon as possible of the purpose of the study, revealing any deception, and correcting any other misconceptions they might have as a result of participating.",https://ecampusontario.pressbooks.pub/psychmethods3ecan/back-matter/glossary/
deception,Deception,"Misinforming participants about the purpose of a study, using confederates, using phony equipment like Milgram’s shock generator, and presenting participants with false feedback about their performance (e.g., telling them they did poorly on a test when they actually did well).",https://ecampusontario.pressbooks.pub/psychmethods3ecan/back-matter/glossary/
declaration-of-helsinki,Declaration of Helsinki,An ethics code that was created by the World Medical Council in 1964.,https://ecampusontario.pressbooks.pub/psychmethods3ecan/back-matter/glossary/
dependent-variable,Dependent variable,The variable the experimenter measures (it is the presumed effect).,https://ecampusontario.pressbooks.pub/psychmethods3ecan/back-matter/glossary/
disproportionate-stratified-random-sampling,Disproportionate stratified random sampling,Is used to sample extra respondents from particularly small subgroups—allowing valid conclusions to be drawn about those subgroups.,https://ecampusontario.pressbooks.pub/psychmethods3ecan/back-matter/glossary/
ethics,Ethics,The branch of philosophy that is concerned with morality—what it means to behave morally and how people can achieve that goal.,https://ecampusontario.pressbooks.pub/psychmethods3ecan/back-matter/glossary/
exempt-research,Exempt research,"Research on the effectiveness of normal educational activities, the use of standard psychological measures and surveys of a nonsensitive nature that are administered in a way that maintains confidentiality, and research using existing data from public sources.",https://ecampusontario.pressbooks.pub/psychmethods3ecan/back-matter/glossary/
experimenter-expectancy-effect,Experimenter expectancy effect,When the experimenter’s expectations about how participants “should” behave in the experiment affect how the participants behave.,https://ecampusontario.pressbooks.pub/psychmethods3ecan/back-matter/glossary/
external-validity,External validity,"Refers to the degree to which we can generalize the findings to other circumstances or settings, like the real-world environment.",https://ecampusontario.pressbooks.pub/psychmethods3ecan/back-matter/glossary/
factor-analysis,Factor analysis,A complex statistical technique in which researchers study relationships among a large number of conceptually similar variables.,https://ecampusontario.pressbooks.pub/psychmethods3ecan/back-matter/glossary/
fatigue-effect,Fatigue effect,An effect where participants perform a task worse in later conditions because they become tired or bored.,https://ecampusontario.pressbooks.pub/psychmethods3ecan/back-matter/glossary/
focus-groups,Focus groups,Used in qualitative research which involves small groups of people who participate together in interviews focused on a particular topic or issue.,https://ecampusontario.pressbooks.pub/psychmethods3ecan/back-matter/glossary/
grounded-theory,Grounded theory,Researchers start with the data and develop a theory or an interpretation that is “grounded in” those data.,https://ecampusontario.pressbooks.pub/psychmethods3ecan/back-matter/glossary/
inferential-statistics,Inferential statistics,A research method that allows researchers to draw conclusions or infer about a population based on data from a sample.,https://ecampusontario.pressbooks.pub/psychmethods3ecan/back-matter/glossary/
informed-consent,Informed consent,This means that researchers obtain and document people’s agreement to participate in a study after having informed them of everything that might reasonably be expected to affect their decision.,https://ecampusontario.pressbooks.pub/psychmethods3ecan/back-matter/glossary/
inter-rater-reliability,Inter-rater reliability,The extent to which different observers are consistent in their judgments.,https://ecampusontario.pressbooks.pub/psychmethods3ecan/back-matter/glossary/
internal-consistency,Internal consistency,The consistency of people’s responses across the items on a multiple-item measure.,https://ecampusontario.pressbooks.pub/psychmethods3ecan/back-matter/glossary/
internal-validity,Internal validity,Refers to the degree to which we can confidently infer a causal relationship between variables.,https://ecampusontario.pressbooks.pub/psychmethods3ecan/back-matter/glossary/
interval-level,Interval level,A measurement that involves assigning scores using numerical scales in which intervals have the same interpretation throughout.,https://ecampusontario.pressbooks.pub/psychmethods3ecan/back-matter/glossary/
item-order-effect,Item-order effect,When the order in which the items are presented affects people’s responses.,https://ecampusontario.pressbooks.pub/psychmethods3ecan/back-matter/glossary/
justice,Justice,The importance of conducting research in a way that distributes risks and benefits fairly across different groups at the societal level.,https://ecampusontario.pressbooks.pub/psychmethods3ecan/back-matter/glossary/
laboratory-study,Laboratory study,A study that is conducted in the laboratory environment.,https://ecampusontario.pressbooks.pub/psychmethods3ecan/back-matter/glossary/
longitudinal-studies,Longitudinal studies,Studies in which one group of people are followed over time as they age.,https://ecampusontario.pressbooks.pub/psychmethods3ecan/back-matter/glossary/
mean,Mean,The average of a distribution of scores (symbolized M) where the sum of the scores are divided by the number of scores.,https://ecampusontario.pressbooks.pub/psychmethods3ecan/back-matter/glossary/
measurement,Measurement,Is the assignment of scores to individuals so that the scores represent some characteristic of the individuals.,https://ecampusontario.pressbooks.pub/psychmethods3ecan/back-matter/glossary/
median,Median,The midpoint of a distribution of scores in the sense that half the scores in the distribution are less than it and half are greater than it.,https://ecampusontario.pressbooks.pub/psychmethods3ecan/back-matter/glossary/
mixed-methods-research,Mixed-methods research,Research that combines both quantitative and qualitative approaches.,https://ecampusontario.pressbooks.pub/psychmethods3ecan/back-matter/glossary/
mode,Mode,The most frequently occurring score in a distribution.,https://ecampusontario.pressbooks.pub/psychmethods3ecan/back-matter/glossary/
multiple-regression,Multiple regression,"Involves measuring several variables (X1, X2, X3,…Xi), and using them to predict some outcome variable (Y).",https://ecampusontario.pressbooks.pub/psychmethods3ecan/back-matter/glossary/
mundane-realism,Mundane realism,When the participants and the situation studied are similar to those that the researchers want to generalize to and participants encounter every day.,https://ecampusontario.pressbooks.pub/psychmethods3ecan/back-matter/glossary/
negative-relationship,Negative relationship,A relationship in which higher scores on one variable tend to be associated with lower scores on the other.,https://ecampusontario.pressbooks.pub/psychmethods3ecan/back-matter/glossary/
nominal-level,Nominal level,A measurement used for categorical variables and involves assigning scores that are category labels.,https://ecampusontario.pressbooks.pub/psychmethods3ecan/back-matter/glossary/
non-experimental-research,Non-experimental research,A research that lacks the manipulation of an independent variable.,https://ecampusontario.pressbooks.pub/psychmethods3ecan/back-matter/glossary/
non-probability-sampling,Non-probability sampling,Occurs when the researcher cannot specify the probability that each member of the population will be selected for the sample.,https://ecampusontario.pressbooks.pub/psychmethods3ecan/back-matter/glossary/
non-response-bias,Non-response bias,Occurs when there is a systemic difference between survey non-responders from survey responders.,https://ecampusontario.pressbooks.pub/psychmethods3ecan/back-matter/glossary/
observational-research,Observational research,Research that is non-experimental because it focuses on recording systemic observations of behavior in a natural or laboratory setting without manipulating anything.,https://ecampusontario.pressbooks.pub/psychmethods3ecan/back-matter/glossary/
one-group-posttest-only-design,One-group posttest only design,A treatment is implemented (or an independent variable is manipulated) and then a dependent variable is measured once after the treatment is implemented.,https://ecampusontario.pressbooks.pub/psychmethods3ecan/back-matter/glossary/
one-group-pretest-prottest-design,One-group pretest-prottest design,An experiment design in which the dependent variable is measured once before the treatment is implemented and once after it is implemented.,https://ecampusontario.pressbooks.pub/psychmethods3ecan/back-matter/glossary/
open-ended-items,Open-ended items,Simply ask a question and allow participants to answer in whatever way they choose.,https://ecampusontario.pressbooks.pub/psychmethods3ecan/back-matter/glossary/
order-effect,Order effect,An effect that occurs when participants' responses in the various conditions are affected by the order of conditions to which they were exposed.,https://ecampusontario.pressbooks.pub/psychmethods3ecan/back-matter/glossary/
ordinal-level,Ordinal level,A measurement that involves assigning scores so that they represent the rank order of the individuals.,https://ecampusontario.pressbooks.pub/psychmethods3ecan/back-matter/glossary/
pearson-s-correlation-coefficient,Pearson’s Correlation Coefficient (or Pearson’s r),A statistic that measures the strength of a correlation between quantitative variables.,https://ecampusontario.pressbooks.pub/psychmethods3ecan/back-matter/glossary/
physiological-measures,Physiological measures,"Measures that involve recording any of a wide variety of physiological processes, including heart rate and blood pressure, galvanic skin response, hormone levels, and electrical activity and blood flow in the brain.",https://ecampusontario.pressbooks.pub/psychmethods3ecan/back-matter/glossary/
pilot-test,Pilot test,Is a small-scale study conducted to make sure that a new procedure works as planned.,https://ecampusontario.pressbooks.pub/psychmethods3ecan/back-matter/glossary/
positive-relationship,Positive relationship,A relationship in which higher scores on one variable tend to be associated with higher scores on the other.,https://ecampusontario.pressbooks.pub/psychmethods3ecan/back-matter/glossary/
practice-effect,Practice effect,An effect where participants perform a task better in later conditions because they have had a chance to practice it.,https://ecampusontario.pressbooks.pub/psychmethods3ecan/back-matter/glossary/
pre-screening,Pre-screening,A way to minimize risks in a study and to identify and eliminate participants who are at high risk.,https://ecampusontario.pressbooks.pub/psychmethods3ecan/back-matter/glossary/
privacy,Privacy,A persons right to decide what information about them is shared with others.,https://ecampusontario.pressbooks.pub/psychmethods3ecan/back-matter/glossary/
probability-sampling,Probability sampling,Occurs when the researcher can specify the probability that each member of the population will be selected for the sample.,https://ecampusontario.pressbooks.pub/psychmethods3ecan/back-matter/glossary/
proportionate-stratified-random-sampling,Proportionate stratified random sampling,Is used to select a sample in which the proportion of respondents in each of various subgroups matches the proportion in the population.,https://ecampusontario.pressbooks.pub/psychmethods3ecan/back-matter/glossary/
protocol,Protocol,A detailed description of the research—that is reviewed by an independent committee.,https://ecampusontario.pressbooks.pub/psychmethods3ecan/back-matter/glossary/
psychological-realism,Psychological realism,Where the same mental process is used in both the laboratory and in the real world.,https://ecampusontario.pressbooks.pub/psychmethods3ecan/back-matter/glossary/
qualitative-research,Qualitative research,"Research that begins with a less focused research question, collects large amounts of relatively “unfiltered” data from a relatively small number of individuals, describes data using nonstatistical techniques, such as grounded theory, thematic analysis, critical discourse analysis, or interpretative phenomenological analysis and aims to understand in detail the experience of the research participants.",https://ecampusontario.pressbooks.pub/psychmethods3ecan/back-matter/glossary/
quantitative-research,Quantitative research,"Research that typically starts with a focused research question or hypothesis, collects a small amount of numerical data from a large number of individuals, describes the resulting data using statistical techniques, and draws general conclusions about some large population.",https://ecampusontario.pressbooks.pub/psychmethods3ecan/back-matter/glossary/
random-counterbalancing,Random counterbalancing,A method in which the order of the conditions is randomly determined for each participant.,https://ecampusontario.pressbooks.pub/psychmethods3ecan/back-matter/glossary/
range,Range,A measure of dispersion that measures the distance between the highest and lowest scores in a distribution.,https://ecampusontario.pressbooks.pub/psychmethods3ecan/back-matter/glossary/
rating-scale,Rating scale,An ordered set of responses that participants must choose from.,https://ecampusontario.pressbooks.pub/psychmethods3ecan/back-matter/glossary/
ratio-level,Ratio level,A measurement that involves assigning scores in such a way that there is a true zero point that represents the complete absence of the quantity.,https://ecampusontario.pressbooks.pub/psychmethods3ecan/back-matter/glossary/
reliability,Reliability,Refers to the consistency of a measure.,https://ecampusontario.pressbooks.pub/psychmethods3ecan/back-matter/glossary/
respondents,Respondents,Participants in a survey or study.,https://ecampusontario.pressbooks.pub/psychmethods3ecan/back-matter/glossary/
sampling-bias,Sampling bias,Occurs when a sample is selected in such a way that it is not representative of the entire population and therefore produces inaccurate results.,https://ecampusontario.pressbooks.pub/psychmethods3ecan/back-matter/glossary/
sampling-frame,Sampling frame,A list of all the members of the population from which to select the respondents.,https://ecampusontario.pressbooks.pub/psychmethods3ecan/back-matter/glossary/
self-report-measures,Self-report measures,"Measures in which participants report on their own thoughts, feelings, and actions.",https://ecampusontario.pressbooks.pub/psychmethods3ecan/back-matter/glossary/
self-selection-sampling,Self-selection sampling,"A form of non-probability sampling in which individuals choose to take part in the research on their own accord, without being approached by the researcher directly.",https://ecampusontario.pressbooks.pub/psychmethods3ecan/back-matter/glossary/
simple-random-sampling,Simple random sampling,A probability sampling method in which each individual in the population has an equal probability of being selected for the sample.,https://ecampusontario.pressbooks.pub/psychmethods3ecan/back-matter/glossary/
snowball-sampling,Snowball sampling,A form of non-probability sampling in which existing research participants help recruit additional participants for the study.,https://ecampusontario.pressbooks.pub/psychmethods3ecan/back-matter/glossary/
split-half-correlation,Split-half correlation,A score that is derived by splitting the items into two sets and examining the relationship between the two sets of scores in order to assess the internal consistency of a measure.,https://ecampusontario.pressbooks.pub/psychmethods3ecan/back-matter/glossary/
statistical-control,Statistical control,Controlling potential third variables to rule out other plausible interpretations.,https://ecampusontario.pressbooks.pub/psychmethods3ecan/back-matter/glossary/
statistical-validity,Statistical validity,Concerns the proper statistical treatment of data and the soundness of the researchers’ statistical conclusions.,https://ecampusontario.pressbooks.pub/psychmethods3ecan/back-matter/glossary/
statistically-significant,Statistically significant,An effect that is unlikely due to random chance and therefore likely represents a real effect in the population.,https://ecampusontario.pressbooks.pub/psychmethods3ecan/back-matter/glossary/
stratified-random-sampling,Stratified random sampling,A common alternative to simple random sampling in which the population is divided into different subgroups or “strata” (usually based on demographic characteristics) and then a random sample is taken from each “stratum.”,https://ecampusontario.pressbooks.pub/psychmethods3ecan/back-matter/glossary/
structured-observation,Structured observation,When a researcher makes careful observations of one or more specific behaviors in a particular setting that is more structured than the settings used in naturalistic or participant observation.,https://ecampusontario.pressbooks.pub/psychmethods3ecan/back-matter/glossary/
subject-pool,Subject pool,An established group of people who have agreed to be contacted about participating in research studies.,https://ecampusontario.pressbooks.pub/psychmethods3ecan/back-matter/glossary/
survey-research,Survey research,A quantitative and qualitative method with two important characteristics; variables are measured using self-reports and considerable attention is paid to the issue of sampling.,https://ecampusontario.pressbooks.pub/psychmethods3ecan/back-matter/glossary/
test-retest-reliability,Test-retest reliability,"When researchers measure a construct that they assume to be consistent across time, then the scores they obtain should also be consistent across time.",https://ecampusontario.pressbooks.pub/psychmethods3ecan/back-matter/glossary/
undisguised-participant-observation,Undisguised participant observation,Researchers become a part of the group they are studying and they disclose their true identity as researchers to the group under investigation.,https://ecampusontario.pressbooks.pub/psychmethods3ecan/back-matter/glossary/
validity,Validity,The extent to which the scores from a measure represent the variable they are intended to.,https://ecampusontario.pressbooks.pub/psychmethods3ecan/back-matter/glossary/
scientific-method,scientific method,,https://ecampusontario.pressbooks.pub/psychmethods3ecan/chapter/methods-of-knowing/
science,science,,https://ecampusontario.pressbooks.pub/psychmethods3ecan/chapter/understanding-science/
empirical-questions,empirical questions,,https://ecampusontario.pressbooks.pub/psychmethods3ecan/chapter/understanding-science/
falsifiable,falsifiable,,https://ecampusontario.pressbooks.pub/psychmethods3ecan/chapter/understanding-science/
basic-research,Basic research,,https://ecampusontario.pressbooks.pub/psychmethods3ecan/chapter/goals-of-science/
applied-research,Applied research,,https://ecampusontario.pressbooks.pub/psychmethods3ecan/chapter/goals-of-science/
folk-psychology,folk psychology,,https://ecampusontario.pressbooks.pub/psychmethods3ecan/chapter/science-and-common-sense/
confirmation-bias,confirmation bias,,https://ecampusontario.pressbooks.pub/psychmethods3ecan/chapter/science-and-common-sense/
skepticism,skepticism,"Molly A. Metz Dr. Molly Metz is an Associate Professor, Teaching Stream, in the Department of Psychology at the Unversity of Toronto . You can find her online at @metzpsych or mollyametz.com Rajiv S. Jhangiani Dr. Rajiv Jhangiani is the Associate Vice Provost, Open Education at Kwantlen Polytechnic University in British Columbia. He is an internationally known advocate for open education whose research and practice focuses on open educational resources, student-centered pedagogies, and the scholarship of teaching and learning. Rajiv is a co-founder of the Open Pedagogy Notebook , an Ambassador for the Center for Open Science , and serves on the BC Open Education Advisory Committee. He formerly served as an Open Education Advisor and Senior Open Education Research & Advocacy Fellow with BCcampus , an OER Research Fellow with the Open Education Group, a Faculty Workshop Facilitator with the Open Textbook Network , and a Faculty Fellow with the BC Open Textbook Project . A co-author of three open textbooks in Psychology, his most recent book is Open: The Philosophy and Practices that are Revolutionizing Education and Science (2017). You can find him online at @thatpsychprof or thatpsychprof.com Carrie Cuttler Dr. Carrie Cuttler received her Ph.D. in Psychology from the University of British Columbia. She has been teaching research methods and statistics for over a decade. She is currently an Assistant Professor in the Department of Psychology at Washington State University, where she primarily studies the acute and chronic effects of cannabis on cognition, mental health, and physical health. Dr. Cuttler was also an OER Research Fellow with the Center for Open Education and she conducts research on open educational resources. She has over 50 publications including the following two published books: A Student Guide for SPSS (1st and 2nd edition) and Research Methods in Psychology: Student Lab Guide . Finally, she edited another OER entitled Essentials of Abnormal Psychology . In her spare time, she likes to travel, hike, bike, run, and watch movies with her husband and son. You can find her online at @carriecuttle r or carriecuttler.com Dana C. Leighton Dr. Dana C. Leighton is Assistant Professor of Psychology in the College of Arts, Science, and Education at Texas A&M University—Texarkana. He earned his Ph.D. from the University of Arkansas, and has 15 years experience teaching across the psychology curriculum at community colleges, liberal arts colleges, and research universities. Dr. Leighton's social psychology research lab studies intergroup relations, and routinely includes undergraduate students as researchers. He is also Chair of the university’s Institutional Review Board . Recently he has been researching and writing about the use of open science research practices by undergraduate researchers to increase diversity, justice, and sustainability in psychological science. He has published on his teaching methods in eBooks from the Society for the Teaching of Psychology , presented his methods at regional and national conferences, and received grants to develop new teaching methods. His teaching interests are in undergraduate research, writing skills, and online student engagement. For more about Dr. Leighton see http://www.danaleighton.net and http://danaleighton.edublogs.org",https://ecampusontario.pressbooks.pub/psychmethods3ecan/chapter/science-and-common-sense/
tolerance-for-uncertainty,tolerance for uncertainty,,https://ecampusontario.pressbooks.pub/psychmethods3ecan/chapter/science-and-common-sense/
doctor-of-philosophy-ph-d,doctor of philosophy [Ph.D.],"Learning Objectives Describe the components of a literature review Recognize commons errors in literature reviews Pick up nearly any book on research methods and you will find a description of a literature review . At a basic level, the term implies a survey of factual or nonfiction books, articles, and other documents published on a particular subject. Definitions may be similar across the disciplines, with new types and definitions continuing to emerge. Generally speaking, a literature review is a: “comprehensive background of the literature within the interested topic area” (O’Gorman & MacIntosh, 2015, p. 31). [1] “critical component of the research process that provides an in-depth analysis of recently published research findings in specifically identified areas of interest” (Houser, 2018, p. 109). [2] “written document that presents a logically argued case founded on a comprehensive understanding of the current state of knowledge about a topic of study” (Machi & McEvoy, 2012, p. 4). [3] Literature reviews are indispensable for academic research. “A substantive, thorough, sophisticated literature review is a precondition for doing substantive, thorough, sophisticated research…A researcher cannot perform significant research without first understanding the literature in the field” (Boote & Beile, 2005, p. 3). [4] In the literature review, a researcher shows she is familiar with a body of knowledge and thereby establishes her credibility with a reader. The literature review shows how previous research is linked to the author’s project by summarizing and synthesizing what is known while identifying gaps in the knowledge base, facilitating theory development, closing areas where enough research already exists, and uncovering areas where more research is needed. (Webster & Watson, 2002, p. xiii). [5] Literature reviews are often necessary for real world social work practice. Grant proposals, advocacy briefs, and evidence-based practice rely on a review of the literature to accomplish practice goals. A literature review is a compilation of the most significant previously published research on your topic. Unlike an annotated bibliography or a research paper you may have written in other classes, your literature review will outline, evaluate, and synthesize relevant research and relate those sources to your own research question. It is much more than a summary of all the related literature. A good literature review lays the solidifies the importance of the problem your study aims to address, defines the main ideas of your research question, and demonstrates their interrelationships. Literature review basics All literature reviews, whether they focus on qualitative or quantitative data, will at some point: Introduce the topic and define its key terms. Establish the importance of the topic. Provide an overview of the important literature on the concepts in the research question and other related concepts. Identify gaps in the literature or controversies. Point out consistent finding across studies. Arrive at a synthesis that organizes what is known about a topic, rather than just summarizing. Discuss possible implications and directions for future research. There are many different types of literature reviews, including those that focus solely on methodology, those that are more conceptual, and those that are more exploratory. Regardless of the type of literature review or how many sources it contains, strong literature reviews have similar characteristics. Your literature review is, at its most fundamental level, an original work based on an extensive critical examination and synthesis of the relevant literature on a topic. As a study of the research on a particular topic, it is arranged by key themes or findings, which should lead up to or link to the research question. A literature review is a mandatory part of any research project. It demonstrates that you can systematically explore the research in your topic area, read and analyze the literature on the topic, use it to inform your own work, and gather enough knowledge about the topic to conduct a research project. Literature reviews should be reasonably complete, and not restricted to a few journals, a few years, or a specific methodology or research design. A well-conducted literature review should indicate to you whether your initial research questions have already been addressed in the literature, whether there are newer or more interesting research questions available, and whether the original research questions should be modified or changed in light of findings of the literature review. The review can also provide potential answers to your research question, help identify theories that have previously been used to address similar questions, as well as provide evidence to inform policy or decision-making (Bhattacherjee, 2012). [6] In addition, literature reviews are beneficial to you both as a researcher and as a social work scholar. By reading what others have argued and found in their work, you become familiar with how people talk about and understand your topic. During the process, you will refine your writing skills and your understanding of the topic you have chosen. The literature review also impacts the question you want to answer. As you learn more about your topic, you will clarify and redefine the research question guiding your inquiry. By completing a literature review, you ensure that you are neither repeating a study that has been done numerous times in the past, not repeating mistakes of past researchers. The contribution your research study will have depends on what others have found before you. Try to place the study you wish to do in the context of previous research and ask, “Is this contributing something new?” and “Am I addressing a gap in knowledge or controversy in the literature?” In summary, you should conduct a literature review to: Locate gaps in the literature of your discipline Avoid “reinventing the wheel,” by repeating past studies or mistakes Carry on the unfinished work of other scholars Identify other people working in the same field Increase the breadth and depth of knowledge in your subject area Read the seminal works in your field Provide intellectual context for your own work Acknowledge opposing viewpoints Put your work in perspective Demonstrate you can find and understand previous work in the area Common literature review errors Literature reviews are more than a summary of the publications you find on a topic. As you have seen in this brief introduction, literature reviews are a very specific type of research, analysis, and writing. We will explore these topics more in the next chapters. As you begin your literature review, here are some common errors to avoid: Accepting another researcher’s finding as valid without evaluating methodology and data Ignoring contrary findings and alternative interpretations Using findings that are not clearly related to your own study or using findings that are too general Dedicating insufficient time to literature searching Simply reporting isolated statistical results, rather than synthesizing the results Relying too heavily on secondary sources Overusing quotations from sources Failing to justify an argument by using specific facts or theories from the literature at hand For a quick review of some of the pitfalls and challenges a new researcher faces when they begin work, see “ Get Ready: Academic Writing, General Pitfalls and (oh yes) Getting Started! ”. Key Takeaways Literature reviews are the first step in any research project, as they help you learn about the topic you chose to study. You must do more than summarize sources for a literature review. You must have something to say about them and demonstrate you understand their content. Glossary Literature review - a survey of factual or nonfiction books, articles, and other documents published on a particular subject Image attributions Book library by MVA CC-0",https://ecampusontario.pressbooks.pub/psychmethods3ecan/chapter/experimental-and-clinical-psychologists/
clinical-practice-of-psychology,clinical practice of psychology,"Learning Objectives List several ways in which qualitative research differs from quantitative research in psychology. Describe the strengths and weaknesses of qualitative research in psychology compared with quantitative research. Give examples of qualitative research in psychology. What Is Qualitative Research? This textbook is primarily about quantitative research , in part because most studies conducted in psychology are quantitative in nature . Quantitative researchers typically start with a focused research question or hypothesis, collect a small amount of numerical data from a large number of individuals, describe the resulting data using statistical techniques, and draw general conclusions about some large population. Although this method is by far the most common approach to conducting empirical research in psychology, there is an important alternative called qualitative research . Qualitative research originated in the disciplines of anthropology and sociology but is now used to study psychological topics as well. Qualitative researchers generally begin with a less focused research question, collect large amounts of relatively “unfiltered” data from a relatively small number of individuals, and describe their data using nonstatistical techniques, such as grounded theory, thematic analysis, critical discourse analysis, or interpretative phenomenological analysis. They are usually less concerned with drawing general conclusions about human behavior than with understanding in detail the experience of their research participants. Consider, for example, a study by researcher Per Lindqvist and his colleagues, who wanted to learn how the families of teenage suicide victims cope with their loss (Lindqvist, Johansson, & Karlsson, 2008) [7] . They did not have a specific research question or hypothesis, such as, What percentage of family members join suicide support groups? Instead, they wanted to understand the variety of reactions that families had, with a focus on what it is like from their perspectives. To address this question, they interviewed the families of 10 teenage suicide victims in their homes in rural Sweden. The interviews were relatively unstructured, beginning with a general request for the families to talk about the victim and ending with an invitation to talk about anything else that they wanted to tell the interviewer. One of the most important themes that emerged from these interviews was that even as life returned to “normal,” the families continued to struggle with the question of why their loved one committed suicide. This struggle appeared to be especially difficult for families in which the suicide was most unexpected. The Purpose of Qualitative Research Again, this textbook is primarily about quantitative research in psychology. The strength of quantitative research is its ability to provide precise answers to specific research questions and to draw general conclusions about human behavior. This method is how we know that people have a strong tendency to obey authority figures, for example, and that female undergraduate students are not substantially more talkative than male undergraduate students. But while quantitative research is good at providing precise answers to specific research questions, it is not nearly as good at generating novel and interesting research questions. Likewise, while quantitative research is good at drawing general conclusions about human behavior, it is not nearly as good at providing detailed descriptions of the behavior of particular groups in particular situations. And quantitative research is not very good at communicating what it is actually like to be a member of a particular group in a particular situation. But the relative weaknesses of quantitative research are the relative strengths of qualitative research. Qualitative research can help researchers to generate new and interesting research questions and hypotheses. The research of Lindqvist and colleagues, for example, suggests that there may be a general relationship between how unexpected a suicide is and how consumed the family is with trying to understand why the teen committed suicide. This relationship can now be explored using quantitative research. But it is unclear whether this question would have arisen at all without the researchers sitting down with the families and listening to what they themselves wanted to say about their experience. Qualitative research can also provide rich and detailed descriptions of human behavior in the real-world contexts in which it occurs. Among qualitative researchers, this depth is often referred to as “thick description” (Geertz, 1973) [8] . Similarly, qualitative research can convey a sense of what it is actually like to be a member of a particular group or in a particular situation—what qualitative researchers often refer to as the “lived experience” of the research participants. Lindqvist and colleagues, for example, describe how all the families spontaneously offered to show the interviewer the victim’s bedroom or the place where the suicide occurred—revealing the importance of these physical locations to the families. It seems unlikely that a quantitative study would have discovered this detail. Table 6.3 Some contrasts between qualitative and quantitative research Qualitative Quantitative 1. In-depth information about relatively few people 1. Less depth information with larger samples 2. Conclusions are based on interpretations drawn by the investigator 2. Conclusions are based on statistical analyses 3. Global and exploratory 3. Specific and focused Data Collection and Analysis in Qualitative Research Data collection approaches in qualitative research are quite varied and can involve naturalistic observation, participant observation, archival data, artwork, and many other things. But one of the most common approaches, especially for psychological research, is to conduct interviews . Interviews in qualitative research can be unstructured—consisting of a small number of general questions or prompts that allow participants to talk about what is of interest to them—or structured, where there is a strict script that the interviewer does not deviate from. Most interviews are in between the two and are called semi-structured interviews, where the researcher has a few consistent questions and can follow up by asking more detailed questions about the topics that come up. Such interviews can be lengthy and detailed, but they are usually conducted with a relatively small sample. The unstructured interview was the approach used by Lindqvist and colleagues in their research on the families of suicide victims because the researchers were aware that how much was disclosed about such a sensitive topic should be led by the families, not by the researchers. Another approach used in qualitative research involves small groups of people who participate together in interviews focused on a particular topic or issue, known as focus groups . The interaction among participants in a focus group can sometimes bring out more information than can be learned in a one-on-one interview. The use of focus groups has become a standard technique in business and industry among those who want to understand consumer tastes and preferences. The content of all focus group interviews is usually recorded and transcribed to facilitate later analyses. However, we know from social psychology that group dynamics are often at play in any group, including focus groups, and it is useful to be aware of those possibilities. For example, the desire to be liked by others can lead participants to provide inaccurate answers that they believe will be perceived favorably by the other participants. The same may be said for personality characteristics. For example, highly extraverted participants can sometimes dominate discussions within focus groups. Data Analysis in Qualitative Research Although quantitative and qualitative research generally differ along several important dimensions (e.g., the specificity of the research question, the type of data collected), it is the method of data analysis that distinguishes them more clearly than anything else. To illustrate this idea, imagine a team of researchers that conducts a series of unstructured interviews with people recovering from alcohol use disorder to learn about the role of their religious faith in their recovery. Although this project sounds like qualitative research, imagine further that once they collect the data, they code the data in terms of how often each participant mentions God (or a “higher power”), and they then use descriptive and inferential statistics to find out whether those who mention God more often are more successful in abstaining from alcohol. Now it sounds like quantitative research. In other words, the quantitative-qualitative distinction depends more on what researchers do with the data they have collected than with why or how they collected the data. But what does qualitative data analysis look like? Just as there are many ways to collect data in qualitative research, there are many ways to analyze data. Here we focus on one general approach called grounded theory (Glaser & Strauss, 1967) [9] . This approach was developed within the field of sociology in the 1960s and has gradually gained popularity in psychology. Remember that in quantitative research, it is typical for the researcher to start with a theory, derive a hypothesis from that theory, and then collect data to test that specific hypothesis. In qualitative research using grounded theory, researchers start with the data and develop a theory or an interpretation that is “grounded in” those data. They do this analysis in stages. First, they identify ideas that are repeated throughout the data. Then they organize these ideas into a smaller number of broader themes. Finally, they write a theoretical narrative —an interpretation of the data in terms of the themes that they have identified. This theoretical narrative focuses on the subjective experience of the participants and is usually supported by many direct quotations from the participants themselves. As an example, consider a study by researchers Laura Abrams and Laura Curran, who used the grounded theory approach to study the experience of postpartum depression symptoms among low-income mothers (Abrams & Curran, 2009) [10] . Their data were the result of unstructured interviews with 19 participants. Table 6.4 shows the five broad themes the researchers identified and the more specific repeating ideas that made up each of those themes. In their research report, they provide numerous quotations from their participants, such as this one from “Destiny:” Well, just recently my apartment was broken into and the fact that his Medicaid for some reason was cancelled so a lot of things was happening within the last two weeks all at one time. So that in itself I don’t want to say almost drove me mad but it put me in a funk.…Like I really was depressed. (p. 357) Their theoretical narrative focused on the participants’ experience of their symptoms, not as an abstract “affective disorder” but as closely tied to the daily struggle of raising children alone under often difficult circumstances. Table 6.4 Themes and Repeating Ideas in a Study of Postpartum Depression Among Low-Income Mothers. Based on Research by Abrams and Curran (2009). Theme Repeating ideas Ambivalence “I wasn’t prepared for this baby,” “I didn’t want to have any more children.” Caregiving overload “Please stop crying,” “I need a break,” “I can’t do this anymore.” Juggling “No time to breathe,” “Everyone depends on me,” “Navigating the maze.” Mothering alone “I really don’t have any help,” “My baby has no father.” Real-life worry “I don’t have any money,” “Will my baby be OK?” “It’s not safe here.” The Quantitative-Qualitative “Debate” Given their differences, it may come as no surprise that quantitative and qualitative research in psychology and related fields do not coexist in complete harmony. Some quantitative researchers criticize qualitative methods on the grounds that they lack objectivity, are difficult to evaluate in terms of reliability and validity, and do not allow generalization to people or situations other than those actually studied. At the same time, some qualitative researchers criticize quantitative methods on the grounds that they overlook the richness of human behavior and experience and instead answer simple questions about easily quantifiable variables. In general, however, qualitative researchers are well aware of the issues of objectivity, reliability, validity, and generalizability. In fact, they have developed a number of frameworks for addressing these issues (which are beyond the scope of our discussion). And in general, quantitative researchers are well aware of the issue of oversimplification. They do not believe that all human behavior and experience can be adequately described in terms of a small number of variables and the statistical relationships among them. Instead, they use simplification as a strategy for uncovering general principles of human behavior. Many researchers from both the quantitative and qualitative camps now agree that the two approaches can and should be combined into what has come to be called mixed-methods research (Todd, Nerlich, McKeown, & Clarke, 2004) [11] . (In fact, the studies by Lindqvist and colleagues and by Abrams and Curran both combined quantitative and qualitative approaches.) One approach to combining quantitative and qualitative research is to use qualitative research for hypothesis generation and quantitative research for hypothesis testing. Again, while a qualitative study might suggest that families who experience an unexpected suicide have more difficulty resolving the question of why, a well-designed quantitative study could test a hypothesis by measuring these specific variables in a large sample. A second approach to combining quantitative and qualitative research is referred to as triangulation . The idea is to use both quantitative and qualitative methods simultaneously to study the same general questions and to compare the results. If the results of the quantitative and qualitative methods converge on the same general conclusion, they reinforce and enrich each other. If the results diverge, then they suggest an interesting new question: Why do the results diverge and how can they be reconciled? Using qualitative research can often help clarify quantitative results via triangulation. Trenor, Yu, Waight, Zerda, and Sha (2008) [12] investigated the experience of female engineering students at a university. In the first phase, female engineering students were asked to complete a survey, where they rated a number of their perceptions, including their sense of belonging. Their results were compared across the student ethnicities, and statistically, the various ethnic groups showed no differences in their ratings of their sense of belonging. One might look at that result and conclude that ethnicity does not have anything to do with one's sense of belonging. However, in the second phase, the authors also conducted interviews with the students, and in those interviews, many minority students reported how the diversity of cultures at the university enhanced their sense of belonging. Without the qualitative component, we might have drawn the wrong conclusion about the quantitative results. This example shows how qualitative and quantitative research work together to help us understand human behavior. Some researchers have characterized qualitative research as best for identifying behaviors or the phenomenon whereas quantitative research is best for understanding meaning or identifying the mechanism. However, Bryman (2012) [13] argues for breaking down the divide between these arbitrarily different ways of investigating the same questions.",https://ecampusontario.pressbooks.pub/psychmethods3ecan/chapter/experimental-and-clinical-psychologists/
empirically-supported-treatments,empirically supported treatments,,https://ecampusontario.pressbooks.pub/psychmethods3ecan/chapter/experimental-and-clinical-psychologists/
research-literature,research literature,"Learning Objectives Define what survey research is, including its two important characteristics. Describe several different ways that survey research can be used and give some examples. What Is Survey Research? Survey research is a quantitative and qualitative method with two important characteristics. First, the variables of interest are measured using self-reports (using questionnaires or interviews). In essence, survey researchers ask their participants (who are often called respondents in survey research) to report directly on their own thoughts, feelings, and behaviors. Second, considerable attention is paid to the issue of sampling. In particular, survey researchers have a strong preference for large random samples because they provide the most accurate estimates of what is true in the population. In fact, survey research may be the only approach in psychology in which random sampling is routinely used. Beyond these two characteristics, almost anything goes in survey research. Surveys can be long or short. They can be conducted in person, by telephone, through the mail, or over the Internet. They can be about voting intentions, consumer preferences, social attitudes, health, or anything else that it is possible to ask people about and receive meaningful answers. Although survey data are often analyzed using statistics, there are many questions that lend themselves to more qualitative analysis. Most survey research is non-experimental. It is used to describe single variables (e.g., the percentage of voters who prefer one presidential candidate or another, the prevalence of schizophrenia in the general population, etc.) and also to assess statistical relationships between variables (e.g., the relationship between income and health). But surveys can also be used within experimental research. The study by Lerner and her colleagues is a good example. Their use of self-report measures and a large national sample identifies their work as survey research. But their manipulation of an independent variable (anger vs. fear) to assess its effect on a dependent variable (risk judgments) also identifies their work as experimental. History and Uses of Survey Research Survey research may have its roots in English and American “social surveys” conducted around the turn of the 20th century by researchers and reformers who wanted to document the extent of social problems such as poverty (Converse, 1987) [1] . By the 1930s, the US government was conducting surveys to document economic and social conditions in the country. The need to draw conclusions about the entire population helped spur advances in sampling procedures. At about the same time, several researchers who had already made a name for themselves in market research, studying consumer preferences for American businesses, turned their attention to election polling. A watershed event was the presidential election of 1936 between Alf Landon and Franklin Roosevelt. A magazine called Literary Digest conducted a survey by sending ballots (which were also subscription requests) to millions of Americans. Based on this “straw poll,” the editors predicted that Landon would win in a landslide. At the same time, the new pollsters were using scientific methods with much smaller samples to predict just the opposite—that Roosevelt would win in a landslide. In fact, one of them, George Gallup, publicly criticized the methods of Literary Digest before the election and all but guaranteed that his prediction would be correct. And of course, it was, demonstrating the effectiveness of careful survey methodology (We will consider the reasons that Gallup was right later in this chapter). Gallup's demonstration of the power of careful survey methods led later researchers to to local, and in 1948, the first national election survey by the Survey Research Center at the University of Michigan. This work eventually became the American National Election Studies ( https://electionstudies.org/ ) as a collaboration of Stanford University and the University of Michigan, and these studies continue today. From market research and election polling, survey research made its way into several academic fields, including political science, sociology, and public health—where it continues to be one of the primary approaches to collecting new data. Beginning in the 1930s, psychologists made important advances in questionnaire design, including techniques that are still used today, such as the Likert scale. (See “What Is a Likert Scale?” in Section 7.2 ""Constructing Survey Questionnaires"" .) Survey research has a strong historical association with the social psychological study of attitudes, stereotypes, and prejudice. Early attitude researchers were also among the first psychologists to seek larger and more diverse samples than the convenience samples of university students that were routinely used in psychology (and still are). Survey research continues to be important in psychology today. For example, survey data have been instrumental in estimating the prevalence of various mental disorders and identifying statistical relationships among those disorders and with various other factors. The National Comorbidity Survey is a large-scale mental health survey conducted in the United States (see http://www.hcp.med.harvard.edu/ncs ). In just one part of this survey, nearly 10,000 adults were given a structured mental health interview in their homes in 2002 and 2003. Table 7.1 presents results on the lifetime prevalence of some anxiety, mood, and substance use disorders. (Lifetime prevalence is the percentage of the population that develops the problem sometime in their lifetime.) Obviously, this kind of information can be of great use both to basic researchers seeking to understand the causes and correlates of mental disorders as well as to clinicians and policymakers who need to understand exactly how common these disorders are. Table 7.1 Some Lifetime Prevalence Results From the National Comorbidity Survey Lifetime prevalence* Disorder Total Female Male Generalized anxiety disorder 5.7 7.1 4.2 Obsessive-compulsive disorder 2.3 3.1 1.6 Major depressive disorder 16.9 20.2 13.2 Bipolar disorder 4.4 4.5 4.3 Alcohol abuse 13.2 7.5 19.6 Drug abuse 8.0 4.8 11.6 *The lifetime prevalence of a disorder is the percentage of people in the population that develop that disorder at any time in their lives. And as the opening example makes clear, survey research can even be used as a data collection method within experimental research to test specific hypotheses about causal relationships between variables. Such studies, when conducted on large and diverse samples, can be a useful supplement to laboratory studies conducted on university students. Survey research is thus a flexible approach that can be used to study a variety of basic and applied research questions.",https://ecampusontario.pressbooks.pub/psychmethods3ecan/chapter/finding-a-research-topic/
professional-journals,Professional journals,"Learning Objectives Describe the cognitive processes involved in responding to a survey item. Explain what a context effect is and give some examples. Create a simple survey questionnaire based on principles of effective item writing and organization. The heart of any survey research project is the survey itself. Although it is easy to think of interesting questions to ask people, constructing a good survey is not easy at all. The problem is that the answers people give can be influenced in unintended ways by the wording of the items, the order of the items, the response options provided, and many other factors. At best, these influences add noise to the data. At worst, they result in systematic biases and misleading results. In this section, therefore, we consider some principles for constructing surveys to minimize these unintended effects and thereby maximize the reliability and validity of respondents’ answers. Survey Responding as a Psychological Process Before looking at specific principles of survey construction, it will help to consider survey responding as a psychological process. A Cognitive Model Figure 7.1 presents a model of the cognitive processes that people engage in when responding to a survey item (Sudman, Bradburn, & Schwarz, 1996) [2] . Respondents must interpret the question, retrieve relevant information from memory, form a tentative judgment, convert the tentative judgment into one of the response options provided (e.g., a rating on a 1-to-7 scale), and finally edit their response as necessary. Figure 7.1 Model of the Cognitive Processes Involved in Responding to a Survey Item Consider, for example, the following questionnaire item: How many alcoholic drinks do you consume in a typical day? _____ a lot more than average _____ somewhat more than average _____ average _____ somewhat fewer than average _____ a lot fewer than average Although this item at first seems straightforward, it poses several difficulties for respondents. First, they must interpret the question. For example, they must decide whether “alcoholic drinks” include beer and wine (as opposed to just hard liquor) and whether a “typical day” is a typical weekday, typical weekend day, or both . Even though Chang and Krosnick (2003) [3] found that asking about “typical” behavior has been shown to be more valid than asking about “past” behavior, their study compared “typical week” to “past week” and may be different when considering typical weekdays or weekend days) . Once respondents have interpreted the question, they must retrieve relevant information from memory to answer it. But what information should they retrieve, and how should they go about retrieving it? They might think vaguely about some recent occasions on which they drank alcohol, they might carefully try to recall and count the number of alcoholic drinks they consumed last week, or they might retrieve some existing beliefs that they have about themselves (e.g., “I am not much of a drinker”). Then they must use this information to arrive at a tentative judgment about how many alcoholic drinks they consume in a typical day. For example, this mental calculation might mean dividing the number of alcoholic drinks they consumed last week by seven to come up with an average number per day. Then they must format this tentative answer in terms of the response options actually provided. In this case, the options pose additional problems of interpretation. For example, what does “average” mean, and what would count as “somewhat more” than average? Finally, they must decide whether they want to report the response they have come up with or whether they want to edit it in some way. For example, if they believe that they drink a lot more than average, they might not want to report that for fear of looking bad in the eyes of the researcher, so instead, they may opt to select the ""somewhat more than average"" response option. From this perspective, what at first appears to be a simple matter of asking people how much they drink (and receiving a straightforward answer from them) turns out to be much more complex. Context Effects on Survey Responses Again, this complexity can lead to unintended influences on respondents’ answers. These are often referred to as context effects because they are not related to the content of the item but to the context in which the item appears (Schwarz & Strack, 1990) [4] . For example, there is an item-order effect when the order in which the items are presented affects people’s responses. One item can change how participants interpret a later item or change the information that they retrieve to respond to later items. For example, researcher Fritz Strack and his colleagues asked college students about both their general life satisfaction and their dating frequency (Strack, Martin, & Schwarz, 1988) [5] . When the life satisfaction item came first, the correlation between the two was only −.12, suggesting that the two variables are only weakly related. But when the dating frequency item came first, the correlation between the two was +.66, suggesting that those who date more have a strong tendency to be more satisfied with their lives. Reporting the dating frequency first made that information more accessible in memory so that they were more likely to base their life satisfaction rating on it. The response options provided can also have unintended effects on people’s responses (Schwarz, 1999) [6] . For example, when people are asked how often they are “really irritated” and given response options ranging from “less than once a year” to “more than once a month,” they tend to think of major irritations and report being irritated infrequently. But when they are given response options ranging from “less than once a day” to “several times a month,” they tend to think of minor irritations and report being irritated frequently. People also tend to assume that middle response options represent what is normal or typical. So if they think of themselves as normal or typical, they tend to choose middle response options. For example, people are likely to report watching more television when the response options are centered on a middle option of 4 hours than when centered on a middle option of 2 hours. To mitigate against order effects, rotate questions and response items when there is no natural order. Counterbalancing or randomizing the order of presentation of the questions in online surveys are good practices for survey questions and can reduce response order effects that show that among undecided voters, the first candidate listed in a ballot receives a 2.5% boost simply by virtue of being listed first [7] ! Writing Survey Items Types of Items Questionnaire items can be either open-ended or closed-ended. Open-ended items simply ask a question and allow participants to answer in whatever way they choose. The following are examples of open-ended questionnaire items. “What is the most important thing to teach children to prepare them for life?” “Please describe a time when you were discriminated against because of your age.” “Is there anything else you would like to tell us about?” Open-ended items are useful when researchers do not know how participants might respond or when they want to avoid influencing their responses. Open-ended items are more qualitative in nature, so they tend to be used when researchers have more vaguely defined research questions—often in the early stages of a research project. Open-ended items are relatively easy to write because there are no response options to worry about. However, they take more time and effort on the part of participants, and they are more difficult for the researcher to analy z e because the answers must be transcribed, coded, and submitted to some form of qualitative analysis, such as content analysis. Another disadvantage is that respondents are more likely to skip open-ended items because they take longer to answer. It is best to use open-ended questions when the answer is unsure or for quantities which can easily be converted to categories later in the analysis. Closed-ended items ask a question and provide a set of response options for participants to choose from. The alcohol item just mentioned is an example, as are the following: How old are you? _____ Under 18 _____ 18 to 34 _____ 35 to 49 _____ 50 to 70 _____ Over 70 On a scale of 0 (no pain at all) to 10 (worst pain ever experienced), how much pain are you in right now? Have you ever in your adult life been depressed for a period of 2 weeks or more? Yes No Closed-ended items are used when researchers have a good idea of the different responses that participants might make. They are more quantitative in nature, so they are also used when researchers are interested in a well-defined variable or construct such as participants’ level of agreement with some statement, perceptions of risk, or frequency of a particular behavior. Closed-ended items are more difficult to write because they must include an appropriate set of response options. However, they are relatively quick and easy for participants to complete. They are also much easier for researchers to analyze because the responses can be easily converted to numbers and entered into a spreadsheet. For these reasons, closed-ended items are much more common. All closed-ended items include a set of response options from which a participant must choose. For categorical variables like sex, race, or political party preference, the categories are usually listed and participants choose the one (or ones) to which they belong. For quantitative variables, a rating scale is typically provided. A rating scale is an ordered set of responses that participants must choose from. Figure 7.2 shows several examples. The number of response options on a typical rating scale ranges from three to 11—although five and seven are probably most common. Five-point scales are best for unipolar scales where only one construct is tested, such as frequency (Never, Rarely, Sometimes, Often, Always). Seven-point scales are best for bipolar scales where there is a dichotomous spectrum, such as liking (Like very much, Like somewhat, Like slightly, Neither like nor dislike, Dislike slightly, Dislike somewhat, Dislike very much). For bipolar questions, it is useful to offer an earlier question that branches them into an area of the scale; if asking about liking ice cream, first ask “Do you generally like or dislike ice cream?” Once the respondent chooses like or dislike, refine it by offering them relevant choices from the seven-point scale. Branching improves both reliability and validity (Krosnick & Berent, 1993) [8] . Although you often see scales with numerical labels, it is best to only present verbal labels to the respondents but convert them to numerical values in the analyses. Avoid partial labels or length or overly specific labels. In some cases, the verbal labels can be supplemented with (or even replaced by) meaningful graphics. The last rating scale shown in Figure 7.3 is a visual-analog scale, on which participants make a mark somewhere along the horizontal line to indicate the magnitude of their response. Figure 7.2 Example Rating Scales for Closed-Ended Questionnaire Items What Is a Likert Scale? In reading about psychological research, you are likely to encounter the term Likert scale . Although this term is sometimes used to refer to almost any rating scale (e.g., a 0-to-10 life satisfaction scale), it has a much more precise meaning. In the 1930s, researcher Rensis Likert (pronounced LICK-ert) created a new approach for measuring people’s attitudes (Likert, 1932) [9] . It involves presenting people with several statements—including both favorable and unfavorable statements—about some person, group, or idea. Respondents then express their agreement or disagreement with each statement on a 5-point scale: Strongly Agree , Agree , Neither Agree nor Disagree , Disagree , Strongly Disagree . Numbers are assigned to each response a nd then summed across all items to produce a score representing the attitude toward the person, group, or idea. For items that are phrased in an opposite direction (e.g., negatively worded statements instead of positively worded statements), reverse coding is used so that the numerical scoring of statements also runs in the opposite direction. The entire set of items came to be called a Likert scale. Thus unless you are measuring people’s attitude toward something by assessing their level of agreement with several statements about it, it is best to avoid calling it a Likert scale. You are probably just using a “rating scale.” Writing Effective Items We can now consider some principles of writing questionnaire items that minimize unintended context effects and maximize the reliability and validity of participants’ responses. A rough guideline for writing questionnaire items is provided by the BRUSO model (Peterson, 2000) [10] . An acronym, BRUSO stands for “brief,” “relevant,” “unambiguous,” “specific,” and “objective.” Effective questionnaire items are brief and to the point. They avoid long, overly technical, or unnecessary words. This brevity makes them easier for respondents to understand and faster for them to complete. Effective questionnaire items are also relevant to the research question. If a respondent’s sexual orientation, marital status, or income is not relevant, then items on them should probably not be included. Again, this makes the questionnaire faster to complete, but it also avoids annoying respondents with what they will rightly perceive as irrelevant or even “nosy” questions. Effective questionnaire items are also unambiguous ; they can be interpreted in only one way. Part of the problem with the alcohol item presented earlier in this section is that different respondents might have different ideas about what constitutes “an alcoholic drink” or “a typical day.” Effective questionnaire items are also specific so that it is clear to respondents what their response should be about and clear to researchers what it is about. A common problem here is closed-ended items that are “double barrelled.” They ask about two conceptually separate issues but allow only one response. For example, “Please rate the extent to which you have been feeling anxious and depressed.” This item should probably be split into two separate items—one about anxiety and one about depression. Finally, effective questionnaire items are objective in the sense that they do not reveal the researcher’s own opinions or lead participants to answer in a particular way. Table 7.2 shows some examples of poor and effective questionnaire items based on the BRUSO criteria. The best way to know how people interpret the wording of the question is to conduct a pilot test and ask a few people to explain how they interpreted the question. Table 7.2 BRUSO Model of Writing Effective Questionnaire Items, Plus Examples Criterion Poor Effective B—Brief “Are you now or have you ever been the possessor of a firearm?” “Have you ever owned a gun?” R—Relevant “What is your sexual orientation?” Do not include this item unless it is clearly relevant to the research. U—Unambiguous “Are you a gun person?” “Do you currently own a gun?” S—Specific “How much have you read about the new gun control measure and sales tax?” “How much have you read about the new sales tax?” O—Objective “How much do you support the new gun control measure?” “What is your view of the new gun control measure?” For closed-ended items, it is also important to create an appropriate response scale. For categorical variables, the categories presented should generally be mutually exclusive and exhaustive. Mutually exclusive categories do not overlap. For a religion item, for example, the categories of Christian and Catholic are not mutually exclusive but Protestant and Catholic are mutually exclusive. Exhaustive categories cover all possible responses. Although Protestant and Catholic are mutually exclusive, they are not exhaustive because there are many other religious categories that a respondent might select: Jewish , Hindu , Buddhist , and so on. In many cases, it is not feasible to include every possible category, in which case an Other category, with a space for the respondent to fill in a more specific response, is a good solution. If respondents could belong to more than one category (e.g., race), they should be instructed to choose all categories that apply. For rating scales, five or seven response options generally allow about as much precision as respondents are capable of. However, numerical scales with more options can sometimes be appropriate. For dimensions such as attractiveness, pain, and likelihood, a 0-to-10 scale will be familiar to many respondents and easy for them to use. Regardless of the number of response options, the most extreme ones should generally be “balanced” around a neutral or modal midpoint. An example of an unbalanced rating scale measuring perceived likelihood might look like this: Unlikely | Somewhat Likely | Likely | Very Likely | Extremely Likely A balanced version might look like this: Extremely Unlikely | Somewhat Unlikely | As Likely as Not | Somewhat Likely | Extremely Likely Note, however, that a middle or neutral response option does not have to be included. Researchers sometimes choose to leave it out because they want to encourage respondents to think more deeply about their response and not simply choose the middle option by default. However, including middle alternatives on bipolar dimensions can be used to allow people to choose an option that is neither. ""Question"" retrieved from http://imgs.xkcd.com/comics/question.png (CC-BY-NC 2.5) Formatting the Survey Writing effective items is only one part of constructing a survey. For one thing, every survey should have a written or spoken introduction that serves two basic functions (Peterson, 2000) [11] . One is to encourage respondents to participate in the survey. In many types of research, such encouragement is not necessary either because participants do not know they are in a study (as in naturalistic observation) or because they are part of a subject pool and have already shown their willingness to participate by signing up and showing up for the study. Survey research usually catches respondents by surprise when they answer their phone, go to their mailbox, or check their e-mail—and the researcher must make a good case for why they should agree to participate. Thus the introduction should briefly explain the purpose of the survey and its importance, provide information about the sponsor of the survey (university-based surveys tend to generate higher response rates), acknowledge the importance of the respondent’s participation, and describe any incentives for participating. The second function of the introduction is to establish informed consent. Remember that this involves describing to respondents everything that might affect their decision to participate. This includes the topics covered by the survey, the amount of time it is likely to take, the respondent’s option to withdraw at any time, confidentiality issues, and so on. Written consent forms are not always used in survey research (when the research is of minimal risk and completion of the survey instrument is often accepted by the IRB as evidence of consent to participate), so it is important that this part of the introduction be well documented and presented clearly and in its entirety to every respondent. The introduction should be followed by the substantive questionnaire items. But first, it is important to present clear instructions for completing the questionnaire, including examples of how to use any unusual response scales. Remember that the introduction is the point at which respondents are usually most interested and least fatigued, so it is good practice to start with the most important items for purposes of the research and proceed to less important items. Items should also be grouped by topic or by type. For example, items using the same rating scale (e.g., a 5-point agreement scale) should be grouped together if possible to make things faster and easier for respondents. Demographic items are often presented last because they are least interesting to participants but also easy to answer in the event respondents have become tired or bored. Of course, any survey should end with an expression of appreciation to the respondent.",https://ecampusontario.pressbooks.pub/psychmethods3ecan/chapter/finding-a-research-topic/
empirical-research-reports,Empirical research reports,"Learning Objectives Explain the difference between probability and non-probability sampling, and describe the major types of probability sampling. Define sampling bias in general and non-response bias in particular. List some techniques that can be used to increase the response rate and reduce non-response bias. List the four major ways to conduct a survey along with some pros and cons of each. In this section, we consider how to go about conducting a survey. We first consider the issue of sampling, followed by some different methods of actually collecting survey data. Sampling Essentially all psychological research involves sampling—selecting a sample to study from the population of interest. Sampling falls into two broad categories. The first category, Probability sampling , occurs when the researcher can specify the probability that each member of the population will be selected for the sample. The second is Non-probability sampling , which occurs when the researcher cannot specify these probabilities. Most psychological research involves non-probability sampling. For example, Convenience sampling —studying individuals who happen to be nearby and willing to participate—is a very common form of non-probability sampling used in psychological research. Other forms of non-probability sampling include snowball sampling (in which existing research participants help recruit additional participants for the study), quota sampling (in which subgroups in the sample are recruited to be proportional to those subgroups in the population), and self-selection sampling (in which individuals choose to take part in the research on their own accord, without being approached by the researcher directly). Survey researchers, however, are much more likely to use some form of probability sampling. This tendency is because the goal of most survey research is to make accurate estimates about what is true in a particular population, and these estimates are most accurate when based on a probability sample. For example, it is important for survey researchers to base their estimates of election outcomes—which are often decided by only a few percentage points—on probability samples of likely registered voters. Compared with non-probability sampling, probability sampling requires a very clear specification of the population, which of course depends on the research questions to be answered. The population might be all registered voters in Washington State , all American consumers who have purchased a car in the past year, women in the Seattle over 40 years old who have received a mammogram in the past decade, or all the alumni of a particular university. Once the population has been specified, probability sampling requires a sampling frame . This sampling frame is essentially a list of all the members of the population from which to select the respondents. Sampling frames can come from a variety of sources, including telephone directories, lists of registered voters, and hospital or insurance records. In some cases, a map can serve as a sampling frame, allowing for the selection of cities, streets, or households. There are a variety of different probability sampling methods. Simple random sampling is done in such a way that each individual in the population has an equal probability of being selected for the sample. This type of sampling could involve putting the names of all individuals in the sampling frame into a hat, mixing them up, and then drawing out the number needed for the sample. Given that most sampling frames take the form of computer files, random sampling is more likely to involve computerized sorting or selection of respondents. A common approach in telephone surveys is random-digit dialing, in which a computer randomly generates phone numbers from among the possible phone numbers within a given geographic area. A common alternative to simple random sampling is stratified random sampling , in which the population is divided into different subgroups or “strata” (usually based on demographic characteristics) and then a random sample is taken from each “stratum.” Proportionate stratified random sampling can be used to select a sample in which the proportion of respondents in each of various subgroups matches the proportion in the population. For example, because about 12.6 % of the American population is African American , stratified random sampling can be used to ensure that a survey of 1,000 American adults includes about 126 African-American respondents. Disproportionate stratified random sampling can also be used to sample extra respondents from particularly small subgroups—allowing valid conclusions to be drawn about those subgroups. For example, because Asian Americans make up a relatively small percentage of the American population (about 5.6 %), a simple random sample of 1,000 American adults might include too few Asian Americans to draw any conclusions about them as distinct from any other subgroup. If representation is important to the research question, however, then disproportionate stratified random sampling could be used to ensure that enough Asian-American respondents are included in the sample to draw valid conclusions about Asian American s a whole. Yet another type of probability sampling is cluster sampling , in which larger clusters of individuals are randomly sampled and then individuals within each cluster are randomly sampled. This is the only probability sampling method that does not require a sampling frame. For example, to select a sample of small-town residents in Washington , a researcher might randomly select several small towns and then randomly select several individuals within each town. Cluster sampling is especially useful for surveys that involve face-to-face interviewing because it minimizes the amount of traveling that the interviewers must do. For example, instead of traveling to 200 small towns to interview 200 residents, a research team could travel to 10 small towns and interview 20 residents of each. The National Comorbidity Survey was done using a form of cluster sampling. How large does a survey sample need to be? In general, this estimate depends on two factors. One is the level of confidence in the result that the researcher wants. The larger the sample, the closer any statistic based on that sample will tend to be to the corresponding value in the population. The other factor is a practical constraint in the form of the budget of the study. Larger samples provide greater confidence, but they take more time, effort, and money to obtain. Taking these two factors into account, most survey research uses sample sizes that range from about 100 to about 1,000. Conducting a power analysis prior to launching the survey helps to guide the researcher in making this trade-off. Sample Size and Population Size Why is a sample of about 1,000 considered to be adequate for most survey research—even when the population is much larger than that? Consider, for example, that a sample of only 1,000 American adults is generally considered a good sample of the roughly 252 million adults in the American population—even though it includes only about 0.000004% of the population! The answer is a bit surprising. One part of the answer is that a statistic based on a larger sample will tend to be closer to the population value and that this can be characterized mathematically. Imagine, for example, that in a sample of registered voters, exactly 50% say they intend to vote for the incumbent. If there are 100 voters in this sample, then there is a 95% chance that the true percentage in the population is between 40 and 60. But if there are 1,000 voters in the sample, then there is a 95% chance that the true percentage in the population is between 47 and 53. Although this “95% confidence interval” continues to shrink as the sample size increases, it does so at a slower rate. For example, if there are 2,000 voters in the sample, then this reduction only reduces the 95% confidence interval to 48 to 52. In many situations, the small increase in confidence beyond a sample size of 1,000 is not considered to be worth the additional time, effort, and money. Another part of the answer—and perhaps the more surprising part—is that confidence intervals depend only on the size of the sample and not on the size of the population. So a sample of 1,000 would produce a 95% confidence interval of 47 to 53 regardless of whether the population size was a hundred thousand, a million, or a hundred million. Sampling Bias Probability sampling was developed in large part to address the issue of sampling bias. Sampling bias occurs when a sample is selected in such a way that it is not representative of the entire population and therefore produces inaccurate results. This bias was the reason that the Literary Digest straw poll was so far off in its prediction of the 1936 presidential election. The mailing lists used came largely from telephone directories and lists of registered automobile owners, which over-represented wealthier people, who were more likely to vote for Landon. Gallup was successful because he knew about this bias and found ways to sample less wealthy people as well. There is one form of sampling bias that even careful random sampling is subject to. It is almost never the case that everyone selected for the sample actually responds to the survey. Some may have died or moved away, and others may decline to participate because they are too busy, are not interested in the survey topic, or do not participate in surveys on principle. If these survey non-responders differ from survey responders in systematic ways, then this difference can produce non-response bias . For example, in a mail survey on alcohol consumption, researcher Vivienne Lahaut and colleagues found that only about half the sample responded after the initial contact and two follow-up reminders (Lahaut, Jansen, van de Mheen, & Garretsen, 2002) [12] . The danger here is that the half who responded might have different patterns of alcohol consumption than the half who did not, which could lead to inaccurate conclusions on the part of the researchers. So to test for non-response bias, the researchers later made unannounced visits to the homes of a subset of the non-responders—coming back up to five times if they did not find them at home. They found that the original non-responders included an especially high proportion of abstainers (nondrinkers), which meant that their estimates of alcohol consumption based only on the original responders were too high. Although there are methods for statistically correcting for non-response bias, they are based on assumptions about the non-responders—for example, that they are more similar to late responders than to early responders—which may not be correct. For this reason, the best approach to minimizing non-response bias is to minimize the number of non-responders—that is, to maximize the response rate. There is a large research literature on the factors that affect survey response rates (Groves et al., 2004) [13] . In general, in-person interviews have the highest response rates, followed by telephone surveys, and then mail and Internet surveys. Among the other factors that increase response rates are sending potential respondents a short pre-notification message informing them that they will be asked to participate in a survey in the near future and sending simple follow-up reminders to non-responders after a few weeks. The perceived length and complexity of the survey can also make a difference, which is why it is important to keep survey questionnaires as short, simple, and on topic as possible. Finally, offering an incentive—especially cash—is a reliable way to increase response rates. However, ethically, there are limits to offering incentives that may be so large as to be considered coercive. Conducting the Survey The four main ways to conduct surveys are through in-person interviews, by telephone, through the mail, and over the internet. As with other aspects of survey design, the choice depends on both the researcher’s goals and the budget. In-person interviews have the highest response rates and provide the closest personal contact with respondents. Personal contact can be important, for example, when the interviewer must see and make judgments about respondents, as is the case with some mental health interviews. But in-person interviewing is by far the most costly approach. Telephone surveys have lower response rates and still provide some personal contact with respondents. They can also be costly but are generally less so than in-person interviews. Traditionally, telephone directories have provided fairly comprehensive sampling frames. However, this trend is less true today as more people choose to only have cell phones and do not install land lines that would be included in telephone directories. Mail surveys are less costly still but generally have even lower response rates—making them most susceptible to non-response bias. Not surprisingly, internet surveys are becoming more common. They are increasingly easy to construct and use (see “Online Survey Creation”). Although initial contact can be made by mail with a link provided to the survey, this approach does not necessarily produce higher response rates than an ordinary mail survey. A better approach is to make initial contact by email with a link directly to the survey. This approach can work well when the population consists of the members of an organization who have known email addresses and regularly use them (e.g., a university community). For other populations, it can be difficult or impossible to find a comprehensive list of email addresses to serve as a sampling frame. Alternatively, a request to participate in the survey with a link to it can be posted on websites known to be visited by members of the population. But again it is very difficult to get anything approaching a random sample this way because the members of the population who visit the websites are likely to be different from the population as a whole. However, internet survey methods are in rapid development. Because of their low cost, and because more people are online than ever before, internet surveys are likely to become the dominant approach to survey data collection in the near future. Finally, it is important to note that some of the concerns that people have about collecting data online (e.g., that internet-based findings differ from those obtained with other methods) have been found to be myths. Table 7.3 (adapted from Gosling, Vazire, Srivastava, & John, 2004) [14] addresses three such preconceptions about data collected in web-based studies: Table 7.3 Some Preconceptions and Findings Pertaining to Web-based Studies Preconception Finding Internet samples are not demographically diverse Internet samples are more diverse than traditional samples in many domains, although they are not completely representative of the population Internet samples are maladjusted, socially isolated, or depressed Internet users do not differs from nonusers on markers of adjustment and depression Internet-based findings differ from those obtained with other methods Evidence so far suggests that internet-based findings are consistent with findings based on traditional methods (e.g., on self-esteem, personality), but more data are needed. Online Survey Creation There are now several online tools for creating online questionnaires. After a questionnaire is created, a link to it can then be emailed to potential respondents or embedded in a web page. The following websites are among those that offer free accounts. Although the free accounts limit the number of questionnaire items and the number of respondents, they can be useful for doing small-scale surveys and for practicing the principles of good questionnaire construction. Here are some commonly used online survey tools: SurveyMonkey— https://surveymonkey.com PsyToolkit— https://www.psytoolkit.org/ (free, noncommercial, and does many experimental paradigms) Qualtrics— https://www.qualtrics.com/ PsycData— https://www.psychdata.com/ A small note of caution: the data from US survey software are held on US servers, and are subject to be seized as granted through the Patriot Act. To avoid infringing on any rights, the following is a list of online survey sites that are hosted in Canada: Fluid Surveys— http://fluidsurveys.com/ Simple Survey— http://www.simplesurvey.com/ Lime Survey— https://www.limesurvey.org There are also survey sites hosted in other countries outside of North America. Another new tool for survey researchers is Mechanical Turk (MTurk) created by Amazon.com https://www.mturk.com Originally created for simple usability testing, MTurk has a database of over 500,000 workers from over 190 countries [15] . You can put simple tasks (for example, different question wording to test your survey items), set parameters as your sample frame dictates and deploy your experiment at a very low cost (for example, a few cents for less than 5 minutes). MTurk has been lauded as an inexpensive way to gather high-quality data (Buhrmester, Kwang, & Gosling, 2011) [16] .",https://ecampusontario.pressbooks.pub/psychmethods3ecan/chapter/finding-a-research-topic/
review-articles,Review articles,"Learning Objectives Explain what quasi-experimental research is and distinguish it clearly from both experimental and correlational research. Describe three different types of one-group quasi-experimental designs. Identify the threats to internal validity associated with each of these designs. One-Group Posttest Only Design In a one-group posttest only design , a treatment is implemented (or an independent variable is manipulated) and then a dependent variable is measured once after the treatment is implemented. Imagine, for example, a researcher who is interested in the effectiveness of an anti-drug education program on elementary school students’ attitudes toward illegal drugs. The researcher could implement the anti-drug program, and then immediately after the program ends, the researcher could measure students' attitudes toward illegal drugs. This is the weakest type of quasi-experimental design. A major limitation to this design is the lack of a control or comparison group. There is no way to determine what the attitudes of these students would have been if they hadn’t completed the anti-drug program. Despite this major limitation, results from this design are frequently reported in the media and are often misinterpreted by the general population. For instance, advertisers might claim that 80% of women noticed their skin looked bright after using Brand X cleanser for a month. If there is no comparison group, then this statistic means little to nothing. One-Group Pretest-Posttest Design In a one-group pretest-posttest design , the dependent variable is measured once before the treatment is implemented and once after it is implemented. Let's return to the example of a researcher who is interested in the effectiveness of an anti-drug education program on elementary school students’ attitudes toward illegal drugs. The researcher could measure the attitudes of students at a particular elementary school during one week, implement the anti-drug program during the next week, and finally, measure their attitudes again the following week. The pretest-posttest design is much like a within-subjects experiment in which each participant is tested first under the control condition and then under the treatment condition. It is unlike a within-subjects experiment, however, in that the order of conditions is not counterbalanced because it typically is not possible for a participant to be tested in the treatment condition first and then in an “untreated” control condition. If the average posttest score is better than the average pretest score (e.g., attitudes toward illegal drugs are more negative after the anti-drug educational program), then it makes sense to conclude that the treatment might be responsible for the improvement. Unfortunately, one often cannot conclude this with a high degree of certainty because there may be other explanations for why the posttest scores may have changed. These alternative explanations pose threats to internal validity. One alternative explanation goes under the name of history . Other things might have happened between the pretest and the posttest that caused a change from pretest to posttest. Perhaps an anti-drug program aired on television and many of the students watched it, or perhaps a celebrity died of a drug overdose and many of the students heard about it. Another alternative explanation goes under the name of maturation . Participants might have changed between the pretest and the posttest in ways that they were going to anyway because they are growing and learning. If it were a year long anti-drug program, participants might become less impulsive or better reasoners and this might be responsible for the change in their attitudes toward illegal drugs. Another threat to the internal validity of one-group pretest-posttest designs is testing , which refers to when the act of measuring the dependent variable during the pretest affects participants' responses at posttest. For instance, completing the measure of attitudes towards illegal drugs may have had an effect on those attitudes. Simply completing this measure may have inspired further thinking and conversations about illegal drugs that then produced a change in posttest scores. Similarly, instrumentation can be a threat to the internal validity of studies using this design. Instrumentation refers to when the basic characteristics of the measuring instrument change over time. When human observers are used to measure behavior, they may over time gain skill, become fatigued, or change the standards on which observations are based. So participants may have taken the measure of attitudes toward illegal drugs very seriously during the pretest when it was novel but then they may have become bored with the measure at posttest and been less careful in considering their responses. Another alternative explanation for a change in the dependent variable in a pretest-posttest design is regression to the mean . This refers to the statistical fact that an individual who scores extremely high or extremely low on a variable on one occasion will tend to score less extremely on the next occasion. For example, a bowler with a long-term average of 150 who suddenly bowls a 220 will almost certainly score lower in the next game. Her score will “regress” toward her mean score of 150. Regression to the mean can be a problem when participants are selected for further study because of their extreme scores. Imagine, for example, that only students who scored especially high on the test of attitudes toward illegal drugs (those with extremely favorable attitudes toward drugs) were given the anti-drug program and then were retested. Regression to the mean all but guarantees that their scores will be lower at the posttest even if the training program has no effect. A closely related concept—and an extremely important one in psychological research—is spontaneous remission . This is the tendency for many medical and psychological problems to improve over time without any form of treatment. The common cold is a good example. If one were to measure symptom severity in 100 common cold sufferers today, give them a bowl of chicken soup every day, and then measure their symptom severity again in a week, they would probably be much improved. This does not mean that the chicken soup was responsible for the improvement, however, because they would have been much improved without any treatment at all. The same is true of many psychological problems. A group of severely depressed people today is likely to be less depressed on average in 6 months. In reviewing the results of several studies of treatments for depression, researchers Michael Posternak and Ivan Miller found that participants in waitlist control conditions improved an average of 10 to 15% before they received any treatment at all (Posternak & Miller, 2001) [17] . Thus one must generally be very cautious about inferring causality from pretest-posttest designs. A common approach to ruling out the threats to internal validity described above is by revisiting the research design to include a control group, one that does not receive the treatment effect. A control group would be subject to the same threats from history, maturation, testing, instrumentation, regression to the mean, and spontaneous remission and so would allow the researcher to measure the actual effect of the treatment (if any). Of course, including a control group would mean that this is no longer a one-group design. Does Psychotherapy Work? Early studies on the effectiveness of psychotherapy tended to use pretest-posttest designs. In a classic 1952 article, researcher Hans Eysenck summarized the results of 24 such studies showing that about two thirds of patients improved between the pretest and the posttest (Eysenck, 1952) [18] . But Eysenck also compared these results with archival data from state hospital and insurance company records showing that similar patients recovered at about the same rate without receiving psychotherapy. This parallel suggested to Eysenck that the improvement that patients showed in the pretest-posttest studies might be no more than spontaneous remission. Note that Eysenck did not conclude that psychotherapy was ineffective. He merely concluded that there was no evidence that it was, and he wrote of “the necessity of properly planned and executed experimental studies into this important field” (p. 323). You can read the entire article here: http://psychclassics.yorku.ca/Eysenck/psychotherapy.htm Fortunately, many other researchers took up Eysenck’s challenge, and by 1980 hundreds of experiments had been conducted in which participants were randomly assigned to treatment and control conditions, and the results were summarized in a classic book by Mary Lee Smith, Gene Glass, and Thomas Miller (Smith, Glass, & Miller, 1980) [19] . They found that overall psychotherapy was quite effective, with about 80% of treatment participants improving more than the average control participant. Subsequent research has focused more on the conditions under which different types of psychotherapy are more or less effective. Interrupted Time Series Design A variant of the pretest-posttest design is the interrupted time-series desig n . A time series is a set of measurements taken at intervals over a period of time. For example, a manufacturing company might measure its workers’ productivity each week for a year. In an interrupted time series-design, a time series like this one is “interrupted” by a treatment. In one classic example, the treatment was the reduction of the work shifts in a factory from 10 hours to 8 hours (Cook & Campbell, 1979) [20] . Because productivity increased rather quickly after the shortening of the work shifts, and because it remained elevated for many months afterward, the researcher concluded that the shortening of the shifts caused the increase in productivity. Notice that the interrupted time-series design is like a pretest-posttest design in that it includes measurements of the dependent variable both before and after the treatment. It is unlike the pretest-posttest design, however, in that it includes multiple pretest and posttest measurements. Figure 8.1 shows data from a hypothetical interrupted time-series study. The dependent variable is the number of student absences per week in a research methods course. The treatment is that the instructor begins publicly taking attendance each day so that students know that the instructor is aware of who is present and who is absent. The top panel of Figure 8.1 shows how the data might look if this treatment worked. There is a consistently high number of absences before the treatment, and there is an immediate and sustained drop in absences after the treatment. The bottom panel of Figure 8.1 shows how the data might look if this treatment did not work. On average, the number of absences after the treatment is about the same as the number before. This figure also illustrates an advantage of the interrupted time-series design over a simpler pretest-posttest design. If there had been only one measurement of absences before the treatment at Week 7 and one afterward at Week 8, then it would have looked as though the treatment were responsible for the reduction. The multiple measurements both before and after the treatment suggest that the reduction between Weeks 7 and 8 is nothing more than normal week-to-week variation. Figure 8.1 A Hypothetical Interrupted Time-Series Design. The top panel shows data that suggest that the treatment caused a reduction in absences. The bottom panel shows data that suggest that it did not.",https://ecampusontario.pressbooks.pub/psychmethods3ecan/chapter/finding-a-research-topic/
theoretical-article,theoretical article,"In Chapter 1 we briefly described a study conducted by Simone Schnall and her colleagues, in which they found that washing one’s hands leads people to view moral transgressions as less wrong (Schnall, Benton, & Harvey, 2008) [21] . In a different but related study, Schnall and her colleagues investigated whether feeling physically disgusted causes people to make harsher moral judgments (Schnall, Haidt, Clore, & Jordan, 2008) [22] . In this experiment, they manipulated participants’ feelings of disgust by testing them in either a clean room or a messy room that contained dirty dishes, an overflowing wastebasket, and a chewed-up pen. They also used a self-report questionnaire to measure the amount of attention that people pay to their own bodily sensations. They called this “private body consciousness.” They measured their primary dependent variable, the harshness of people’s moral judgments, by describing different behaviors (e.g., eating one’s dead dog, failing to return a found wallet) and having participants rate the moral acceptability of each one on a scale of 1 to 7. Finally, the researchers asked participants to rate their current level of disgust and other emotions. The primary results of this study were that participants in the messy room were, in fact, more disgusted and made harsher moral judgments than participants in the clean room—but only if they scored relatively high in private body consciousness. The research designs we have considered so far have been simple—focusing on a question about one variable or about a relationship between two variables. But in many ways, the complex design of this experiment undertaken by Schnall and her colleagues is more typical of research in psychology. Fortunately, we have already covered the basic elements of such designs in previous chapters. In this chapter, we look closely at how and why researchers use factorial designs , which are experiments that include more than one independent variable.",https://ecampusontario.pressbooks.pub/psychmethods3ecan/chapter/finding-a-research-topic/
meta-analysis,meta-analysis,"Learning Objectives Use frequency tables and histograms to display and interpret the distribution of a variable. Compute and interpret the mean, median, and mode of a distribution and identify situations in which the mean, median, or mode is the most appropriate measure of central tendency. Compute and interpret the range and standard deviation of a distribution. Compute and interpret percentile ranks and z scores. Descriptive statistics refers to a set of techniques for summarizing and displaying data. Let us assume here that the data are quantitative and consist of scores on one or more variables for each of several study participants. Although in most cases the primary research question will be about one or more statistical relationships between variables, it is also important to describe each variable individually. For this reason, we begin by looking at some of the most common techniques for describing single variables. The Distribution of a Variable Every variable has a distribution , which is the way the scores are distributed across the levels of that variable. For example, in a sample of 100 university students, the distribution of the variable “number of siblings” might be such that 10 of them have no siblings, 30 have one sibling, 40 have two siblings, and so on. In the same sample, the distribution of the variable “sex” might be such that 44 have a score of “male” and 56 have a score of “female.” Frequency Tables One way to display the distribution of a variable is in a frequency table . Table 12.1, for example, is a frequency table showing a hypothetical distribution of scores on the Rosenberg Self-Esteem Scale for a sample of 40 college students. The first column lists the values of the variable—the possible scores on the Rosenberg scale—and the second column lists the frequency of each score. This table shows that there were three students who had self-esteem scores of 24, five who had self-esteem scores of 23, and so on. From a frequency table like this, one can quickly see several important aspects of a distribution, including the range of scores (from 15 to 24), the most and least common scores (22 and 17, respectively), and any extreme scores that stand out from the rest. Table 12.1 Frequency Table Showing a Hypothetical Distribution of Scores on the Rosenberg Self-Esteem Scale Self-esteem Frequency 24 3 23 5 22 10 21 8 20 5 19 3 18 3 17 0 16 2 15 1 There are a few other points worth noting about frequency tables. First, the levels listed in the first column usually go from the highest at the top to the lowest at the bottom, and they usually do not extend beyond the highest and lowest scores in the data. For example, although scores on the Rosenberg scale can vary from a high of 30 to a low of 0, Table 12.1 only includes levels from 24 to 15 because that range includes all the scores in this particular data set. Second, when there are many different scores across a wide range of values, it is often better to create a grouped frequency table, in which the first column lists ranges of values and the second column lists the frequency of scores in each range. Table 12.2, for example, is a grouped frequency table showing a hypothetical distribution of simple reaction times for a sample of 20 participants. In a grouped frequency table, the ranges must all be of equal width, and there are usually between five and 15 of them. Finally, frequency tables can also be used for categorical variables, in which case the levels are category labels. The order of the category labels is somewhat arbitrary, but they are often listed from the most frequent at the top to the least frequent at the bottom. Table 12.2 A Grouped Frequency Table Showing a Hypothetical Distribution of Reaction Times Reaction time (ms) Frequency 241–260 1 221–240 2 201–220 2 181–200 9 161–180 4 141–160 2 Histograms A histogram is a graphical display of a distribution. It presents the same information as a frequency table but in a way that is even quicker and easier to grasp. The histogram in Figure 12.1 presents the distribution of self-esteem scores in Table 12.1. The x- axis of the histogram represents the variable and the y- axis represents frequency. Above each level of the variable on the x- axis is a vertical bar that represents the number of individuals with that score. When the variable is quantitative, as in this example, there is usually no gap between the bars. When the variable is categorical, however, there is usually a small gap between them. (The gap at 17 in this histogram reflects the fact that there were no scores of 17 in this data set.) Figure 12.1 Histogram Showing the Distribution of Self-Esteem Scores Presented in Table 12.1 Distribution Shapes When the distribution of a quantitative variable is displayed in a histogram, it has a shape. The shape of the distribution of self-esteem scores in Figure 12.1 is typical. There is a peak somewhere near the middle of the distribution and “tails” that taper in either direction from the peak. The distribution of Figure 12.1 is unimodal, meaning it has one distinct peak, but distributions can also be bimodal, meaning they have two distinct peaks. Figure 12.2, for example, shows a hypothetical bimodal distribution of scores on the Beck Depression Inventory. Distributions can also have more than two distinct peaks, but these are relatively rare in psychological research. Figure 12.2 Histogram Showing a Hypothetical Bimodal Distribution of Scores on the Beck Depression Inventory Another characteristic of the shape of a distribution is whether it is symmetrical or skewed. The distribution in the center of Figure 12.3 is symmetrical . Its left and right halves are mirror images of each other. The distribution on the left is negatively skewed , with its peak shifted toward the upper end of its range and a relatively long negative tail. The distribution on the right is positively skewed, with its peak toward the lower end of its range and a relatively long positive tail. Figure 12.3 Histograms Showing Negatively Skewed, Symmetrical, and Positively Skewed Distributions An outlier is an extreme score that is much higher or lower than the rest of the scores in the distribution. Sometimes outliers represent truly extreme scores on the variable of interest. For example, on the Beck Depression Inventory, a single clinically depressed person might be an outlier in a sample of otherwise happy and high-functioning peers. However, outliers can also represent errors or misunderstandings on the part of the researcher or participant, equipment malfunctions, or similar problems. We will say more about how to interpret outliers and what to do about them later in this chapter. Measures of Central Tendency and Variability It is also useful to be able to describe the characteristics of a distribution more precisely. Here we look at how to do this in terms of two important characteristics: their central tendency and their variability. Central Tendency The central tendency of a distribution is its middle—the point around which the scores in the distribution tend to cluster. (Another term for central tendency is average .) Looking back at Figure 12.1, for example, we can see that the self-esteem scores tend to cluster around the values of 20 to 22. Here we will consider the three most common measures of central tendency: the mean, the median, and the mode. The mean of a distribution (symbolized M ) is the sum of the scores divided by the number of scores. It is an average. As a formula, it looks like this: M = ΣX / N In this formula, the symbol Σ (the Greek letter sigma) is the summation sign and means to sum across the values of the variable X . N represents the number of scores. The mean is by far the most common measure of central tendency, and there are some good reasons for this. It usually provides a good indication of the central tendency of a distribution, and it is easily understood by most people. In addition, the mean has statistical properties that make it especially useful in doing inferential statistics. An alternative to the mean is the median . The median is the middle score in the sense that half the scores in the distribution are less than it and half are greater than it. The simplest way to find the median is to organize the scores from lowest to highest and locate the score in the middle. Consider, for example, the following set of seven scores: 8 4 12 14 3 2 3 To find the median, simply rearrange the scores from lowest to highest and locate the one in the middle. 2 3 3 4 8 12 14 In this case, the median is 4 because there are three scores lower than 4 and three scores higher than 4. When there is an even number of scores, there are two scores in the middle of the distribution, in which case the median is the value halfway between them. For example, if we were to add a score of 15 to the preceding data set, there would be two scores (both 4 and 8) in the middle of the distribution, and the median would be halfway between them (6). One final measure of central tendency is the mode. The mode is the most frequent score in a distribution. In the self-esteem distribution presented in Table 12.1 and Figure 12.1, for example, the mode is 22. More students had that score than any other. The mode is the only measure of central tendency that can also be used for categorical variables. In a distribution that is both unimodal and symmetrical, the mean, median, and mode will be very close to each other at the peak of the distribution. In a bimodal or asymmetrical distribution, the mean, median, and mode can be quite different. In a bimodal distribution, the mean and median will tend to be between the peaks, while the mode will be at the tallest peak. In a skewed distribution, the mean will differ from the median in the direction of the skew (i.e., the direction of the longer tail). For highly skewed distributions, the mean can be pulled so far in the direction of the skew that it is no longer a good measure of the central tendency of that distribution. Imagine, for example, a set of four simple reaction times of 200, 250, 280, and 250 milliseconds (ms). The mean is 245 ms. But the addition of one more score of 5,000 ms—perhaps because the participant was not paying attention—would raise the mean to 1,445 ms. Not only is this measure of central tendency greater than 80% of the scores in the distribution, but it also does not seem to represent the behavior of anyone in the distribution very well. This is why researchers often prefer the median for highly skewed distributions (such as distributions of reaction times). Keep in mind, though, that you are not required to choose a single measure of central tendency in analyzing your data. Each one provides slightly different information, and all of them can be useful. Measures of Variability The variability of a distribution is the extent to which the scores vary around their central tendency. Consider the two distributions in Figure 12.4, both of which have the same central tendency. The mean, median, and mode of each distribution are 10. Notice, however, that the two distributions differ in terms of their variability. The top one has relatively low variability, with all the scores relatively close to the center. The bottom one has relatively high variability, with the scores are spread across a much greater range. Figure 12.4 Histograms Showing Hypothetical Distributions With the Same Mean, Median, and Mode (10) but With Low Variability (Top) and High Variability (Bottom) One simple measure of variability is the range , which is simply the difference between the highest and lowest scores in the distribution. The range of the self-esteem scores in Table 12.1, for example, is the difference between the highest score (24) and the lowest score (15). That is, the range is 24 − 15 = 9. Although the range is easy to compute and understand, it can be misleading when there are outliers. Imagine, for example, an exam on which all the students scored between 90 and 100. It has a range of 10. But if there was a single student who scored 20, the range would increase to 80—giving the impression that the scores were quite variable when in fact only one student differed substantially from the rest. By far the most common measure of variability is the standard deviation. The standard deviation of a distribution is the average distance between the scores and the mean. For example, the standard deviations of the distributions in Figure 12.4 are 1.69 for the top distribution and 4.30 for the bottom one. That is, while the scores in the top distribution differ from the mean by about 1.69 units on average, the scores in the bottom distribution differ from the mean by about 4.30 units on average. Computing the standard deviation involves a slight complication. Specifically, it involves finding the difference between each score and the mean, squaring each difference, finding the mean of these squared differences, and finally finding the square root of that mean. The formula looks like this: The computations for the standard deviation are illustrated for a small set of data in Table 12.3. The first column is a set of eight scores that has a mean of 5. The second column is the difference between each score and the mean. The third column is the square of each of these differences. Notice that although the differences can be negative, the squared differences are always positive—meaning that the standard deviation is always positive. At the bottom of the third column is the mean of the squared differences, which is also called the variance (symbolized SD 2 ). Although the variance is itself a measure of variability, it generally plays a larger role in inferential statistics than in descriptive statistics. Finally, below the variance is the square root of the variance, which is the standard deviation. Table 12.3 Computations for the Standard Deviation X X – M ( X − M ) 2 3 −2 4 5 0 0 4 −1 1 2 −3 9 7 2 4 6 1 1 5 0 0 8 3 9 M = 5 SD 2 =28/8=3.50 SD =√3.50=1.87 N or N − 1 If you have already taken a statistics course, you may have learned to divide the sum of the squared differences by N − 1 rather than by N when you compute the variance and standard deviation. Why is this? By definition, the standard deviation is the square root of the mean of the squared differences. This implies dividing the sum of squared differences by N , as in the formula just presented. Computing the standard deviation this way is appropriate when your goal is simply to describe the variability in a sample. And learning it this way emphasizes that the variance is in fact the mean of the squared differences—and the standard deviation is the square root of this mean . However, most calculators and software packages divide the sum of squared differences by N − 1. This is because the standard deviation of a sample tends to be a bit lower than the standard deviation of the population the sample was selected from. Dividing the sum of squares by N − 1 corrects for this tendency and results in a better estimate of the population standard deviation. Because researchers generally think of their data as representing a sample selected from a larger population—and because they are generally interested in drawing conclusions about the population—it makes sense to routinely apply this correction. Percentile Ranks and z Scores In many situations, it is useful to have a way to describe the location of an individual score within its distribution. One approach is the percentile rank. The percentile rank of a score is the percentage of scores in the distribution that are lower than that score. Consider, for example, the distribution in Table 12.1. For any score in the distribution, we can find its percentile rank by counting the number of scores in the distribution that are lower than that score and converting that number to a percentage of the total number of scores. Notice, for example, that five of the students represented by the data in Table 12.1 had self-esteem scores of 23. In this distribution, 32 of the 40 scores (80%) are lower than 23. Thus each of these students has a percentile rank of 80. (It can also be said that they scored “at the 80th percentile.”) Percentile ranks are often used to report the results of standardized tests of ability or achievement. If your percentile rank on a test of verbal ability were 40, for example, this would mean that you scored higher than 40% of the people who took the test. Another approach is the z score. The z score for a particular individual is the difference between that individual’s score and the mean of the distribution, divided by the standard deviation of the distribution: z = ( X − M ) / SD A z score indicates how far above or below the mean a raw score is, but it expresses this in terms of the standard deviation. For example, in a distribution of intelligence quotient (IQ) scores with a mean of 100 and a standard deviation of 15, an IQ score of 110 would have a z score of (110 − 100) / 15 = +0.67. In other words, a score of 110 is 0.67 standard deviations (approximately two thirds of a standard deviation) above the mean. Similarly, a raw score of 85 would have a z score of (85 − 100) / 15 = −1.00. In other words, a score of 85 is one standard deviation below the mean. There are several reasons that z scores are important. Again, they provide a way of describing where an individual’s score is located within a distribution and are sometimes used to report the results of standardized tests. They also provide one way of defining outliers. For example, outliers are sometimes defined as scores that have z scores less than −3.00 or greater than +3.00. In other words, they are defined as scores that are more than three standard deviations from the mean. Finally, z scores play an important role in understanding and computing other statistics, as we will see shortly. Online Descriptive Statistics Although many researchers use commercially available software such as SPSS and Excel to analyze their data, there are several free online analysis tools that can also be extremely useful. Many allow you to enter or upload your data and then make one click to conduct several descriptive statistical analyses. Among them are the following. Rice Virtual Lab in Statistics http://onlinestatbook.com/stat_analysis/index.html VassarStats http://faculty.vassar.edu/lowry/VassarStats.html Bright Stat http://www.brightstat.com For a more complete list, see http://statpages.org/index.html .",https://ecampusontario.pressbooks.pub/psychmethods3ecan/chapter/finding-a-research-topic/
double-blind-peer-review,double-blind peer review,"Learning Objectives Describe the components of a literature review Recognize commons errors in literature reviews Pick up nearly any book on research methods and you will find a description of a literature review . At a basic level, the term implies a survey of factual or nonfiction books, articles, and other documents published on a particular subject. Definitions may be similar across the disciplines, with new types and definitions continuing to emerge. Generally speaking, a literature review is a: “comprehensive background of the literature within the interested topic area” (O’Gorman & MacIntosh, 2015, p. 31). [23] “critical component of the research process that provides an in-depth analysis of recently published research findings in specifically identified areas of interest” (Houser, 2018, p. 109). [24] “written document that presents a logically argued case founded on a comprehensive understanding of the current state of knowledge about a topic of study” (Machi & McEvoy, 2012, p. 4). [25] Literature reviews are indispensable for academic research. “A substantive, thorough, sophisticated literature review is a precondition for doing substantive, thorough, sophisticated research…A researcher cannot perform significant research without first understanding the literature in the field” (Boote & Beile, 2005, p. 3). [26] In the literature review, a researcher shows she is familiar with a body of knowledge and thereby establishes her credibility with a reader. The literature review shows how previous research is linked to the author’s project by summarizing and synthesizing what is known while identifying gaps in the knowledge base, facilitating theory development, closing areas where enough research already exists, and uncovering areas where more research is needed. (Webster & Watson, 2002, p. xiii). [27] Literature reviews are often necessary for real world social work practice. Grant proposals, advocacy briefs, and evidence-based practice rely on a review of the literature to accomplish practice goals. A literature review is a compilation of the most significant previously published research on your topic. Unlike an annotated bibliography or a research paper you may have written in other classes, your literature review will outline, evaluate, and synthesize relevant research and relate those sources to your own research question. It is much more than a summary of all the related literature. A good literature review lays the solidifies the importance of the problem your study aims to address, defines the main ideas of your research question, and demonstrates their interrelationships. Literature review basics All literature reviews, whether they focus on qualitative or quantitative data, will at some point: Introduce the topic and define its key terms. Establish the importance of the topic. Provide an overview of the important literature on the concepts in the research question and other related concepts. Identify gaps in the literature or controversies. Point out consistent finding across studies. Arrive at a synthesis that organizes what is known about a topic, rather than just summarizing. Discuss possible implications and directions for future research. There are many different types of literature reviews, including those that focus solely on methodology, those that are more conceptual, and those that are more exploratory. Regardless of the type of literature review or how many sources it contains, strong literature reviews have similar characteristics. Your literature review is, at its most fundamental level, an original work based on an extensive critical examination and synthesis of the relevant literature on a topic. As a study of the research on a particular topic, it is arranged by key themes or findings, which should lead up to or link to the research question. A literature review is a mandatory part of any research project. It demonstrates that you can systematically explore the research in your topic area, read and analyze the literature on the topic, use it to inform your own work, and gather enough knowledge about the topic to conduct a research project. Literature reviews should be reasonably complete, and not restricted to a few journals, a few years, or a specific methodology or research design. A well-conducted literature review should indicate to you whether your initial research questions have already been addressed in the literature, whether there are newer or more interesting research questions available, and whether the original research questions should be modified or changed in light of findings of the literature review. The review can also provide potential answers to your research question, help identify theories that have previously been used to address similar questions, as well as provide evidence to inform policy or decision-making (Bhattacherjee, 2012). [28] In addition, literature reviews are beneficial to you both as a researcher and as a social work scholar. By reading what others have argued and found in their work, you become familiar with how people talk about and understand your topic. During the process, you will refine your writing skills and your understanding of the topic you have chosen. The literature review also impacts the question you want to answer. As you learn more about your topic, you will clarify and redefine the research question guiding your inquiry. By completing a literature review, you ensure that you are neither repeating a study that has been done numerous times in the past, not repeating mistakes of past researchers. The contribution your research study will have depends on what others have found before you. Try to place the study you wish to do in the context of previous research and ask, “Is this contributing something new?” and “Am I addressing a gap in knowledge or controversy in the literature?” In summary, you should conduct a literature review to: Locate gaps in the literature of your discipline Avoid “reinventing the wheel,” by repeating past studies or mistakes Carry on the unfinished work of other scholars Identify other people working in the same field Increase the breadth and depth of knowledge in your subject area Read the seminal works in your field Provide intellectual context for your own work Acknowledge opposing viewpoints Put your work in perspective Demonstrate you can find and understand previous work in the area Common literature review errors Literature reviews are more than a summary of the publications you find on a topic. As you have seen in this brief introduction, literature reviews are a very specific type of research, analysis, and writing. We will explore these topics more in the next chapters. As you begin your literature review, here are some common errors to avoid: Accepting another researcher’s finding as valid without evaluating methodology and data Ignoring contrary findings and alternative interpretations Using findings that are not clearly related to your own study or using findings that are too general Dedicating insufficient time to literature searching Simply reporting isolated statistical results, rather than synthesizing the results Relying too heavily on secondary sources Overusing quotations from sources Failing to justify an argument by using specific facts or theories from the literature at hand For a quick review of some of the pitfalls and challenges a new researcher faces when they begin work, see “ Get Ready: Academic Writing, General Pitfalls and (oh yes) Getting Started! ”. Key Takeaways Literature reviews are the first step in any research project, as they help you learn about the topic you chose to study. You must do more than summarize sources for a literature review. You must have something to say about them and demonstrate you understand their content. Glossary Literature review - a survey of factual or nonfiction books, articles, and other documents published on a particular subject Image attributions Book library by MVA CC-0",https://ecampusontario.pressbooks.pub/psychmethods3ecan/chapter/finding-a-research-topic/
scholarly-books,Scholarly books,,https://ecampusontario.pressbooks.pub/psychmethods3ecan/chapter/finding-a-research-topic/
monograph,monograph,,https://ecampusontario.pressbooks.pub/psychmethods3ecan/chapter/finding-a-research-topic/
edited-volumes,Edited volumes,,https://ecampusontario.pressbooks.pub/psychmethods3ecan/chapter/finding-a-research-topic/
psycinfo,PsycINFO,This is where you can write your introduction.,https://ecampusontario.pressbooks.pub/psychmethods3ecan/chapter/finding-a-research-topic/
interestingness,interestingness,,https://ecampusontario.pressbooks.pub/psychmethods3ecan/chapter/generating-good-research-questions/
feasibility,feasibility,One or more interactive elements has been excluded from this version of the text. You can view them online here: https://ecampusontario.pressbooks.pub/psychmethods3ecan/?p=40#oembed-1,https://ecampusontario.pressbooks.pub/psychmethods3ecan/chapter/generating-good-research-questions/
theory,theory,One or more interactive elements has been excluded from this version of the text. You can view them online here: https://ecampusontario.pressbooks.pub/psychmethods3ecan/?p=43#oembed-1,https://ecampusontario.pressbooks.pub/psychmethods3ecan/chapter/developing-a-hypothesis/
hypothesis,hypothesis,One or more interactive elements has been excluded from this version of the text. You can view them online here: https://ecampusontario.pressbooks.pub/psychmethods3ecan/?p=45#oembed-1,https://ecampusontario.pressbooks.pub/psychmethods3ecan/chapter/developing-a-hypothesis/
hypothetico-deductive-method,hypothetico-deductive method,"Learning Objectives Define human subjects research Describe and provide examples of nonhuman subjects that researchers might examine Define institutional review boards and describe their purpose Distinguish between the different levels of review conducted by institutional review boards In 1998, actor Jim Carey starred in the movie The Truman Show . [1] At first glance, the film appears to depict a perfect research experiment. Just imagine the possibilities if we could control every aspect of a person’s life, from where that person lives, to where they work, their lifestyle, and whom they marry. Of course, keeping someone in a bubble of your creation and sitting back to watch how they fare would be highly unethical, not to mention illegal. However, the movie clearly inspires thoughts about the differences between scientific research and research on nonhumans. One of the most exciting, albeit challenging, aspects of conducting social work research is that most of our studies involve human subjects. The free will and human rights of the people we study will always have an impact on what we are able to research and how we are able to conduct that research. Human research versus nonhuman research While all research comes with its own set of ethical concerns, those associated with research conducted on human subjects vary dramatically from those of research conducted on nonliving entities. The US Department of Health and Human Services (USDHHS) defines a human subject as “a living individual about whom an investigator (whether professional or student) conducting research obtains (1) data through intervention or interaction with the individual, or (2) identifiable private information” (USDHHS, 1993, para. 1). [2] Some researchers prefer to use the term “participants” as opposed to “subjects,” as it acknowledges the agency of the people who participate in the study. For our purposes, we will use the two terms interchangeably. In some states, human subjects also include deceased individuals and human fetal materials. On the other hand, nonhuman research subjects are objects or entities that investigators manipulate or analyze in the process of conducting unobtrusive research projects. Nonhuman research subjects can include sources such as newspapers, historical documents, clinical notes, television shows, buildings, and even garbage. Unsurprisingly, research on human subjects is regulated much more heavily than research on nonhuman subjects. However, there are ethical considerations that all researchers must consider regardless of their research subject. We’ll discuss those considerations in addition to concerns that are unique to research on human subjects. A historical look at research on humans Research on humans hasn’t always been regulated in the way that it is today. The earliest documented cases of research using human subjects are of medical vaccination trials (Rothman, 1987). [3] One such case took place in the late 1700s, when scientist Edward Jenner exposed an 8-year-old boy to smallpox in order to identify a vaccine for the devastating disease. Medical research on human subjects continued without much law or policy intervention until the end of World War II, when Nazi doctors and scientists were put on trial for conducting human experimentation, during the course of which they tortured and murdered many concentration camp inmates (Faden & Beauchamp, 1986). [4] The trials conducted in Nuremberg, Germany resulted in the creation of the Nuremberg Code, a 10-point set of research principles designed to guide doctors and scientists who conduct research on human subjects. Today, the Nuremberg Code guides medical and other research conducted on human subjects, including social scientific research. Medical scientists are not the only researchers who have conducted questionable research on humans. In the 1960s, psychologist Stanley Milgram (1974) [5] conducted a series of experiments designed to understand obedience to authority in which he tricked subjects into believing they were administering an electric shock to other subjects. The electric shocks were not real at all, however some of Milgram’s research participants experienced extreme emotional distress after the experiment (Ogden, 2008). [6] A reaction of emotional distress is understandable. The realization that you are willing to administer painful shocks to another human being, just because someone who looked authoritative told you to do so, might indeed be traumatizing. This can be true even after you learn that the chocks you administered were not real. Around the same time that Milgram conducted his experiments, sociology graduate student Laud Humphreys (1970) [7] was collecting data for his dissertation research on the tearoom trade, which was the practice of men engaging in anonymous sexual encounters in public restrooms. Humphreys wished to understand who these men were and why they participated in the trade. To conduct his research, Humphreys offered to serve as a “watch queen,” the person who watches for police and gets to watch the sexual encounters, in a local park restroom where the tearoom trade was known to occur. What Humphreys did not do was identify himself as a researcher to his subjects. Instead, he watched them for several months, getting to know them while learning more about the tearoom trade practice. And, without the knowledge of his research subjects, he would jot down their license plate numbers as they entered and exited the parking lot near the restroom. After participating as a watch queen, Humphreys utilized the license plate numbers and his insider connections with the local motor vehicle registry to obtain the names and home addresses of his research subjects. Then, disguised as a public health researcher, Humphreys visited his subjects in their homes and interviewed them about their lives and their health. Humphreys’ research dispelled a good number of myths and stereotypes about the tearoom trade and its participants. He learned, for example, that over half of his subjects were married to women and many of them did not identify as gay or bisexual. [8] When Humphreys’ work became public, he was met with much controversy from his home university, fellow scientists, and the entire public, as his study raised many concerns about the purpose and conduct of social science research. His work was so ethically problematic that the chancellor of his university even tried to have his degree revoked. In addition, the Washington Post journalist Nicholas von Hoffman wrote the following warning about “sociological snoopers”: We’re so preoccupied with defending our privacy against insurance investigators, dope sleuths, counterespionage men, divorce detectives and credit checkers, that we overlook the social scientists behind the hunting blinds who’re also peeping into what we thought were our most private and secret lives. But they are there, studying us, taking notes, getting to know us, as indifferent as everybody else to the feeling that to be a complete human involves having an aspect of ourselves that’s unknown (von Hoffman, 1970). [9] In the original version of his report, Humphreys defended the ethics of his actions. In 2008, years after Humphreys’ death, his book was reprinted with the addition of a retrospect on the ethical implications of his work. [10] In his written reflections on his research and its resulting fallout, Humphreys maintained that his tearoom observations constituted ethical research on the grounds that those interactions occurred in public places. But Humphreys added that he would conduct the second part of his research differently. Rather than trace license numbers and interview unwitting tearoom participants in their homes under the guise of public health research, Humphreys instead would spend more time in the field and work to cultivate a pool of informants. Those informants would know that he was a researcher and would be able to fully consent to being interviewed. In the end, Humphreys concluded “there is no reason to believe that any research subjects have suffered because of my efforts, or that the resultant demystification of impersonal sex has harmed society” (Humphreys, 2008, p. 231). [10] With the increased regulation of social scientific research, it is unlikely that researchers would be permitted to conduct projects like Humphreys' in today's world. Some argue that Humphreys’ research was deceptive, put his subjects at risk of losing their families and their positions in society, and was therefore unethical (Warwick, 1973; Warwick, 1982). [11] Others suggest that Humphreys’ research “did not violate any premise of either beneficence or the sociological interest in social justice” and that the benefits of Humphreys’ research, namely the dissolution of myths about the tearoom trade specifically and human sexual practice more generally, outweigh the potential risks associated with the work (Lenza, 2004, p. 23). [12] What do you think, and why? These and other studies (Reverby, 2009) [13] led to increasing public awareness and concern regarding research on human subjects. In 1974, the US Congress enacted the National Research Act, which created the National Commission for the Protection of Human Subjects in Biomedical and Behavioral Research. The commission produced The Belmont Report , a document outlining basic ethical principles for research on human subjects (National Commission for the Protection of Human Subjects in Biomedical and Behavioral Research, 1979). [14] The National Research Act (1974) [15] also required that all institutions receiving federal support establish institutional review boards (IRBs) to protect the rights of human research subjects. Since that time, many private research organizations that do not receive federal support have also established their own review boards to evaluate the ethics of the research that they conduct. Institutional Review Boards (IRBs) Institutional Review Boards, or IRBs, are tasked with ensuring that the rights and welfare of human research subjects will be protected at all institutions, including universities, hospitals, nonprofit research institutions, and other organizations that receive federal support for research. IRBs typically consist of members from a variety of disciplines, such as sociology, economics, education, social work, and communications. Most IRBs also include representatives from the community in which they reside. For example, representatives from nearby prisons, hospitals, or treatment centers might sit on the IRBs of university campuses near them. The diversity of membership ensures that the complex ethical issues of human subjects research will be considered fully by a knowledgeable, experienced panel. Investigators conducting research on human subjects are required to submit proposals outlining their research plans to IRBs for review and approval prior to beginning their research. Even students who conduct research on human subjects must have their proposed work reviewed and approved by the IRB before beginning any research (though, on some campuses, some exceptions are made for classroom projects that will not be shared outside of the classroom). The IRB has three levels of review, defined in statute by the USDHHS. Exempt review is the lowest level of review. Exempt studies expose participants to the least potential for harm and often involve little participation by the human subjects. In social work, exempt studies often examine data that is publicly available or secondary data from another researcher that has been de-identified by the person who collected it. Expedited review is the middle level of review. Studies considered under expedited review do not have to go before the full IRB board because they expose participants to minimal risk. However, the studies must be thoroughly reviewed by a member of the IRB committee. While there are many types of studies that qualify for expedited review, the most relevant to social workers include the use of existing medical records, recordings (such as interviews) gathered for research purposes, and research on individual group characteristics or behavior. Finally, the highest level of review is called a full board review . When researchers submit a proposal under full board review, the full IRB board will meet, discuss any questions or concerns with the study, invite the researcher to answer questions and defend their proposal, and vote to approve the study or send it back for revision. Full board proposals pose greater than minimal risk to participants. They may also involve the participation of vulnerable populations , or people who need additional protection from the IRB. Vulnerable populations include pregnant women, prisoners, children, people with cognitive impairments, people with physical disabilities, employees, and students. While some of these populations can fall under expedited review in some cases, they will often require the full IRB's approval to study. It may surprise you to hear that IRBs are not always popular or appreciated by researchers. Sometimes, researchers are concerned that the IRBs are well-versed in biomedical and experimental research and less familiar with the qualitative, open-ended nature of social work research. The members of IRBs often want specific details about your study. They may require you to describe aspects of your study, including but not limited to: the specific population you will be studying, observation methods, potential interview questions for participants, and any predictions you have about your findings. For example, it would be extraordinarily frustrating or nearly impossible to provide this level of detail for a large-scale group participant observation study. Oftentimes, social science researchers cannot study controversial topics or use certain data collection techniques due to ethical concerns of the IRB. When important social research is not permitted by review boards, researchers may become frustrated (and rightfully so). The solution is not to do away with review boards, which serve a necessary and important function. Instead, an effort should be made to educate IRB members about the importance of social science research methods and topics. Key Takeaways When it comes to conducting ethical research, the use of human subjects presents a unique set of challenges and opportunities. Research on human subjects has not always been regulated to the extent that it is today. All institutions receiving federal support for research must have an IRB. Research organizations that do not receive federal support often include IRBs as a part of their organizational structure, although they are not required. Researchers submit studies for IRB review at one of three levels, depending on the potential level of harm that the study may inflict on its subjects. Glossary Exempt review - lowest level of IRB review, used for studies with minimal risk of harm or low levels of human subject involvement Expedited review - middle level of IRB review, used for studies with minimal risk of harm but greater levels of human subject involvement Full board review - highest level of IRB review, used for studies with greater than minimal risk of harm to participants Vulnerable populations - groups of people that may pose an additional risk for harm when studied; may be granted additional protections during an IRB review. Image attributions ethics by Tumisu CC-0 roundtable meeting by Debora Cartagena CC-0",https://ecampusontario.pressbooks.pub/psychmethods3ecan/chapter/developing-a-hypothesis/
testable-and-falsifiable,testable and falsifiable,One or more interactive elements has been excluded from this version of the text. You can view them online here: https://ecampusontario.pressbooks.pub/psychmethods3ecan/?p=45#oembed-2,https://ecampusontario.pressbooks.pub/psychmethods3ecan/chapter/developing-a-hypothesis/
variable,variable,One or more interactive elements has been excluded from this version of the text. You can view them online here: https://ecampusontario.pressbooks.pub/psychmethods3ecan/?p=59#oembed-1,https://ecampusontario.pressbooks.pub/psychmethods3ecan/chapter/designing-a-research-study/
quantitative-variable,quantitative variable,One or more interactive elements has been excluded from this version of the text. You can view them online here: https://ecampusontario.pressbooks.pub/psychmethods3ecan/?p=59#oembed-2,https://ecampusontario.pressbooks.pub/psychmethods3ecan/chapter/designing-a-research-study/
categorical-variable,categorical variable,,https://ecampusontario.pressbooks.pub/psychmethods3ecan/chapter/designing-a-research-study/
population,population,,https://ecampusontario.pressbooks.pub/psychmethods3ecan/chapter/designing-a-research-study/
sample,sample,"Lecture Slides From the authors: ""This ancillary set was created under a Round Four ALG Textbook Transformation Grant . Note: Most of the lecture slides for research methods are at this link: http://grants.kennesaw.edu/psychscience/index.php Pearcey, Sharon; Kirsner, Beth; Randall, Christopher; Willard, Jen; Williamson, Adrienne; and Downtain, Tricia, ""Psychology Research Methods and Statistics: Ancillary Set"" (2017). Psychology, Sociology, Anthropology, and Social Work Ancillary Materials . 3. https://oer.galileo.usg.edu/psychology-ancillary/3 Terms, Definitions, External Resources, Questions, and Slide Presentations From the author: ""The current project helped create ancillary materials for each of the textbook’s thirteen chapters. These include slide presentations, test-banks, and online resources (e.g., websites, videos). Many of the resources shared here were a culmination of OER-enabled pedagogy, as students were actively involved in the creation of exam questions and collection of resources."" Grissett, Judy Orton, ""Research Methods in Psychology Ancillary Set"" (2018). Psychology, Sociology, Anthropology, and Social Work Ancillary Materials . 9. https://oer.galileo.usg.edu/psychology-ancillary/9 Student Lab Guide Dr. Derrick Wirtz, University of British Columbia, Okanagan https://blogs.ubc.ca/psyo270/ Classroom Activities TeachPsychScience.Org Loading…",https://ecampusontario.pressbooks.pub/psychmethods3ecan/chapter/designing-a-research-study/
independent-variable,independent variable,,https://ecampusontario.pressbooks.pub/psychmethods3ecan/chapter/designing-a-research-study/
field-study,field study,"Learning Objectives Begin to write your literature review Identify the purpose of a problem statement Apply the components of a formal argument to your topic Use elements of formal writing style, including signposting and transitions Congratulations! By now, you should have discovered, retrieved, evaluated, synthesized, and organized the information you need for your literature review. It’s now time to turn that stack of articles, papers, and notes into a literature review--it’s time to start writing! If you’ve followed the steps in this chapter, you likely have developed an outline that will guide you through the writing process. If you are still unsure of what to include in the literature review, here is a summary. A literature review should: …clearly describe the questions that are being asked. They also locate the research within the ongoing scholarly dialogue. This is done by summarizing current understandings and by discussing why what we already knows leads to the need for the present research. Literature reviews also define the primary concepts. While this information can appear in any order, these are the elements in all literature reviews. (Loseke, 2017, p. 61) [1] Do you have enough facts and sources to accomplish these tasks? It’s a good time to consult your outline and notes on each article you plan to include in your literature review. You may also want to consult with your professor on what they expect from you. If there is something that you are missing, you may want to jump back to section 2.3 where we discussed how to search for literature on your topic. While you can always fill in material later, you may run the risk of writing about a topic that you do not fully understand yet. For example, if you don’t have a solid definition of your key concepts or a sense of how the literature has developed over time, it will be difficult to make coherent scholarly claims about your topic. There is no magical point at which everyone is ready to write. As you consider whether you are ready or not, it may be useful to ask yourself these questions: How will my literature review be organized? What section headings will I be using? How do the various studies relate to each other? What contributions do they make to the field? What are the limitations of a study/where are the gaps in the research? Most importantly, how does my own research fit into what has already been done? The problem statement Many scholarly works begin with a problem statement. The problem statement serves two functions: 1) it establishes the importance of your topic as a social problem and 2) it catches the reader's attention and piques their interest. Who would want to read about something unimportant? A problem statement generally answers the following questions, though these are far from exhaustive: Why is this an important problem to study? How many people are affected by the problem? How does this problem impact other social issues or target populations relevant to social work? Why is your target population an important one to study? Like the rest of your literature review, a strong problem statement should be filled with facts, theories, and arguments based on the literature you’ve found. Research proposals are significantly different than other essays you've likely completed during your social work studies. If your topic were domestic violence in rural Appalachia in the USA, I’m sure you could come up with answers to the above questions without looking at a single source. However, the purpose of the literature review is not to test your intuition, personal experience, or empathy. Instead, research methods are about learning specific and articulable facts to inform social work action. With a problem statement, you can take a “boring” topic like transportation patterns in major cities and readers to see the topic as an important part of the social world that impacts social work practice. The structure of a literature review Problem statement The problem statement generally belongs at the beginning of the literature review. I recommend limiting the length of the problem statement to one or two paragraphs, as you do not want it to be too lengthy. For the rest of your literature review, there is no set formula for how it should be organized. However, a literature review generally follows the format of any other essay—Introduction, Body, and Conclusion. Introduction The introduction to the literature review contains a statement or statements about the overall topic. At minimum, the introduction should define or identify the general topic, issue, or area of concern. You might consider presenting historical background, mentioning the results of a seminal study, or providing definitions of important terms. The introduction may also point to overall trends in what has been previously published on the topic; conflicts in theory, methodology, evidence, and conclusions; or gaps in research and scholarship. In addition, I suggest adding a few sentences that walk the reader through the rest of the literature review by highlighting your main arguments from the body and by previewing your conclusion. Body The body of your literature review is where you demonstrate your synthesis and analysis of the literature on your topic, so be sure that you are doing more than just summarizing the facts you've found. I would also caution against organizing your literature review by source—that is, one paragraph for source A, one paragraph for source B, etc. That structure will provide a mediocre summary of the information but will not provide the synthesis that we are aiming for in this section. It also fails to demonstrate the relationships among facts, potential disagreements among research findings, and how each study builds on the work of another. In short, summarization does not demonstrate critical thinking. Instead of simply summarizing, use your outlines and notes as a guide to the important topics you will to cover, and more importantly, what you have to say about those topics. Literature reviews are written from the perspective of an expert in the field. After an exhaustive literature review, you should feel like you are able to make strong claims about what is true—so make them! There is no need to hide behind “I believe” or “I think.” Put your voice out in front, loud and proud, but make sure you have facts and sources to support your argument. I’ve used the term “argument” here in a specific way. An argument in writing means more than simply disagreeing with what someone else said. Toulman, Rieke, and Janik (1984) identify six elements of an argument: Claim: the thesis statement—what you are trying to prove Grounds: theoretical or empirical evidence that supports your claim Warrant: your reasoning (rule or principle) connecting the claim and its grounds Backing: further facts used to support or legitimize the warrant Qualifier: acknowledging that the argument may not be true for all cases Rebuttal: considering both sides (as cited in Burnette, 2012) [2] Let’s walk through an example of an argument. Let's say that I am writing a literature review on a negative income tax, a policy in which people in poverty receive an unconditional cash stipend from the government each month equal to the federal poverty level. I would want to lay out the following: Claim: the negative income tax is superior to other forms of anti-poverty assistance. Grounds: data comparing negative income tax recipients to those in existing programs, theory supporting a negative income tax, data from evaluations of existing anti-poverty programs, etc. Warrant: cash-based programs like the negative income tax are superior to existing anti-poverty programs because they allow the recipient greater self-determination over how to spend their money. Backing: data demonstrating the beneficial effects of self-determination on people in poverty. Qualifier: the negative income tax does not provide taxpayers and voters with enough control to make sure people in poverty are not wasting financial assistance on frivolous items. Rebuttal: policy should be about empowering the oppressed, not protecting the taxpayer, and there are ways of addressing taxpayer opposition through policy design. Like any effective argument, your literature review must have some kind of structure. For example, it might begin by describing a phenomenon in a general way along with several studies that provide some detail, then describing two or more competing theories of the phenomenon, and finally presenting a hypothesis to test one or more of the theories. Or, it might describe one phenomenon, then describe another phenomenon that seems inconsistent with the first one, then propose a theory that resolves the inconsistency, and finally present a hypothesis to test that theory. In applied research, it might describe a phenomenon or theory, then describe how that phenomenon or theory applies to some important real-world situation, and finally suggest a way to test whether it does, in fact, apply to that situation. Another important issue is signposting . It may not be a term you are familiar with, but you are likely familiar with the concept. Signposting refers to the words used to identify the organization and structure of your literature review to your reader. The most basic form of signposting is using a topic sentence at the beginning of each paragraph. A topic sentence introduces the argument you plan to make in that paragraph. For example, you might start a paragraph stating, “There is strong disagreement in the literature as to whether the use of psychedelic drugs causes the experience of psychotic disorders, or whether the experience of a psychotic disorder causes the use of psychedelic drugs.” Within that paragraph, your reader would likely assume you will present evidence for both arguments. The concluding sentence of your paragraph should relate to the topic sentence by addressing how the facts and arguments from other authors support a specific conclusion. To continue with our example, I might say, “There is likely a reciprocal effect in which both the use of psychedelic drugs worsens pre-psychotic symptoms and worsening psychosis causes use of psychedelic drugs to self-medicate or escape.” Signposting also involves using headings and subheadings. Your literature review will use APA formatting, which means you need to follow their rules for bolding, capitalization, italicization, and indentation of headings. Headings help your reader understand the structure of your literature review. They can also help if the reader gets lost and needs to re-orient themselves within the document. I often tell my students to assume that I know nothing and that I need to be shown exactly where they are addressing each part of the literature review. I am sure that they don't mind pretending to walk me through their paper like you would a small child, explaining “first we’ll do this, then we’ll do that, and when we’re done, we’ll know this!” Another way to use signposting is to open each paragraph with a sentence that links the topic of the paragraph with the one before it. Alternatively, one could end each paragraph with a sentence that links it with the next paragraph. For example, imagine we wanted to link a paragraph about barriers to accessing healthcare with one about the relationship between the patient and physician. We could use a transition sentence like this: “Even if patients overcome these barriers to accessing care, the physician-patient relationship can create new barriers to positive health outcomes.” A transition sentence like this builds a connection between two distinct topics. Transition sentences are also useful within paragraphs. They tell the reader how to consider one piece of information in light of previous information. Even simple transitions like however, similarly, and others demonstrate critical thinking and make your arguments clearer. Many beginning researchers have difficulty with incorporating transitions into their writing. Let’s look at an example. Instead of beginning a sentence or paragraph by launching into a description of a study, such as “Williams (2004) found that…,” it is better to start by indicating something about why you are describing this particular study. Here are some simple examples: Another example of this phenomenon comes from the work of Williams (2004). Williams (2004) offers one explanation of this phenomenon. An alternative perspective has been provided by Williams (2004). Now that we know to use signposts, the natural question is “What goes on the signposts?” First, it is extremely important to start with an outline of the main points that you want to make, organized in the order that you want to make them. The basic structure of your argument then should be apparent from the outline itself. Unfortunately, there is no formula I can give you that will work for everyone. I can provide some general pointers on structuring your literature review, though. The literature review generally moves from general ideas to more specific ones. You can build a review by identifying areas of consensus and areas of disagreement. You may choose to present earlier, historical studies—preferably seminal studies that are of significant importance—and close with most recent work. Another approach is to start with the most distantly related facts and literature and then report on those most closely related to your specific research question. You could also compare and contrast valid approaches, features, characteristics, theories – that is, one approach, then a second approach, followed by a third approach. Here are some additional tips for writing the body of your literature review: Start broad and then narrow down to more specific information. When appropriate, cite two or more sources for a single point, but avoid long strings of references for a single point. Use quotes sparingly. Quotations for definitions are okay, but reserve quotes for when an author says something so well that you couldn’t possibly phrase it differently. Never use quotes for statistics. Paraphrase when you need to relate the specific details within an article, and try to reword it in a way that is understandable to your audience. Include only the aspects of the study that are relevant to your literature review. Don’t insert extra facts about a study just to take up space. Avoid using first-person language like “I” and “we” to maintain objectivity. Avoid using informal language like contractions, idioms, and rhetorical questions. Note any sections of your review that lack citations and facts from literature. Your arguments need to be based in specific empirical or theoretical facts. Do not approach this like a reflective journal entry. Point out consistent findings and emphasize stronger studies over weaker ones. Point out important strengths and weaknesses of research studies, as well as contradictions and inconsistent findings. Be specific when pointing out implications and suggestions for further research. Conclusion The conclusion should summarize your literature review, discuss implications, and create a space for future or further research needed in this area. Your conclusion, like the rest of your literature review, should have a point that you are trying to make. What are the important implications of your literature review? How do they inform the question you are trying to answer? Structure overview While you should consult with your professor and their syllabus for the final structure your literature review should take, here is an example: Problem statement Establish the importance of the topic Number and type of people affected Seriousness of the impact Physical, psychological, economic, social consequences of the problem Introduction Definitions of key terms Important arguments you will make Overview of the organization of the rest of the review Body of the review Topic 1 Supporting evidence Topic 2 Supporting evidence Topic 3 Supporting evidence Conclusion Implications Specific suggestions for future research How your research topic adds to the literature Here are some additional resources, if you are having trouble putting together your literature review: Doing a literature review / University of Leicester Get Lit: The Literature Review / Texas A&M Writing Centre Editing your literature review For your literature review, remember that your goal is to construct an argument for why your research question is interesting and worth addressing—not argue why your favorite answer to your research question is correct. As you start editing your literature review, make sure that it is balanced. If you want to emphasize the generally accepted understanding of a phenomenon, then of course you should discuss various studies that have demonstrated it. However, if there are other studies that have found contradictory findings, you should discuss them, too. If you are proposing a new theory, then you should discuss findings that are consistent with that theory. However, if there are other findings that are inconsistent with it, again, you should discuss them too. It is acceptable to argue that the balance of the research supports the existence of a phenomenon or is consistent with a theory, but it is never acceptable to ignore contradictory evidence. Besides, a large part of what makes a research question interesting is the uncertainty about its answer (University of Minnesota, 2016). [3] In addition to subjectivity and bias, another obstruction to getting your literature review written is writer’s block. Often times, writer’s block can come from confusing the creating and editing parts of the writing process. Many writers often start by simply trying to type out what they want to say, regardless of how good it is. Author Anne Lamott (1995) [4] terms these “shitty first drafts” and we all write them. They are a natural and important part of the writing process. Even if you have a detailed outline to work from, the words are not going to fall into place perfectly the first time you start writing. You should consider turning off the editing and critiquing part of your brain for a little while and allow your thoughts to flow. Don’t worry about putting the correct internal citation when you first write. Just get the information out. Only after you’ve reached a natural stopping point might you go back and edit your draft for grammar, APA formatting, organization, flow, and more. Divorcing the writing and editing process can go a long way to addressing writer’s block—as can picking a topic about which you have something to say! As you are editing, keep in mind these questions adapted from Green (2012): [5] Content: Have I clearly stated the main idea or purpose of the paper and addressed all the issues? Is the thesis or focus clearly presented and appropriate for the reader? Organization: How well is it structured? Is the organization spelled out for the reader and easy to follow? Flow: Is there a logical flow from section to section, paragraph to paragraph, sentence to sentence? Are there transitions between and within paragraphs that link ideas together? Development: Have I validated the main idea with supporting material? Are supporting data sufficient? Does the conclusion match the introduction? Form: Are there any issues regarding APA styling and formatting? Have you proof-read for redundancy, spelling, punctuation, and grammar? Are there any problems with the wording of your writing or the sentence structure? Have you used terminology properly and checked the definitions of any words you may not be sure of? Key Takeaways The problem statement draws the reader into your topic by highlighting how important the topic is to social work and overall society. Signposting is an important component of academic writing that helps your reader follow the structure of your argument and literature review. Transitions demonstrate critical thinking and help guide your reader through your arguments. Editing and writing are separate processes. Glossary Signposting - words that identify the organization and structure of a literature review Image attributions Startup notebooks by StartupStockPhotos CC-0 Board front problem by geralt CC-0 Person holding white paper and typewriter by Pexels CC-0 Signs direction Bergen by Mariamichelle CC-0 Mistakes by annekarakash CC-0",https://ecampusontario.pressbooks.pub/psychmethods3ecan/chapter/designing-a-research-study/
field-experiment,field experiment,,https://ecampusontario.pressbooks.pub/psychmethods3ecan/chapter/designing-a-research-study/
variance,variance,"Learning Objectives Develop and revise questions that focus your inquiry Create a concept map that demonstrates the relationships between concepts Once you have selected your topic area and reviewed literature related to it, you may need to narrow it down to something that can be realistically researched and answered. In the last section, we learned about asking who, what, when, where, why, and how questions. As you read more about your topic area, the focus of your inquiry should become more specific and clearer. As a result, you might begin to ask questions that describe a phenomenon, compare one phenomenon with another, or probe the relationship between two concepts. You might begin by asking a series of PICO questions. Although the PICO method is used primarily in the health sciences, it can also be useful for narrowing/refining a research question in the social sciences. A way to formulate an answerable question using the PICO model could look something like this: Patient, population or problem: What are the characteristics of the patient or population? (e.g., gender, age, other demographics) What is the social problem or diagnosis you are interested in? (e.g., poverty or substance use disorder) Intervention or exposure: What do you want to do with the patient, person, or population (e.g., treat, diagnose, observe)? For example, you may want to observe a client’s behavior or a reaction to a specific type of treatment. Comparison: What is the alternative to the intervention? (e.g., other therapeutic interventions, programs, or policies) For example, how does a sample group that is assigned to mandatory rehabilitation compare to a sample group assigned to an intervention that builds motivation to enter treatment voluntarily? Outcome: What are the relevant outcomes? (e.g., academic achievement, healthy relationships, shame) For example, how does recognizing triggers for trauma flashbacks impact the target population? Some examples of how the PICO method is used to refine a research question include: “Can music therapy improve communication skills in students diagnosed with autism spectrum disorder?” Population (autistic students) Intervention (music therapy) “How effective are antidepressant medications in reducing symptoms of anxiety and depression?” Population (clients with anxiety and depression) Intervention (antidepressants) “How does race impact help-seeking behaviors for students with mental health diagnoses? Population (students with mental health diagnoses, students of minority races) Comparison (students of different races) Outcome (seeking help for mental health issues) Another mnemonic technique used in the social sciences for narrowing a topic is SPICE . An example of how SPICE factors can be used to develop a research question is given below: S etting – for example, a college campus P erspective – for example, college students I ntervention – for example, text message reminders C omparisons – for example, telephone message re minders E valuation – for example, number of cigarettes used after text message reminder compared to the number of cigarettes used after a telephone reminder Developing a concept map Likewise, developing a concept map or mind map around your topic may help you analyze your question and determine more precisely what you want to research. Using this technique, start with the broad topic, issue, or problem, and begin writing down all the words, phrases and ideas related to that topic that come to mind and then ‘map’ them to the original idea. This technique is illustrated in Figure 3.2. Figure 3.2 Basic concept map [1] Concept mapping aims to improve the “description of the breadth and depth of literature in a domain of inquiry. It also facilitates identification of the number and nature of studies underpinning mapped relationships among concepts, thus laying the groundwork for systematic research reviews and meta-analyses” (Lesley, Floyd, & Oermann, 2002, p. 229). [2] Its purpose, like the other methods of question refining, is to help you organize, prioritize, and integrate material into a workable research area; one that is interesting, answerable, feasible, objective, scholarly, original, and clear. The process of concept mapping is beneficial when you begin your own literature review, as it will help you to come up with keywords and concepts related to your topic. Concept mapping can also be helpful when creating a topical outline or drafting your literature review, as it demonstrates the important of each concept and sub-concepts as well as the relationships between each concept. For example, perhaps your initial idea or interest is how to prevent obesity. After an initial search of the relevant literature, you realize the topic of obesity is too broad to adequately cover in the time you have to do your literature review. You decide to narrow your focus to causes of childhood obesity. Using PICO factors, you further narrow your search to the influence of family factors on overweight children. A potential research question might then be “What maternal factors are associated with toddler obesity in the United States?” You’re now ready to begin searching the literature for studies, reports, cases, and other information sources that relate to this question. Similarly, for a broad topic like school performance or grades, and after an initial literature search that provides some variables, examples of a narrow research question might be: “To what extent does parental involvement in children’s education relate to school performance over the course of the early grades?” “Do parental involvement levels differ by family, social, demographic, and contextual characteristics?” “What forms of parent involvement are most highly correlated with children’s outcomes? What factors might influence the extent of parental involvement?” (Early Childhood Longitudinal Program, 2011). [3] In either case, your literature search, working question, and understanding of the topic are constantly changing as your knowledge of the topic deepens. Conducting a literature review is an iterative process, as it stops, starts, and loops back on itself multiple times before completion. As research is a practice behavior of social workers, you should apply the same type of critical reflection to your inquiry as you would to your clinical or macro practice. Key Takeaways As you read more articles, you should revise your original question to make it more focused and clear. You can further develop the important concepts and relationships for your project by using concept maps and the PICO/SPICE frameworks.",https://ecampusontario.pressbooks.pub/psychmethods3ecan/chapter/analyzing-the-data/
correlation-coefficient,correlation coefficient,"Learning Objectives Identify the key components of empirical journal articles Define the basic elements of the results section in a journal article Describe statistical significance and confidence intervals Reading scholarly articles can be a more challenging than reading a book, magazine, news article—or even some textbooks. Theoretical and practical articles are, generally speaking, easier to understand. Empirical articles, because they add new knowledge, must go through great detail to demonstrate that the information they offer is based on solid science. Empirical articles can be challenging to read, and this section is designed to make that process easier for you. Nearly all articles will have an abstract , the short paragraph at the beginning of an article that summarizes the author’s research question, methods used to answer the question, and key findings. The abstract may also give you some idea about the theoretical perspective of the author. In effect, the abstract provides you with a framework to understand the rest of the article and the article's punch line: what the author(s) found, and whether the article is relevant to your area of inquiry. For this reason, I suggest skimming abstracts as part of the literature search process. As you will recall from Chapter 2, theoretical articles have no set structure and will look similar to reading a chapter of a book. Empirical articles contain the following sections (although exact section names vary): introduction, methods, results, and discussion. The introduction contains the literature review for the article and is an excellent source of information as you build your own literature review. The methods section reviews how the author gathered their sample, how they measured their variables, and how the data were analyzed. The results section provides an in-depth discussion of the findings of the study. The discussion section reviews the main findings and addresses how those findings fit in with the existing literature. At the end, there will be a list of references (which you should read!) and there may be a few tables, figures, or appendices if applicable. While you should get into the habit of familiarizing yourself with each part of the articles you wish to cite, there are strategic ways to read journal articles that can make them a little easier to digest. Once you have read the abstract for an article and determined it is one you’d like to read in full, read through the introduction and discussion sections next. The introduction section will showcase other articles and findings that are significant in your topic area, so reading through it will be beneficial for your own information-gathering process for your literature review. Reading an article’s discussion section helps you understand what the author views as their study’s major findings and how the author perceives those findings to relate to other research. As you progress through your research methods course, you will pick up additional research elements that are important to understand. You will learn how to identify qualitative and quantitative methods, as well as exploratory, explanatory, and descriptive research methods. You will also learn the criteria for establishing causality and the different types of causality. Subsequent chapters of this textbook will address other elements of journal articles, including choices about measurement, sampling, and design. As you learn about these additional items, you will find that the methods and results sections begin to make more sense and you will understand how the authors reached their conclusions. As you read a research report, there are several questions you can ask yourself about each section, from abstract to conclusion. Those questions are summarized in Table 3.1. Keep in mind that the questions covered here are designed to help you, the reader, to think critically about the research you come across and to get a general understanding of the strengths, weaknesses, and key takeaways from a given study. I hope that by considering how you might respond to the following questions while reading research reports, you’ll gain confidence in describing the report to others and discussing its meaning and impact with them. Table 3.1 Questions worth asking while reading research reports Report section Questions worth asking Abstract What are the key findings? How were those findings reached? What framework does the researcher employ? Acknowledgments Who are this study’s major stakeholders? Who provided feedback? Who provided support in the form of funding or other resources? Problem statement (introduction) How does the author frame their research focus? What other possible ways of framing the problem exist? Why might the author have chosen this particular way of framing the problem? Literature review (introduction) How selective does the researcher appear to have been in identifying relevant literature to discuss? Does the review of literature appear appropriately extensive? Does the researcher provide a critical review? Sample (methods) Where was the data collected? Did the researcher collect their own data or use someone else's data? What population is the study trying to make claims about, and does the sample represent that population well? What are the sample’s major strengths and major weaknesses? Data collection (methods) How were the data collected? What do you know about the relative strengths and weaknesses of the method employed? What other methods of data collection might have been employed, and why was this particular method employed? What do you know about the data collection strategy and instruments (e.g., questions asked, locations observed)? What don’t you know about the data collection strategy and instruments? Data analysis (methods) How were the data analyzed? Is there enough information provided for you to feel confident that the proper analytic procedures were employed accurately? Results What are the study’s major findings? Are findings linked back to previously described research questions, objectives, hypotheses, and literature? Are sufficient amounts of data (e.g., quotes and observations in qualitative work, statistics in quantitative work) provided in order to support conclusions drawn? Are tables readable? Discussion/conclusion Does the author generalize to some population beyond her/his/their sample? How are these claims presented? Are claims made supported by data provided in the results section (e.g., supporting quotes, statistical significance)? Have limitations of the study been fully disclosed and adequately addressed? Are implications sufficiently explored? Understanding the results section As mentioned previously in this chapter, reading the abstract that appears in most reports of scholarly research will provide you with an excellent, easily digestible review of a study’s major findings and of the framework the author is using to position their findings. Abstracts typically contain just a few hundred words, so reading them is a nice way to quickly familiarize yourself with a study. If the study seems relevant to your paper, it’s probably worth reading more. If it’s not, then you have only spent a minute or so reading the abstract. Another way to get a snapshot of the article is to scan the headings, tables, and figures throughout the report (Green & Simon, 2012). [4] At this point, I have read hundreds of literature reviews written by students. One of the challenges I have noted is that students will report the summarized results from the abstract, rather than the detailed findings in the results section of the article. This is a problem when you are writing a literature review because you need to provide specific and clear facts that support your reading of the literature. The abstract may say something like: “we found that poverty is associated with mental health status.” For your literature review, you want the details, not the summary. In the results section of the article, you may find a sentence that states: “for households in poverty, children are three times more likely to have a mental health diagnosis.” This more detailed information provides a stronger basis on which to build a literature review. Using the summarized results in an abstract is an understandable mistake to make. The results section often contains terminology, diagrams, and symbols that may be hard to understand without having completed advanced coursework on statistical or qualitative analysis. To that end, the purpose of this section is to improve reading comprehension by providing an introduction to the basic components of a results section. Journal articles often contain tables, and scanning them is a good way to begin reading an article. A table provides a quick, condensed summary of the report’s key findings. The use of tables is not limited to one form or type of data, though they are used most commonly in quantitative research. Tables are a concise way to report large amounts of data. Some tables present descriptive information about a researcher’s sample, which is often the first table in a results section. These tables will likely contain frequencies (N) and percentages (%). For example, if gender happened to be an important variable for the researcher’s analysis, a descriptive table would show how many and what percent of all study participants are women, men, or other genders. Frequencies or counts will probably be listed as N, while the percent symbol (%) might be used to indicate percentages. In a table presenting a causal relationship, two sets of variables are represented. The independent variable, or cause, and the dependent variable, the effect. We’ll go into more detail on variables in Chapter 6. The independent variable attributes are typically presented in the table’s columns, while dependent variable attributes are presented in rows. This allows the reader to scan across a table’s rows to see how values on the dependent variable attributes change as the independent variable attribute values change. Tables displaying results of quantitative analysis will also likely include some information about the strength and statistical significance of the relationships presented in the table. These details tell the reader how likely it is that the relationships presented will have occurred simply by chance. Let’s look at a specific example. Table 3.2 shows data from a study of older adults that was conducted by Dr. Blackstone, an original author of this textbook. It presents the causal relationship between gender and the experience of harassing behaviors in the workplace. In this example, gender is the independent variable (the cause) and the harassing behaviors listed are the dependent variables (the effects). [5] Therefore, we place gender in the table’s columns and harassing behaviors in the table’s rows. Reading across the table’s top row, we see that 2.9% of women in the sample reported experiencing subtle or obvious threats to their safety at work, while 4.7% of men in the sample reported the same. We can read across each of the rows of the table in this way. Reading across the bottom row, we see that 9.4% of women in the sample reported experiencing staring or invasion of their personal space at work while just 2.3% of men in the sample reported having the same experience. We’ll discuss p value later in this section. Table 3.2 Percentage reporting harassing behaviors at work Behavior Experienced at work Wome n Men p valu e Subtle or obvious threats to your safety 2.9% 4.7% 0.623 Being hit, pushed, or grabbed 2.2% 4.7% 0.480 Comments or behaviors that demean your gender 6.5% 2.3% 0.184 Comments or behaviors that demean your age 13.8% 9.3% 0.407 Staring or invasion of your personal space 9.4% 2.3% 0.039 Note: Sample size was 138 for women and 43 for men. These statistics represent what the researchers found in their sample, and they are using their sample to make conclusions about the true population of all employees in the real world. Because the methods we use in social science are never perfect, there is some amount of error in that value. The researchers in this study estimated the true value we would get if we asked every employee in the world the same questions on our survey. Researchers will often provide a confidence interval , or a range of values in which the true value is likely to be, to provide a more accurate description of their data. For example, at the time I’m writing this, my wife and I are expecting our first child next month. The doctor told us our due date was August 15th. But the doctor also told us that August 15th was only their best estimate. They were actually 95% sure our baby might be born any time between August 1st and September 1st. Confidence intervals are often listed with a percentage, like 90% or 95%, and a range of values, such as between August 1st and September 1st. You can read that as: we are 95% sure your baby will be born between August 1st and September 1st. So, while we get a due date of August 15th, the uncertainty about the exact date is reflected in the confidence interval provided by our doctor. Of course, we cannot assume that these patterns didn’t simply occur by chance. How confident can we be that the findings presented in the table did not occur by chance? This is where tests of statistical significance come in handy. Statistical significance tells us the likelihood that the relationships we observe could be caused by something other than chance. While your statistics class will give you more specific details on tests of statistical significance and reading quantitative tables, the important thing to be aware of as a non-expert reader of tables is that some of the relationships presented will be statistically significant and others may not be. Tables should provide information about the statistical significance of the relationships presented. When reading a researcher’s conclusions, pay attention to which relationships are statistically significant and which are not. In Table 3.2, you may have noticed that a p value is noted in the very last column of the table. A p value is a statistical measure of the probability that there is no relationship between the variables under study. Another way of putting this is that the p value provides guidance on whether or not we should reject the null hypothesis. The null hypothesis is simply the assumption that no relationship exists between the variables in question. In Table 3.2, we see that for the first behavior listed, the p value is 0.623. This means that there is a 62.3% chance that the null hypothesis is correct in this case. In other words, it seems likely that any relationship between observed gender and experiencing threats to safety at work in this sample is simply due to chance. In the final row of the table, however, we see that the p value is 0.039. In other words, there is a 3.9% chance that the null hypothesis is correct. Thus, we can be somewhat more confident than in the preceding example that there may be some relationship between a person’s gender and their experiencing the behavior noted in this row. Statistical significance is reported in reference to a value, usually 0.05 in the social science. This means that the probability that the relationship between gender and experiencing staring or invasion of personal space at work is due to random chance is less than 5 in 100. Social science often uses 0.05, but other values are used. Studies using 0.1 are using a more forgiving standard of significance, and therefore, have a higher likelihood of error (10%). Studies using 0.01 are using a more stringent standard of significance, and therefore, have a lower likelihood of error (1%). Notice that I’m hedging my bets here by using words like somewhat and may be . When testing hypotheses, social scientists generally phrase their findings in terms of rejecting the null hypothesis rather than making bold statements about the relationships observed in their tables. You can learn more about creating tables, reading tables, and tests of statistical significance in a class focused exclusively on statistical analysis. For now, I hope this brief introduction to reading tables will improve your confidence in reading and understanding the quantitative tables you encounter while reading reports of social science research. A final caveat is worth noting here. The previous discussion of tables and reading the results section is applicable to quantitative articles. Quantitative articles will contain a lot of numbers and the results of statistical tests demonstrating association between those numbers. Qualitative articles, on the other hand, will consist mostly of quotations from participants. For most qualitative articles, the authors want to put their results in the words of their participants, as they are the experts. The results section may be organized by theme, with each paragraph or subsection illustrating through quotes how the authors interpret what people in their study said. Key Takeaways Reading a research article requires reading beyond the abstract. In tables presenting causal relationships, the independent variable is typically presented in the table’s columns while the dependent variables are presented in the table’s rows. When reading a research report, there are several key questions you should ask yourself for each section of the report. Glossary Abstract - the short paragraph at the beginning of an article that summarizes its main point Confidence interval - a range of values in which the true value is likely to be Null hypothesis - the assumption that no relationship exists between the variables in question p -value - a statistical measure of the probability that there is no relationship between the variables under study Statistical significance - the likelihood that the relationships that are observed could be caused by something other than chance Table - a quick, condensed summary of the report’s key findings Image Attributions CSAF releases 2009 reading list by Master Sgt. Steven Goetsch public domain",https://ecampusontario.pressbooks.pub/psychmethods3ecan/chapter/analyzing-the-data/
type-i-error,Type I error,"Research methods is my favorite course to teach. It is somewhat less popular with students, but I’m working on that issue. Part of the excitement of teaching this class comes from the uniquely open framework—students get to design a research study about a topic that interests them. By reading my students’ papers every semester, I learn about a wide range of topics relevant to social work that I otherwise would not have known about. But what topic should you choose? Chapter outline 2.1 Getting started 2.2 Sources of information 2.3 Finding literature Content advisory This chapter discusses or mentions the following topics: racism and hate groups, police violence, substance abuse, and mental health.",https://ecampusontario.pressbooks.pub/psychmethods3ecan/chapter/analyzing-the-data/
type-ii-error,Type II error,,https://ecampusontario.pressbooks.pub/psychmethods3ecan/chapter/analyzing-the-data/
psychometrics,psychometrics,,https://ecampusontario.pressbooks.pub/psychmethods3ecan/chapter/understanding-psychological-measurement/
constructs,constructs,"Learning Objectives Describe useful strategies to employ when searching for literature Identify how to narrow down search results to the most relevant sources One of the drawbacks (or joys, depending on your perspective) of being a researcher in the 21st century is that we can do much of our work without ever leaving the comfort of our recliners. This is certainly true of familiarizing yourself with the literature. Most libraries offer incredible online search options and access to important databases of academic journal articles. A literature search usually follows these steps: Building search queries Finding the right database Skimming the abstracts of articles Looking at authors and journal names Examining references Searching for meta-analyses and systematic reviews Step 1: Building a search query with keywords What do you type when you are searching for something on Google? Are you a question-asker? Do you type in full sentences or just a few keywords? What you type into a database or search engine like Google is called a query . Well-constructed queries get you to the information you need faster, while unclear queries will force you to sift through dozens of irrelevant articles before you find the ones you want. The words you use in your search query will determine the results you get. Unfortunately, different studies often use different words to mean the same thing. A study may describe its topic as substance abuse, rather than addiction. Think of different keywords that are relevant to your topic area and write them down. Often in social work research, there is a bit of jargon to learn in crafting your search queries. For example, if you wanted to learn more about people of low-income households who do not have access to a bank account, it may be helpful to include the jargon term ""unbanked"" in your search query. If you wanted to learn about children who take on parental roles in families, you may need to include “parentification” as part of your search query. As undergraduate researchers, you are not expected to know these terms ahead of time. Instead, start with the keywords you already know. Once you read more about your topic, start including new keywords that will return the most relevant search results for you. Google is a “natural language” search engine, which means it tries to use its knowledge of how people to talk to better understand your query. Google’s academic database, Google Scholar, incorporates that same approach. However, other databases that are important for social work research—such as Academic Search Complete, PSYCinfo, and PubMed—will not return useful results if you ask a question, type a sentence, or use a phrase as your search query. Unlike Google Scholar, these databases are best used by typing in keywords. Instead of typing “the effects of cocaine addiction on the quality of parenting,” you might type in “cocaine AND parenting” or “addiction AND child development.” Note: you would not actually use the quotation marks in your search query for these examples. These operators (AND, OR, NOT) are part of what is called Boolean searching. Boolean searching works like a simple computer program. Your search query is made up of words connected by operators. Searching for “cocaine AND parenting” returns articles that mention both cocaine and parenting. There are lots of articles on cocaine and lots of articles on parenting, but fewer articles that discuss both topics together. In this way, the AND operator reduces the number of results you will get from your search query because both terms must be present. The NOT operator also reduces the number of results you get from your query. For example, perhaps you wanted to exclude issues related to pregnancy. Searching for “cocaine AND parenting NOT pregnancy” would exclude articles that mentioned pregnancy from your results. Conversely, the OR operator would increase the number of results you get from your query. For example, searching for “cocaine OR parenting” would return not only articles that mentioned both words but also those that mentioned only one of your two search terms. This relationship is visualized in Figure 2.1 below. [1] As my students have said in the past, probably the most frustrating part about literature searching is looking at the number of search results for your query. How could anyone be expected to look at hundreds of thousands of articles on a topic? Don’t worry. You don’t have to read all those articles to know enough about your topic area to produce a good research study. A good search query should bring you to at least a few relevant articles to your topic, which is more than enough to get you started. However, an excellent search query can narrow down your results to a much smaller number of articles, all of which are specifically focused on your topic area. Here are some tips for reducing the number of articles in your topic area: Use quotation marks to indicate exact phrases, like “mental health” or “substance abuse.” Search for your keywords in the ABSTRACT. A lot of your results may be from articles about irrelevant topics simply that mention your search term once. If your topic isn’t in the abstract, chances are the article isn’t relevant. You can be even more restrictive and search for your keywords in the TITLE. Academic databases provide these options in their advanced search tools. Use multiple keywords in the same query. Simply adding “addiction” onto a search for “substance abuse” will narrow down your results considerably. Use a SUBJECT heading like “substance abuse” to get results from authors who have tagged their articles as addressing the topic of substance abuse. Subject headings are likely to not have all the articles on a topic but are a good place to start. Narrow down the years of your search. Unless you are gathering historical information about a topic, you are unlikely to find articles older than 10-15 years to be useful. They are less useful because they no longer tell you the current knowledge on a topic. All databases have options to narrow your results down by year. Talk to a librarian. They are professional knowledge-gatherers, and there is often a librarian assigned to your department. Their job is to help you find what you need to know. Step 2: Finding the right database The four biggest databases you will probably use for finding academic journal articles relevant to social work are: Google Scholar, Academic Search Complete, PSYCinfo, and PubMed. Each has distinct advantages and disadvantages. Because Google Scholar is a natural language search engine, you are more likely to get what you want without having to fuss with wording. It can be linked via Library Links to your university login, allowing you to access journal articles with one click on the Google Scholar page. Google Scholar also allows you to save articles in folders and provides a (somewhat correct) APA citation for each article. Google Scholar will automatically display not only journal articles, but also books, government and foundation reports, and gray literature, so you need to make sure that the source you are using is reputable. Look for the advanced search feature to narrow down your results further. Academic Search Complete is available through your school’s library, usually under page titled databases. It is similar to Google Scholar in its breadth, as it contains a number of smaller databases from a variety of social science disciplines (including Social Work Abstracts). You have to use Boolean searching techniques, and there are a number of advanced search features to further narrow down your results. PSYCinfo and PubMed focus on specific disciplines. PSYCinfo indexes articles on psychology, and PubMed indexes articles related to medical science. Because these databases are more narrowly targeted, you are more likely to get the specific psychological or medical knowledge you desire. If you were to use a more general search engine like Google Scholar, you may get more irrelevant results. Finally, it is worth mentioning that many university libraries have a meta-search engine which searches all the databases to which they have access. Step 3: Skimming abstracts and downloading articles Once you’ve settled on your search query and database, you should start to see articles that might be relevant to your topic. Rather than read every article, skim through the abstract to judge whether this article is relevant to your specific topic. If you like the article, make sure to download the full text PDF to your computer so you can read it later. Part of the tuition and fees your university charges you goes to paying major publishers of academic journals for the privilege of accessing their articles. Because access fees are incredibly costly, your school likely does not pay for access to all the journals in the world. While you are in school, you should never have to pay for access to an academic journal article. Instead, if your school does not subscribe to a journal you need to read, try using inter-library loan to get the article. On your university library’s homepage, there is likely a link to inter-library loan. Just enter the information for your article (e.g. author, publication year, title), and a librarian will work with librarians at other schools to get you the PDF of the article that you need. After you leave school, getting a PDF of an article becomes more challenging. However, you can always ask an author for a copy of their article. They will usually be happy to hear someone is interested in reading and using their work. What do you do with all of those PDFs? I usually keep mine in folders on my cloud storage drive, arranged by topic. For those who are more ambitious, you may want to use a reference manager like Mendeley or RefWorks, which can help keep your sources and notes organized. At the very least, take notes on each article and think about how it might be of use in your study. Step 4: Searching for author and journal names As you scroll through the list of articles in your search results, you should begin to notice that certain authors appear more than once. If you find an author that has written multiple articles on your topic, consider searching the AUTHOR field for that particular author. You can also search the web for that author’s Curriculum Vitae or CV (an academic resume) that will list their publications. Many authors maintain personal websites or host their CV on their university department’s webpage. Just type in their name and “CV” into a search engine. For example, you may find Michael Sherraden’s name often if your search terms are about assets and poverty. You can find his CV on the Washington University of St. Louis website. You can also narrow down your results by journal name. As you are scrolling, you should also notice that many of the articles you’ve skimmed come from the same journals. Searching with that journal name in the JOURNAL field will allow you to narrow down your results to just that journal. For example, if you are searching for articles related to values and ethics in social work, you might want to search within the Journal of Social Work Values and Ethics. You can also navigate to the journal’s webpage and browse the abstracts of the latest issues. Step 5: Examining references As you begin to read your articles, you’ll notice that the authors cite additional articles that are likely relevant to your topic area. This is called archival searching. Unfortunately, this process will only allow you to see relevant articles from before the publication date. That is, the reference section of an article from 2014 will only have references from pre-2014. You can use Google Scholar’s “cited by” feature to do a future-looking archival search. Look up an article on Google Scholar and click the “cited by” link. This is a list of all the articles that cite the article you just read. Google Scholar even allows you to search within the “cited by” articles to narrow down ones that are most relevant to your topic area. For a brief discussion about archival searching check out this article by Hammond & Brown (2008): http://www.infotoday.com/cilmag/may08/Hammond_Brown.shtml . [2] Step 6: Searching for systematic reviews and other sources Another way to save time in literature searching is to look for articles that synthesize the results of other articles. Systematic reviews provide a summary of the existing literature on a topic. If you find one on your topic, you will be able to read one person’s summary of the literature and go deeper by reading their references. Similarly, meta-analyses and meta-syntheses have long reference lists that are useful for finding additional sources on a topic. They use data from each article to run their own quantitative or qualitative data analysis. In this way, meta-analyses and meta-syntheses provide a more comprehensive overview of a topic. To find these kinds of articles, include the term “meta-analysis,” “meta-synthesis,” or “systematic review” to your search terms. Another way to find systematic reviews is through the Cochrane Collaboration or Campbell Collaboration. These institutions are dedicated to producing systematic reviews for the purposes of evidence-based practice. Putting it all together Familiarizing yourself with research that has already been conducted on your topic is one of the first stages of conducting a research project and is crucial for coming up with a good research design. But where to start? How to start? Earlier in this chapter you learned about some of the most common databases that house information about published social work research. As you search for literature, you may have to be fairly broad in your search for articles. Let’s walk through an example. Dr. Blackstone, one of the original authors of this textbook, relates an example from her research methods class: On a college campus nearby, much to the chagrin of a group of student smokers, smoking was recently banned. These students were so upset by the idea that they would no longer be allowed to smoke on university grounds that they staged several smoke-outs during which they gathered in populated areas around campus and enjoyed a puff or two together. A student in her research methods class wanted to understand what motivated this group of students to engage in activism centered on what she perceived to be, in this age of smoke-free facilities, a relatively deviant act. Were the protesters otherwise politically active? How much effort and coordination had it taken to organize the smoke-outs? The student researcher began her research by attempting to familiarize herself with the literature on her topic, yet her search in Academic Search Complete for “college student activist smoke-outs,” yielded no results. Concluding there was no prior research on her topic, she informed her professor that she would not be able to write the required literature review since there was no literature for her to review. How do you suppose her professor responded to this news? What went wrong with this student’s search for literature? In her first attempt, the student had been too narrow in her search for articles. But did that mean she was off the hook for completing a literature review? Absolutely not. Instead, she went back to Academic Search Complete and searched again using different combinations of search terms. Rather than searching for “college student activist smoke-outs” she tried searching for ""college student activism,"" among other sets of terms. This time, her search yielded many related articles. Of course, they were not focused on pro-smoking activist efforts, but they were focused on her population of interest, college students, and on her broad topic of interest, activism. Her professor suggested that reading articles on college student activism might illuminate what other researchers have found in terms of motivational factors that influence college students to become involved in activism. Her professor also suggested she could switch up her search terms and look for research on activism about other sorts of deviant activities, such as marijuana use or veganism. In other words, she needed to be broader in her search for articles. While this student found success by broadening her search for articles, her reading of those articles needed to be narrower than her search. Once she identified a set of articles to review by searching broadly, it was time to remind herself of her specific research focus: college student activist smoke-outs. Keeping in mind her particular research interest while reviewing the literature gave her the chance to think about how the theories and findings covered in prior studies might or might not apply to her particular point of focus. For example, theories on what motivates activists to get involved might tell her something about the likely reasons the students she planned to study got involved. At the same time, those theories might not cover all the particulars of student participation in smoke-outs. Thinking about the different theories then gave the student the opportunity to focus her research plans and develop a few hypotheses about her anticipated findings. Key Takeaways When identifying and reading relevant literature, be broad in your search for articles but be narrow in your reading of articles. Conducting a literature search involves the skillful use of keywords to find relevant articles. It is important to narrow down the number of articles in your search results to only those articles that are most relevant to your inquiry. Glossary Query - search terms used in a database to find sources Image Attributions Magnifying glass google by Simon CC-0 Librarian at the Card Files at Senior High School in New Ulm Minnesota by David Rees CC-0 No smoking by OpenIcons CC-0",https://ecampusontario.pressbooks.pub/psychmethods3ecan/chapter/understanding-psychological-measurement/
levels-of-measurement,levels of measurement,"Learning Objectives Define and describe informed consent Identify the unique concerns related to studying vulnerable populations Differentiate between anonymity and confidentiality Explain the ethical responsibilities of social workers conducting research As should be clear by now, conducting research on humans presents a number of unique ethical considerations. Human research subjects must be given the opportunity to consent to their participation, after being fully informed of the study's risks, benefits, and purpose. Further, subjects’ identities and the information they share should be protected by researchers. Of course, the definitions of consent and identity protection may vary by individual researcher, institution, or academic discipline. In section 5.1, we examined the role that institutions play in shaping research ethics. In this section, we’ll look at a few specific topics that individual researchers and social workers must consider before conducting research with human subjects. Informed consent All social work research projects involve the voluntary participation of all human subjects. In other words, we cannot force anyone to participate in our research without their knowledge and consent, unlike the experiment in Truman Show . Researchers must therefore design procedures to obtain subjects’ informed consent to participate in their research. Informed consent is defined as a subject’s voluntary agreement to participate in research based on a full understanding of the research and of the possible risks and benefits involved. Although it sounds simple, ensuring that one has actually obtained informed consent is a much more complex process than you might initially presume. The first requirement to obtain informed consent is that participants may neither waive nor even appear to waive any of their legal rights. In addition, if something were to go wrong during their participation in research, participants cannot release the researcher, the researcher's sponsor, or any institution from any legal liability (USDHHS, 2009). [3] Unlike biomedical research, for example, social work research does not typically involve asking subjects to place themselves at risk of physical harm. Because of this, social work researchers often do not have to worry about potential liability, however their research may involve other types of risks. For example, what if a social work researcher fails to sufficiently conceal the identity of a subject who admits to participating in a local swinger’s club? In this case, a violation of confidentiality may negatively affect the participant’s social standing, marriage, custody rights, or employment. Social work research may also involve asking about intimately personal topics, such as trauma or suicide that may be difficult for participants to discuss. Participants may re-experience traumatic events and symptoms when they participate in your study. Even after fully informing the participants of all risks before they consent to the research process, there is the possibility of raising difficult topics that prove overwhelming for participants. In cases like these, it is important for a social work researcher to have a plan to provide supports, such as referrals to community counseling or even calling the police if the participant is a danger to themselves or others. It is vital that social work researchers craft their consent forms to fully explain their mandatory reporting duties and ensure that subjects understand the terms before participating. Researchers should also emphasize to participants that they can stop the research process at any time or decide to withdraw from the research study for any reason. Importantly, it is not the job of the social work researcher to act as a clinician to the participant. While a supportive role is certainly appropriate for someone experiencing a mental health crisis, social workers must ethically avoid dual roles. Referring a participant in crisis to other mental health professionals who may be better able to help them is preferred. In addition to legal issues, most IRBs are also concerned with details of the research, including: the purpose of the study, possible benefits of participation, and most importantly, potential risks of participation. Further, researchers must describe how they will protect subjects’ identities, all details regarding data collection and storage, and provide a contact reached for additional information about the study and the subjects’ rights. All of this information is typically shared in an informed consent form that researchers provide to subjects. In some cases, subjects are asked to sign the consent form indicating that they have read it and fully understand its contents. In other cases, subjects are simply provided a copy of the consent form and researchers are responsible for making sure that subjects have read and understand the form before proceeding with any kind of data collection. Figure 5.1 showcases a sample informed consent form taken from a research project on child-free adults. Note that this consent form describes a risk that may be unique to the particular method of data collection being employed: focus groups. Figure 5.1 Sample informed consent form [4] When preparing to obtain informed consent, it is important to consider that not all potential research subjects are considered equally competent or legally allowed to consent to participate in research. Subjects from vulnerable populations may be at risk of experiencing undue influence or coercion. [5] The rules for consent are more stringent for vulnerable populations. For example, minors must have the consent of a legal guardian in order to participate in research. In some cases, the minors themselves are also asked to participate in the consent process by signing special, age-appropriate consent forms. Vulnerable populations raise many unique concerns because they may not be able to fully consent to research participation. Researchers must be concerned with the potential for underrepresentation of vulnerable groups in studies. On one hand, researchers must ensure that their procedures to obtain consent are not coercive, as the informed consent process can be more rigorous for these groups. On the other hand, researchers must also work to ensure members of vulnerable populations are not excluded from participation simply because of their vulnerability or the complexity of obtaining their consent. While there is no easy solution to this double-edged sword, an awareness of the potential concerns associated with research on vulnerable populations is important for identifying whatever solution is most appropriate for a specific case. Protection of identities As mentioned earlier, the informed consent process requires researchers to outline how they will protect the identities of subjects. This aspect of the process, however, is one of the most commonly misunderstood aspects of research. In protecting subjects’ identities, researchers typically promise to maintain either the anonymity or confidentiality of their research subjects. Anonymity is the more stringent of the two. When a researcher promises anonymity to participants, not even the researcher is able to link participants’ data with their identities. Anonymity may be impossible for some social work researchers to promise because several of the modes of data collection that social workers employ. Face-to-face interviewing means that subjects will be visible to researchers and will hold a conversation, making anonymity impossible. In other cases, the researcher may have a signed consent form or obtain personal information on a survey and will therefore know the identities of their research participants. In these cases, a researcher should be able to at least promise confidentiality to participants. Offering confidentiality means that some of the subjects' identifying information is known and may be kept, but only the researcher can link identity to data with the promise to keep this information private. Confidentiality in research and clinical practice are similar in that you know who your clients are, but others do not, and you promise to keep their information and identity private. As you can see under the “Risks” section of the consent form in Figure 5.1, sometimes it is not even possible to promise that a subject’s confidentiality will be maintained. This is the case if data collection takes place in public or in the presence of other research participants, like in a focus group study. Social workers also cannot promise confidentiality in cases where research participants pose an imminent danger to themselves or others, or if they disclose abuse of children or other vulnerable populations. These situations fall under a social worker’s duty to report, which requires the researcher to prioritize their legal obligations over participant confidentiality. Protecting research participants’ identities is not always a simple prospect, especially for those conducting research on stigmatized groups or illegal behaviors. Sociologist Scott DeMuth learned how difficult this task was while conducting his dissertation research on a group of animal rights activists. As a participant observer, DeMuth knew the identities of his research subjects. When some of his research subjects vandalized facilities and removed animals from several research labs at the University of Iowa, a grand jury called on Mr. DeMuth to reveal the identities of the participants in the raid. When DeMuth refused to do so, he was jailed briefly and then charged with conspiracy to commit animal enterprise terrorism and cause damage to the animal enterprise (Jaschik, 2009). [6] Publicly, DeMuth’s case raised many of the same questions as Laud Humphreys’ work 40 years earlier. What do social scientists owe the public? By protecting his research subjects, is Mr. DeMuth harming those whose labs were vandalized? Is he harming the taxpayers who funded those labs, or is it more important that he emphasize the promise of confidentiality to his research participants? DeMuth’s case also sparked controversy among academics, some of whom thought that as an academic himself, DeMuth should have been more sympathetic to the plight of the faculty and students who lost years of research as a result of the attack on their labs. Many others stood by DeMuth, arguing that the personal and academic freedom of scholars must be protected whether we support their research topics and subjects or not. DeMuth’s academic adviser even created a new group, Scholars for Academic Justice ( http://sajumn.wordpress.com ), to support DeMuth and other academics who face persecution or prosecution as a result of the research they conduct. What do you think? Should DeMuth have revealed the identities of his research subjects? Why or why not? Disciplinary considerations Often times, specific disciplines will provide their own set of guidelines for protecting research subjects and, more generally, for conducting ethical research. For social workers, the National Association of Social Workers (NASW) Code of Ethics section 5.02 describes the responsibilities of social workers in conducting research. Summarized below, these guidelines outline that as a representative of the social work profession, it is your responsibility to conduct to conduct and use research in an ethical manner. A social worker should: Monitor and evaluate policies, programs, and practice interventions Contribute to the development of knowledge through research Keep current with the best available research evidence to inform practice Ensure voluntary and fully informed consent of all participants Avoid engaging in any deception in the research process Allow participants to withdraw from the study at any time Provide access for participants to appropriate supportive services Protect research participants from harm Maintain confidentiality Report findings accurately Disclose any conflicts of interest Key Takeaways Researchers must obtain the informed consent of the people who participate in their research. Social workers must take steps to minimize the harms that could arise during the research process. If a researcher promises anonymity, they cannot link individual participants with their data. If a researcher promises confidentiality, they promise not to reveal the identities of research participants, even though they can link individual participants with their data. The NASW Code of Ethics includes specific responsibilities for social work researchers. Glossary Anonymity - the identity of research participants is not known to researchers Confidentiality - identifying information about research participants is known to the researchers but is not divulged to anyone else Informed consent - a research subject’s voluntary agreement to participate in a study based on a full understanding of the study and of the possible risks and benefits involved Image attributions consent by Catkin CC-0 Anonymous by kalhh CC-0",https://ecampusontario.pressbooks.pub/psychmethods3ecan/chapter/understanding-psychological-measurement/
cronbach-s,Cronbach’s α,,https://ecampusontario.pressbooks.pub/psychmethods3ecan/chapter/reliability-and-validity-of-measurement/
face-validity,Face validity,,https://ecampusontario.pressbooks.pub/psychmethods3ecan/chapter/reliability-and-validity-of-measurement/
predictive-validity,predictive validity,,https://ecampusontario.pressbooks.pub/psychmethods3ecan/chapter/reliability-and-validity-of-measurement/
convergent-validity,convergent validity,,https://ecampusontario.pressbooks.pub/psychmethods3ecan/chapter/reliability-and-validity-of-measurement/
discriminant-validity,Discriminant validity,,https://ecampusontario.pressbooks.pub/psychmethods3ecan/chapter/reliability-and-validity-of-measurement/
socially-desirable-responding,socially desirable responding,,https://ecampusontario.pressbooks.pub/psychmethods3ecan/chapter/practical-strategies-for-psychological-measurement/
demand-characteristics,demand characteristics,,https://ecampusontario.pressbooks.pub/psychmethods3ecan/chapter/practical-strategies-for-psychological-measurement/
conditions,conditions,"Learning Objectives Explain how information is created and how it evolves over time Select appropriate sources for your inquiry Describe the strengths and limitations of each type of source Because a literature review is a summary and analysis of the relevant publications on a topic, we first have to understand what is meant by “the literature.” In this case, “the literature” is a collection of all of the relevant written sources on a topic. Disciplines of knowledge When drawing boundaries around an idea, topic, or subject area, it is helpful to think about how and where the information for the field is produced. For this, you need to identify the disciplines of knowledge production in a subject area. Information does not exist in the environment like some kind of raw material, rather it is produced by individuals working within a particular field of knowledge who use specific methods for generating new information. Disciplines consume, produce, and disseminate knowledge. Looking through a university’s course catalog gives clues to disciplinary structure. Fields such as political science, biology, history, and mathematics are unique disciplines, as is social work. Each has its own logic for how and where new knowledge is introduced and made accessible. You will need to become comfortable with identifying the disciplines that might contribute information to any search. When you do this, you will also learn how to decode the way people talk about a topic within certain disciplines. This will be useful when you begin a review of the literature in your area of study. For example, think about the disciplines that might contribute information to a topic such as the role of sports in society. Try to anticipate the type of perspective each discipline might have on the topic. Consider the following types of questions as you examine what different disciplines might contribute: What is important about the topic to the people in that discipline? What is most likely to be the focus of their study about the topic? What perspective would they be likely to have on the topic? In this example, we identify two disciplines that have something to say about the role of sports in society: the human service professions of nursing and social work. What would each of these disciplines raise as key questions or issues related to that topic? A nursing researcher might study how sports affect individuals' health and well-being, how to assess and treat sports injuries, or the physical conditioning required for athletics. A social work researcher might study how schools privilege or punish student athletes, how athletics impact social relationships and hierarchies, or the differences between boys' and girls' participation in organized sports. In this example, we see that a single topic can be approached from many different perspectives depending on how the disciplinary boundaries are drawn and how the topic is framed. Nevertheless, it is useful for a social worker to be aware of the nursing literature, as they could better appreciate the physical toll that sports take on athletes' bodies and how that may interact with other issues. An interdisciplinary perspective is usually a more comprehensive perspective. Types of sources “The literature” consists of the published works that document a scholarly conversation on a specific topic within and between disciplines. In “the literature,” you will find documents that explain the background of your topic. You will also find controversies and unresolved questions that can inspire your own project. By now in your social work academic career, you’ve probably heard that you need to get “peer-reviewed journal articles.” But what are those exactly? How do they differ from news articles or encyclopedias? This section of the text will help you to differentiate the different types of literature. First, let’s discuss periodicals. Periodicals include journals, trade publications, magazines, and newspapers. While they may appear similar, particularly online, each of these periodicals has unique features designed for a specific purpose. Magazine and newspaper articles are usually written by journalists. They are intended to be short and understandable for the average adult, they contain color images and advertisements, and they are designed as commodities to be sold to an audience. Magazines may contain primary or secondary literature depending on the article in question. The New Social Worker is an excellent magazine for social workers. An article that is a primary source would gather information as an event happened, like an interview with a victim of a local fire, or relate original research done by the journalists, like the Guardian newspaper’s The Counted webpage which tracks how many people were killed by police officers in the United States. [1] You may be wondering if magazines are acceptable sources of information in a research methods course. If you were in my class, I would advise against using magazines as sources. There are some exceptions like the Guardian page mentioned above or breaking news about a policy or community, but I advise against using magazines and newspapers because most of the information they publish is secondary literature. Secondary sources interpret, discuss, and summarize primary sources. Often, news articles will summarize a study done in an academic journal. Your job in this course is to read the original source of the information , in this case, the academic journal article itself. Journalists are not scientists. If you have seen articles about how chocolate cures cancer or how drinking whiskey can extend your life, you should understand how journalists can exaggerate or misinterpret results. Careful scholars will critically examine the primary source, rather than relying on someone else’s summary. Many newspapers and magazines also contain opinion articles, which are even less reputable, as the author will choose facts to support their viewpoint and exclude facts that contract their viewpoint. Nevertheless, newspaper and magazine articles are excellent places to start your journey into the literature, as they do not require specialized knowledge to understand and may inspire deeper inquiry. Unlike magazines and newspapers, trade publications may take some specialized knowledge to understand. Trade publications or trade journals are periodicals directed to members of a specific profession. They often have information about industry trends and practical information for people working in the field. Trade publications are somewhat more reputable than newspapers or magazines because the authors are specialists on their field. NASW News is a good example of a trade publication in social work, published by the National Association of Social Workers. Its intended audience is social work practitioners who want to know about important practice issues. They report news and trends in a field but not scholarly research. They may also provide product or service reviews, job listings, and advertisements. So, can you use trade publications in a formal research proposal? In my class, I would advise against it, as a main shortcoming of trade publications is their lack of peer review. P eer review refers to a formal process in which other esteemed researchers and experts ensure your work meets the standards and expectations of the professional field. While trade publications do contain a staff of editors, the level of review is not as stringent as academic journal articles. On the other hand, if you are doing a study about practitioners, then trade publications may be quite relevant sources for your proposal. As illustrated below, peer review is the part of the publication cycle that acts as the gate-keeper to ensure that only top-quality articles are published. While peer review is far from perfect, the process provides for stricter scrutiny of scientific publications. In summary, newspapers and other popular press publications are useful for getting general topic ideas. Trade publications are useful for practical application in a profession and may also be a good source of keywords for future searching. Scholarly journals are the conversation of the scholars who are doing research in a specific discipline and publishing their research findings. Types of journal articles As you’ve probably heard by now, academic journal articles are regarded as the most reputable sources of information, particularly in research methods courses. Journal articles are written by scholars with the intended audience of other scholars (like you!) interested in the subject matter. The articles are often long and contain extensive references for the arguments made by the author. The journals themselves are often dedicated to a single topic, like violence or child welfare, and include articles that seek to advance the body of knowledge about their chosen topic. Most journals are peer-reviewed or refereed, which means a panel of scholars reviews articles to decide if they should be accepted into a specific publication. Scholarly journals provide articles of interest to experts or researchers in a discipline. An editorial board of respected scholars (peers) reviews all articles submitted to a journal. Editors and volunteer reviewers decide if the article provides a noteworthy contribution to the field and if it should be published. For this reason, journal articles are the main source of information for researchers and for literature reviews. You can tell whether a journal is peer reviewed by going to its website. Usually, under the “About Us” section, the website will list the editorial board or otherwise note its procedures for peer review. If a journal does not provide such information, you may have found a “predatory journal.” These journals will publish any article—no matter how bad it is—as long as the author pays them. Not all journals are created equal! A kind of peer review also occurs after publication. Scientists regularly read articles and use them to inform their research. A seminal article is “a classic work of research literature that is more than 5 years old and is marked by its uniqueness and contribution to professional knowledge” (Houser, 2018, p. 112). [2] Basically, it is a really important article. Seminal articles are cited a lot in the literature. You can see how many authors have cited an article using Google Scholar’s citation count feature when you search for the article. Generally speaking, articles that have been cited more often are considered more reputable. There is nothing wrong with citing an article with a low citation count, but it is an indication that not many other scholars have found the source to be useful or important. Journal articles fall into a few different categories. Empirical articles apply theory to a behavior and reports the results of a quantitative or qualitative data analysis conducted by the author. Just because an article includes quantitative or qualitative results does not mean it is an empirical journal article. Since most articles contain a literature review with empirical findings, you need to make sure the findings reported in the study are from the author’s own analysis. Fortunately, empirical articles follow a similar structure—introduction, method, results, and discussion sections appear in that order. While the exact headings may differ slightly from publication to publication and other sections like conclusions, implications, or limitations may appear, this general structure applies to nearly all empirical journal articles. Theoretical articles , by contrast, do not follow a set structure. They follow whatever format the author finds most useful to organize their information. Theoretical articles discuss a theory, conceptual model, or framework for understanding a problem. They may delve into philosophy or values, as well. Theoretical articles help you understand how to think about a topic and may help you make sense of the results of empirical studies. Practical articles describe “how things are done” (Wallace & Wray, 2016, p. 20). [3] They are usually shorter than other types of articles and are intended to inform practitioners of a discipline on current issues. They may also provide a reflection on a “hot topic” in the practice domain, a complex client situation, or an issue that may affect the profession as a whole. No one type of article is better than the other, as each serves a different purpose. Seminal articles relevant to your topic area are important to read because of their influence on the field. Theoretical articles will help you understand the social theory behind your topic. Empirical articles should test those theories quantitatively or create those theories qualitatively, a process we will discuss in greater detail later in this book. Practical articles will help you understand a practitioner’s perspective, though these are less useful when writing a literature review, as they only present a single person’s opinions on a topic. Other sources of information As mentioned earlier, newspaper and magazine articles are good places to start your search, though they should not be the end of your search. Another source that students commonly flock to is Wikipedia. Wikipedia is a marvel of human knowledge, as anyone can contribute to the digital encyclopedia. The entries for each Wikipedia article are overseen by skilled and specialized editors who volunteer their time and knowledge to making sure their articles are correct and up to date. Wikipedia is an example of a tertiary source. We reviewed primary and secondary sources in the previous section. Tertiary sources synthesize or distill primary and secondary sources. Examples of tertiary sources include encyclopedias, directories, dictionaries, and textbooks like this one. Tertiary sources are an excellent place to start, but are not a good place to end your search. A student might consult Wikipedia or the Encyclopedia of Social Work (available at http://socialwork.oxfordre.com/ ) to get a general idea of the topic. As we’ve discussed, secondary and tertiary sources are great places to begin gathering background information on a topic, but as your study of the topic progresses towards your research project, you will have to begin using primary sources. Academic journal articles are one of the primary sources that we will discuss the most in this textbook, as they are an excellent source to use in formal research papers. However, it is important to understand how other types of sources can be utilized as well. Books contain important scholarly information. They are particularly helpful for theoretical, philosophical, and historical inquiry. For example, in my research on self-determination for individuals with intellectual and developmental disabilities, I needed to define and explore the concept of self-determination. I learned how to define it from the philosophical literature on self-determination and the advocacy literature contained in books. You can use books to learn definitions and key concepts, to identify keywords, and to find additional resources for further information. They will also help you to understand the scope of the topic, its underlying foundations, and how the topic has developed over time. You may notice that some books contain chapters that resemble academic journal articles. These are called edited volumes , and they contain articles that may not have made it into academic journals or seminal articles that are republished in the book. Edited volumes are considered less reputable than journal articles, as they do not have as strong of a peer review process. However, papers in social science journals will often include references to books and edited volumes. In addition to peer-reviewed academic journal articles and books, conferences are another great source of information. At conferences such as the Council on Social Work Education’s Annual Program Meeting or your state’s NASW conference, researchers present papers on their most recent research and obtain feedback from the audience. The papers presented at conferences are sometimes published in a volume called a conference proceeding, which highlights current discussions in a discipline and can lead you to scholars who are interested in specific research areas. If you are looking to use a conference proceeding as a source for your research paper, it is important to note that several factors can make them particularly difficult to find. Papers that are delivered at professional conferences are not always fully published in print or electronic form. The abstract of a paper may be available; however the full paper may only be available to the author(s). If you have any difficulty accessing a conference proceeding or paper, ask a librarian for assistance. Another source of information is the gray literature , which is research and information released by non-commercial publishers, such as government agencies, policy organizations, and think-tanks. If you have already taken a policy class, perhaps you’ve come across the Center on Budget and Policy Priorities ( https://www.cbpp.org/ ). CBPP is a think tank, or a group of scholars, that conducts research and performs advocacy on social issues. Similarly, students often find the Centers for Disease Control website helpful for understanding the prevalence of social problems like mental illness and child abuse. It is important to note that there are potential limitations to using gray literature as a source, such as the potential for biased information. Typically, think tanks and policy organizations have a specific viewpoint that they support. For example, there are conservative, liberal, and libertarian think tanks and policy organizations may be funded by private businesses to push a given message to the public. On the other hand, government agencies are generally more objective, though they may be less critical in their opinions of government programs than other sources. The main shortcoming of gray literature is the lack of peer review that is found in academic journal articles, though many gray literature sources are of good quality. Additional sources of gray literature include dissertations and theses. These two sources are rich, and they often contain extensive reference lists that you can scan for further resources, however they are considered gray literature because they are not peer reviewed. The accuracy and validity of the paper itself may depend on the school that awarded the doctoral or master’s degree to the author. Having completed a dissertation myself, I know that they take a long time to write and a long time to read through. If you come across a dissertation that is relevant, it is a good idea to read the literature review and plumb the sources the author uses in your literature search. However, the data analysis from these sources is considered less reputable as it has not passed through peer review yet. Consider searching for journal articles by the author to see if any of the results passed peer review. You will also be thankful that journal articles are much shorter than dissertations and theses! The final source of information we must talk about is webpages. My graduate research focused on substance abuse and drugs, and I was fond of reading Drug War Rant ( http://www.drugwarrant.com/ ), a blog about drug policy. It provided me with breaking news about drug policy and editorial opinion about the drug war. I would never cite the blog in a research proposal, but it was an excellent source of information that warranted further investigation. Webpages will also help you locate professional organizations and human service agencies that address your research topic. The website of an organization may include social media feeds, reports, publications, or “news” sections that can clue you into important topics to study. Because anyone can begin their own webpage, they are usually not considered scholarly sources to use in formal writing, but they are still useful when you are first learning about a topic. Additionally, many advocacy webpages will provide references for the facts they cite, providing you with the primary source of the information. As you think about each source, remember: All information sources are not created equal. Sources can vary greatly in terms of how carefully they are researched, written, edited, and reviewed for accuracy. Common sense will help you identify obviously questionable sources, such as tabloids that feature tales of alien abductions, or personal websites with glaring typos. Sometimes, however, a source’s reliability—or lack of it—is not so obvious…You will consider criteria such as the type of source, its intended purpose and audience, the author’s (or authors’) qualifications, the publication’s reputation, any indications of bias or hidden agendas, how current the source is, and the overall quality of the writing, thinking, and design. (Writing for Success, 2015, p. 448). [4] While each of these sources is an important part of how we learn about a topic, your research should focus on finding academic journal articles about your topic. These are the primary sources of the research world. While it may be acceptable and necessary to use other primary sources—like books, government reports, or an investigative article by a newspaper or magazine—academic journal articles are preferred. Finding these journal articles is the topic of the next section. Key Takeaways Social work involves reading research from a variety of disciplines. While secondary and tertiary sources are okay to start with, primary sources provide the most accurate and authoritative information about a topic. Peer-reviewed journal articles are considered the best source of information for literature reviews, though other sources are often used. Peer review is the process by which other scholars evaluate the merits of an article before publication. Social work research requires critical evaluation of each source in a literature review Glossary Empirical articles - apply theory to a behavior and report the results of a quantitative or qualitative data analysis conducted by the author Gray literature - research and information released by non-commercial publishers, such as government agencies, policy organizations, and think-tanks Peer review - a formal process in which other esteemed researchers and experts ensure your work meets the standards and expectations of the professional field Practical articles - describe “how things are done” in practice (Wallace & Wray, 2016, p. 20) Primary source - published results of original research studies Secondary source - interpret, discuss, summarize original sources Seminal articles – classic work noted for its contribution to the field and its high citation count Tertiary source - synthesizes or distills primary and secondary sources, such as Wikipedia Theoretical articles – articles that discuss a theory, conceptual model or framework for understanding a problem Image Attributions Knowledge by geralt CC-0 Yahoo news portal by Simon CC-0 Research journals by M. Imran CC-0 Books door entrance culture by ninocare CC-0",https://ecampusontario.pressbooks.pub/psychmethods3ecan/chapter/experiment-basics/
manipulate,manipulate,"Learning Objectives Identify and distinguish between micro-, meso-, and macro-level considerations with respect to the ethical conduct of social scientific research One useful way to think about the breadth of ethical questions that might arise out of any research project is to think about potential issues from the perspective of different analytical levels. In Chapter 1, you learned about the micro-, meso-, and macro-levels of inquiry and how a researcher’s specific point of focus might vary depending on her level of inquiry. Here we’ll apply this ecological framework to a discussion of research ethics. Within most research projects, there are specific questions that arise for researchers at each of these three levels. At the micro-level, researchers must consider their own conduct and the rights of individual research participants. For example, did Stanley Milgram behave ethically when he allowed research participants to think that they were administering electronic shocks to fellow participants? Did Laud Humphreys behave ethically when he deceived his research subjects about his own identity? Were the rights of individuals in these studies protected? These are the type of questions you will want to ask yourself as a researcher when considering ethics at the micro-level. At the meso-level, researchers should think about their duty to the community. How will the results of your study impact your target population? Ideally, your results will benefit your target population by identifying important areas for social workers to intervene. However, it is possible that your study may perpetuate negative stereotypes about your target population or damage its reputation. Indigenous people, in particular, have highlighted how social science has historically furthered their marginalization (Smith, 2013). [5] In addition to your target population, you must also consider your responsibilities to the profession of social work. By engaging in social work research, you are standing on the reputation that the profession has worked to build for over a century. Attending to research ethics helps fulfill your responsibilities to the profession, in addition to your target population. Finally, at the macro-level, a researcher should consider their duty to society and the expectations that society has of them as a social worker. The most troubling and high-profile example of an ethical debate at the macro-level questions whether it is ethical to utilize or cite information obtained by the Nazi's horrendous human experiments during WWII (Moe, 1984). [6] Some argue that because the data were gathered in such an unquestionably unethical manner, they should never be used. Further, some who argue against using the Nazi data point out that not only were the experiments immoral but the methods used to collect data were also scientifically questionable. The data, say these people, are neither valid nor reliable and should therefore not be used in any current scientific investigation (Berger, 1990). [7] On the other hand, some people argue that data themselves are neutral; that “information gathered is independent of the ethics of the methods and that the two are not linked together” (Pozos, 1992, p. 104). [8] Others point out that not using the data could inadvertently strengthen the claims of those who deny that the Holocaust ever happened. In his striking statement in support of publishing the data, medical ethics professor Velvl Greene (1992) says, Instead of banning the Nazi data or assigning it to some archivist or custodial committee, I maintain that it be exhumed, printed, and disseminated to every medical school in the world along with the details of methodology and the names of the doctors who did it, whether or not they were indicted, acquitted, or hanged.…Let the students and the residents and the young doctors know that this was not ancient history or an episode from a horror movie where the actors get up after filming and prepare for another role. It was real. It happened yesterday (p. 169–170). [9] While debates about the use of data collected by the Nazis are typically centered on medical scientists’ use of them, there are conceivable circumstances under which these data might be used by social scientists. Perhaps, for example, a social scientist might wish to examine contemporary reactions to the experiments, or perhaps the data could be used in a study of the sociology of science. What do you think? Should data gathered by the Nazis be used or cited today? What arguments can you make in support of your position, and how would you respond to those who disagree? Table 5.1 summarizes the key questions that researchers might ask themselves about the ethics of their research at each level of inquiry. Table 5.1 Key ethics questions at three different levels of inquiry Level of inquiry Focus Key ethics questions for researchers to ask themselves Micro-level Individual Does my research impinge on the individual's right to privacy? Could my research offend subjects in any way? Could my research cause emotional distress to any of my subjects? Has my own conduct been ethical throughout the research process? Meso-level Group Does my research follow the ethical guidelines of my profession and discipline? Could my research negatively impact a community? Have I met my duty to those who funded my research? Macro-level Society Does my research meet the societal expectations of social research? Have I met my social responsibilities as a researcher? Key Takeaways At the micro-level, researchers should consider their own conduct and the rights of individual research participants. At the meso-level, researchers should consider the expectations of their profession, any organizations that may have funded their research, and the communities affected by their research. At the macro-level, researchers should consider their duty to and the expectations of society with respect to social scientific research.",https://ecampusontario.pressbooks.pub/psychmethods3ecan/chapter/experiment-basics/
confounding-variable,confounding variable,,https://ecampusontario.pressbooks.pub/psychmethods3ecan/chapter/experiment-basics/
control-condition,control condition,"I can spend hours looking for articles online. I love browsing around and searching on Google Scholar for articles to download and read. However, I begin to feel overwhelmed once I realize that must read all the articles I've saved. It certainly takes a lot of time to do it correctly, even for faculty. In this chapter, we will learn how to understand and evaluate the sources you find. We will also review how your research questions might change as you start reading in your area of interest and learn more about your topic. Chapter outline 3.1 Reading an empirical journal article 3.2 Evaluating sources 3.3 Refining your question Content advisory This chapter discusses or mentions the following topics: sexual harassment and gender-based violence, mental health, pregnancy, and obesity.",https://ecampusontario.pressbooks.pub/psychmethods3ecan/chapter/experiment-basics/
placebo,placebo,,https://ecampusontario.pressbooks.pub/psychmethods3ecan/chapter/experiment-basics/
placebo-effect,placebo effect,"Learning Objectives Define a paradigm and describe its significance Identify and describe the four predominant paradigms found in the social sciences Define theory Describe the role that theory plays in social work research The terms paradigm and theory are often used interchangeably in social science, although social scientists do not always agree whether these are identical or distinct concepts. In this text, I will make a clear distinction between the two ideas. Regarding them as analytically distinct will provide a useful framework for understanding the connections between research methods and social scientific ways of thinking. Paradigms in social science For our purposes, we’ll define paradigm as a way of viewing the world (or “analytic lens” akin to a set of glasses) and a framework from which to understand the human experience (Kuhn, 1962). [10] It can be difficult to fully grasp the idea of paradigmatic assumptions because we are very ingrained in our own, personal everyday way of thinking. For example, let’s look at people’s views on abortion. To some, abortion is a medical procedure that should be undertaken at the discretion of each individual woman. To others, abortion is murder and members of society should collectively have the right to decide when, if at all, abortion should be undertaken. Chances are, if you have an opinion about this topic, you are pretty certain about the veracity of your perspective. Then again, the person who sits next to you in class may have a very different opinion and yet be equally confident about the truth of their perspective. Who is correct? You are each operating under a set of assumptions about the way the world works, or the way you believe the world should work. Perhaps your assumptions come from your political perspective, which helps shape your view on a variety of social issues, or perhaps your assumptions are based on what you learned from your parents or in church. In any case, there is a paradigm that shapes your stance on the issue. Those paradigms are a set of assumptions. Your classmate might assume that life begins at conception and the fetus’ life should be at the center of moral analysis. Conversely, you may assume that life begins when the fetus is viable outside the womb and that a mother’s choice is more important than a fetus’s life. There is no way to scientifically test when life begins, whose interests are more important, or the value of choice. They are merely philosophical assumptions or beliefs. Thus, a pro-life paradigm may rest in part on a belief in divine morality and fetal rights. A pro-choice paradigm may rest on a mother’s self-determination and a belief that the positive consequences of abortion outweigh the negative ones. These beliefs and assumptions influence how we think about any aspect of the issue. In Chapter 1, we discussed the various ways that we know what we know. Paradigms are a way of framing what we know, what we can know, and how we can know it. In social science, there are several predominant paradigms, each with its own unique ontological and epistemological perspective. Recall that ontology is the study of what is real, and epistemology is the study of how we come to know what is real. Let’s look at four of the most common social scientific paradigms that might guide you as you begin to think about conducting research. Positivism is the first paradigm we will consider, as it is likely the first that comes to mind when thinking about science. Positivism is guided by the principles of objectivity, ""knowability,"" and deductive logic. Deductive logic is discussed in more detail in next section of this chapter. The positivist framework operates from the assumption that society can and should be studied empirically and scientifically. Positivism also calls for a value-free science, one in which researchers aim to abandon their biases and values in a quest for objective, empirical, and knowable truth. Another predominant paradigm in social work is social constructionism . Peter Berger and Thomas Luckman (1966) [11] are credited by many for having developed this perspective in sociology. While positivists seek “the truth,” the social constructionist framework posits that “truth” varies. Truth is different based on who you ask, and people change their definitions of truth all the time based on their interactions with other people. According to this paradigm, we create reality through our interactions and the interpretations that we have of our interactions, as opposed to the existence of an objective reality. Key to the social constructionist perspective is the idea that social context and interaction frame our realities. Researchers operating within this framework take keen interest in how people come to socially agree, or disagree, about what is real and true. To better understand the idea of relativity and social constructionism, consider how certain hand gestures can connote different meanings across the globe. When someone raises their middle finger in North American culture, we can safely assume that neither the person raising the finger nor the person to whom the finger is being directed are very happy. Other gestures, such as the thumbs up, may carry similar eyebrow-raising meanings in other societies and cultures. While the thumbs up gesture may have a particular meaning in North American culture, that meaning is not shared across cultures (Wong, 2007). [12] So, what is the “truth” of the middle finger or thumbs up? It depends on the gesture’s intended meaning, the gesture’s interpretation, and the social context in which it occurs. It would be a mistake to think of the social constructionist perspective as only individualistic. While individuals may construct their own realities, groups as small as married couples and as large as nations also agree on notions of truth. In other words, the meanings that we construct have power beyond the individual people who create them. Therefore, social constructionists are equally interested in the initial creation of meanings and the ways that people and groups work to redefine meanings. A third paradigm is the critical paradigm. At its core, the critical paradigm is focused on power, inequality, and social change. Although some rather diverse perspectives are included here, the critical paradigm generally includes ideas developed by early social theorists, such as Max Horkheimer (Calhoun, Gerteis, Moody, Pfaff, & Virk, 2007), [13] and later works developed by feminist scholars, such as Nancy Fraser (1989). [14] Unlike the positivist paradigm, the critical paradigm posits that social science can never be truly objective or value-free. Further, this paradigm operates from the perspective that scientific investigation should be conducted with the express goal of social change in mind. Researchers in the critical paradigm might begin with the knowledge that systems are biased against others, such as women or marginalized ethnic groups. Moreover, their research projects aim to foster positive change in the research participants and the systems being studied as well as collect important data. The critical paradigm not only studies power imbalances but also seeks to change them. Finally, postmodernism is a paradigm that challenges almost every way of knowing that many social scientists take for granted (Best & Kellner, 1991). [15] While positivists claim that there is an objective, knowable truth, postmodernists would say that there is not. While social constructionists may argue that truth is in the eye of the beholder(s), postmodernists may claim that we can never know such truth. This is because postmodernists believe that researchers stamp their own truth on the investigation when studying and reporting on others' truths. Finally, while the critical paradigm may argue that power, inequality, and change shape reality and truth, a postmodernist may ask whose power, inequality, change, reality, and truth are in question. As you might imagine, the postmodernist paradigm poses quite a challenge for researchers. How do you study something that may or may not be real or that is only real in your current and unique experience of it? This fascinating question is worth pondering as you begin to think about conducting your own research. Part of the value of the postmodern paradigm is its emphasis on the limitations of human knowledge. Table 6.1 summarizes each of the paradigms discussed here. Table 6.1 Social scientific paradigms Paradigm Emphasis Assumption Positivism Objectivity, knowability, and deductive logic Society can and should be studied empirically and scientifically. Social Constructionism Truth as varying, socially constructed, and ever-changing Reality is created collectively. Social context and interaction frame our realities. Critical Power, inequality, and social change Social science can never be truly value-free and should be conducted with the express goal of social change in mind. Postmodernism Inherent problems with previous paradigms. Truth is always bound within historical and cultural context. There are no universally true explanations. Let’s work through an example. If we are examining a problem like substance abuse, what would a social scientific investigation look like in each paradigm? A positivist study may focus on precisely measuring substance abuse and finding out the key causes of substance abuse during adolescence. Forgoing the objectivity of precisely measuring substance abuse, social constructionist study might focus on how people who abuse substances understand their lives and relationships with various drugs of abuse. In so doing, it seeks out the subjective truth of each participant in the study. A study in the critical paradigm may investigate how people who abuse substances are an oppressed group in society, and then seek to liberate them from sources of oppression like punitive drug laws and internalized fear or shame. A postmodern study may chronicle one person’s self-reported journey into substance abuse and the changes that they experienced in their self-perception as they transitioned from recreational to problematic drug use. These examples should illustrate how one topic can be investigated across each paradigm. Social science theories Much like paradigms, theories provide a way to look at the world and understand human interaction. Paradigms are grounded in over-arching, general assumptions about the world, whereas theories describe more specific phenomena. A common definition for theory in social work is “a systematic set of interrelated statements intended to explain some aspect of social life” (Rubin & Babbie, 2017, p. 615). [16] At the core, theories can provide explanations for many phenomena. They help us answer the “why” and ""how"" questions we often have about the patterns we observe in social life. While paradigms may point us in a particular direction with respect to our “why” questions, theories more specifically map out the explanation, or the “how,” behind the “why.” Introductory social work textbooks acquaint students with the major theories in social work—conflict theory, symbolic interactionism, social exchange theory, and systems theory. As social workers study longer, they are introduced to more specific theories in their area of focus, as well as perspectives and models (e.g., the strengths perspective), which provide more practice-focused approaches to understanding social work. As you have probably learned in social work theory, systems theorists view all parts of society as interconnected and focus on the relationships, boundaries, and flows of energy between these systems and subsystems (Schriver, 2011). [17] Conflict theorists are interested in power dynamics and how society's organization creates rewards and punishments. Symbolic interactionists focus on how meaning is created and negotiated through meaningful (i.e., symbolic) interactions. Finally, social exchange theorists examine how human beings base their behavior on a rational calculation of rewards and costs. Just as researchers might examine the same topic from different levels of inquiry or paradigms, they could also investigate the same topic from different theoretical perspectives. In this case, their research questions could be the same, but the way they conceptualize their observations will be largely shaped by theory. Table 6.2 summarizes the main points of focus for each major theory and outlines how a researcher might study the same topic from each of the three perspectives. Table 6.2 Social work theories and the study of substance abuse Theory Focuses on A study of substance abuse might examine Systems Interrelations between parts of society; how parts work together How a lack of employment opportunities might impact rates of substance abuse in an area Conflict Who wins and who loses based on the way that society is organized How the War on Drugs has impacted minority communities Symbolic Interactionism How meaning is created and negotiated though interactions How people’s self-definitions as “addicts” helps or hurts their ability to remain sober Social Exchange How behavior is influenced by costs and rewards Whether increased distribution of anti-overdose medications makes overdose more or less likely Within each area of specialization in social work, there are many other theories that aim to explain more specific types of interactions. For example, the study of sexual harassment includes different theories that posit varying explanations of why harassment occurs. One theory, first developed by criminologists, is called routine activities theory. It posits that sexual harassment is most likely to occur when a workplace lacks unified groups and when potentially vulnerable targets and motivated offenders are both present (DeCoster, Estes, & Mueller, 1999). [18] Other theories of sexual harassment, called relational theories, suggest that a person’s relationships, such as their marriages or friendships, are the key to understanding why and how workplace sexual harassment occurs and how people will respond to it when it does occur (Morgan, 1999). [19] Relational theories focus on the power that different social relationships provide (e.g., married people who have supportive partners at home might be more likely than those who lack support at home to report sexual harassment when it occurs). Finally, feminist theories of sexual harassment take a different stance. These theories posit that the organizational structure of our gender system, where those who are the most masculine have the most power, best explains why and how workplace sexual harassment occurs (MacKinnon, 1979). [20] As you might imagine, the theory a researcher applies to examine the topic of sexual harassment will shape the questions the researcher asks. It will also shape the explanations the researcher provides for why harassment occurs. For an undergraduate student beginning their study of a new topic, it may be intimidating to learn that there are so many theories beyond what you’ve learned in your theory classes. What’s worse is that there is no central database of different theories on your topic. However, as you review the literature in your topic area, you will learn more about the theories that scientists have created to explain how your topic works in the real world. In addition to peer-reviewed journal articles, books are another valuable source to learn theories related to your topic. Books often contain works of theoretical and philosophical importance that are beyond the scope of an academic journal. Paradigm and theory in social work Theories, paradigms, levels of analysis, and the order in which one proceeds in the research process influence the questions we ask about the social world, how we ask them, and even what we may to find. A micro-level study of gangs will look much different than a macro-level study of gangs. In some cases, you could apply multiple levels of analysis to your investigation, but doing so isn’t always practical or feasible. Therefore, it is crucial to understand the different levels of analysis and be aware of which level you are employing. One’s theoretical perspective will also shape a study. In particular, the chosen theory will not only shape the way a question is asked but also which topic will be investigated in the first place. Further, commitment to one theory over another may limit the kinds of questions you pose and could result in missing other possible explanations. Social science is not fundamentally biased due to the limitations of paradigms and theories, but at the same time, it can never be completely value-free. Social constructionists and postmodernists might point out that bias is always a part of research to at least some degree. Our job as researchers is to recognize and address our biases as part of the research process, if an imperfect part. We frame and conduct our work by using our own theories, levels of analysis, temporal processes, and paradigms. Understanding those frames and approaches is crucial not only for successfully embarking upon and completing any research-based investigation, but also for responsibly reading and understanding others’ work. Key Takeaways Paradigms shape our everyday view of the world. Researchers use theory to help frame their research questions and to help them make sense of the answers to those questions. Applying the four key theories of social work is a good start, but you will likely have to look for more specific theories about your topic. Glossary Critical paradigm - a paradigm in social science research focused on power, inequality, and social change Paradigm - a way of viewing the world and a framework from which to understand the human experience Positivism - a paradigm guided by the principles of objectivity, ""knowability,"" and deductive logic Postmodernism - a paradigm focused on the historical and contextual embeddedness of scientific knowledge; characterized by skepticism towards certainty and grand explanations in social science Social constructionism - a paradigm based on the idea that social context and interaction frame our realities Theory - “a systematic set of interrelated statements intended to explain some aspect of social life” (Rubin & Babbie, 2017, p. 615) Image attributions point mold and cloud mold by tasaikensuke CC-0 why by GDJ CC-0",https://ecampusontario.pressbooks.pub/psychmethods3ecan/chapter/experiment-basics/
placebo-control-condition,placebo control condition,"Learning Objectives Define a paradigm and describe its significance Identify and describe the four predominant paradigms found in the social sciences Define theory Describe the role that theory plays in social work research The terms paradigm and theory are often used interchangeably in social science, although social scientists do not always agree whether these are identical or distinct concepts. In this text, I will make a clear distinction between the two ideas. Regarding them as analytically distinct will provide a useful framework for understanding the connections between research methods and social scientific ways of thinking. Paradigms in social science For our purposes, we’ll define paradigm as a way of viewing the world (or “analytic lens” akin to a set of glasses) and a framework from which to understand the human experience (Kuhn, 1962). [21] It can be difficult to fully grasp the idea of paradigmatic assumptions because we are very ingrained in our own, personal everyday way of thinking. For example, let’s look at people’s views on abortion. To some, abortion is a medical procedure that should be undertaken at the discretion of each individual woman. To others, abortion is murder and members of society should collectively have the right to decide when, if at all, abortion should be undertaken. Chances are, if you have an opinion about this topic, you are pretty certain about the veracity of your perspective. Then again, the person who sits next to you in class may have a very different opinion and yet be equally confident about the truth of their perspective. Who is correct? You are each operating under a set of assumptions about the way the world works, or the way you believe the world should work. Perhaps your assumptions come from your political perspective, which helps shape your view on a variety of social issues, or perhaps your assumptions are based on what you learned from your parents or in church. In any case, there is a paradigm that shapes your stance on the issue. Those paradigms are a set of assumptions. Your classmate might assume that life begins at conception and the fetus’ life should be at the center of moral analysis. Conversely, you may assume that life begins when the fetus is viable outside the womb and that a mother’s choice is more important than a fetus’s life. There is no way to scientifically test when life begins, whose interests are more important, or the value of choice. They are merely philosophical assumptions or beliefs. Thus, a pro-life paradigm may rest in part on a belief in divine morality and fetal rights. A pro-choice paradigm may rest on a mother’s self-determination and a belief that the positive consequences of abortion outweigh the negative ones. These beliefs and assumptions influence how we think about any aspect of the issue. In Chapter 1, we discussed the various ways that we know what we know. Paradigms are a way of framing what we know, what we can know, and how we can know it. In social science, there are several predominant paradigms, each with its own unique ontological and epistemological perspective. Recall that ontology is the study of what is real, and epistemology is the study of how we come to know what is real. Let’s look at four of the most common social scientific paradigms that might guide you as you begin to think about conducting research. Positivism is the first paradigm we will consider, as it is likely the first that comes to mind when thinking about science. Positivism is guided by the principles of objectivity, ""knowability,"" and deductive logic. Deductive logic is discussed in more detail in next section of this chapter. The positivist framework operates from the assumption that society can and should be studied empirically and scientifically. Positivism also calls for a value-free science, one in which researchers aim to abandon their biases and values in a quest for objective, empirical, and knowable truth. Another predominant paradigm in social work is social constructionism . Peter Berger and Thomas Luckman (1966) [22] are credited by many for having developed this perspective in sociology. While positivists seek “the truth,” the social constructionist framework posits that “truth” varies. Truth is different based on who you ask, and people change their definitions of truth all the time based on their interactions with other people. According to this paradigm, we create reality through our interactions and the interpretations that we have of our interactions, as opposed to the existence of an objective reality. Key to the social constructionist perspective is the idea that social context and interaction frame our realities. Researchers operating within this framework take keen interest in how people come to socially agree, or disagree, about what is real and true. To better understand the idea of relativity and social constructionism, consider how certain hand gestures can connote different meanings across the globe. When someone raises their middle finger in North American culture, we can safely assume that neither the person raising the finger nor the person to whom the finger is being directed are very happy. Other gestures, such as the thumbs up, may carry similar eyebrow-raising meanings in other societies and cultures. While the thumbs up gesture may have a particular meaning in North American culture, that meaning is not shared across cultures (Wong, 2007). [23] So, what is the “truth” of the middle finger or thumbs up? It depends on the gesture’s intended meaning, the gesture’s interpretation, and the social context in which it occurs. It would be a mistake to think of the social constructionist perspective as only individualistic. While individuals may construct their own realities, groups as small as married couples and as large as nations also agree on notions of truth. In other words, the meanings that we construct have power beyond the individual people who create them. Therefore, social constructionists are equally interested in the initial creation of meanings and the ways that people and groups work to redefine meanings. A third paradigm is the critical paradigm. At its core, the critical paradigm is focused on power, inequality, and social change. Although some rather diverse perspectives are included here, the critical paradigm generally includes ideas developed by early social theorists, such as Max Horkheimer (Calhoun, Gerteis, Moody, Pfaff, & Virk, 2007), [24] and later works developed by feminist scholars, such as Nancy Fraser (1989). [25] Unlike the positivist paradigm, the critical paradigm posits that social science can never be truly objective or value-free. Further, this paradigm operates from the perspective that scientific investigation should be conducted with the express goal of social change in mind. Researchers in the critical paradigm might begin with the knowledge that systems are biased against others, such as women or marginalized ethnic groups. Moreover, their research projects aim to foster positive change in the research participants and the systems being studied as well as collect important data. The critical paradigm not only studies power imbalances but also seeks to change them. Finally, postmodernism is a paradigm that challenges almost every way of knowing that many social scientists take for granted (Best & Kellner, 1991). [26] While positivists claim that there is an objective, knowable truth, postmodernists would say that there is not. While social constructionists may argue that truth is in the eye of the beholder(s), postmodernists may claim that we can never know such truth. This is because postmodernists believe that researchers stamp their own truth on the investigation when studying and reporting on others' truths. Finally, while the critical paradigm may argue that power, inequality, and change shape reality and truth, a postmodernist may ask whose power, inequality, change, reality, and truth are in question. As you might imagine, the postmodernist paradigm poses quite a challenge for researchers. How do you study something that may or may not be real or that is only real in your current and unique experience of it? This fascinating question is worth pondering as you begin to think about conducting your own research. Part of the value of the postmodern paradigm is its emphasis on the limitations of human knowledge. Table 6.1 summarizes each of the paradigms discussed here. Table 6.1 Social scientific paradigms Paradigm Emphasis Assumption Positivism Objectivity, knowability, and deductive logic Society can and should be studied empirically and scientifically. Social Constructionism Truth as varying, socially constructed, and ever-changing Reality is created collectively. Social context and interaction frame our realities. Critical Power, inequality, and social change Social science can never be truly value-free and should be conducted with the express goal of social change in mind. Postmodernism Inherent problems with previous paradigms. Truth is always bound within historical and cultural context. There are no universally true explanations. Let’s work through an example. If we are examining a problem like substance abuse, what would a social scientific investigation look like in each paradigm? A positivist study may focus on precisely measuring substance abuse and finding out the key causes of substance abuse during adolescence. Forgoing the objectivity of precisely measuring substance abuse, social constructionist study might focus on how people who abuse substances understand their lives and relationships with various drugs of abuse. In so doing, it seeks out the subjective truth of each participant in the study. A study in the critical paradigm may investigate how people who abuse substances are an oppressed group in society, and then seek to liberate them from sources of oppression like punitive drug laws and internalized fear or shame. A postmodern study may chronicle one person’s self-reported journey into substance abuse and the changes that they experienced in their self-perception as they transitioned from recreational to problematic drug use. These examples should illustrate how one topic can be investigated across each paradigm. Social science theories Much like paradigms, theories provide a way to look at the world and understand human interaction. Paradigms are grounded in over-arching, general assumptions about the world, whereas theories describe more specific phenomena. A common definition for theory in social work is “a systematic set of interrelated statements intended to explain some aspect of social life” (Rubin & Babbie, 2017, p. 615). [27] At the core, theories can provide explanations for many phenomena. They help us answer the “why” and ""how"" questions we often have about the patterns we observe in social life. While paradigms may point us in a particular direction with respect to our “why” questions, theories more specifically map out the explanation, or the “how,” behind the “why.” Introductory social work textbooks acquaint students with the major theories in social work—conflict theory, symbolic interactionism, social exchange theory, and systems theory. As social workers study longer, they are introduced to more specific theories in their area of focus, as well as perspectives and models (e.g., the strengths perspective), which provide more practice-focused approaches to understanding social work. As you have probably learned in social work theory, systems theorists view all parts of society as interconnected and focus on the relationships, boundaries, and flows of energy between these systems and subsystems (Schriver, 2011). [28] Conflict theorists are interested in power dynamics and how society's organization creates rewards and punishments. Symbolic interactionists focus on how meaning is created and negotiated through meaningful (i.e., symbolic) interactions. Finally, social exchange theorists examine how human beings base their behavior on a rational calculation of rewards and costs. Just as researchers might examine the same topic from different levels of inquiry or paradigms, they could also investigate the same topic from different theoretical perspectives. In this case, their research questions could be the same, but the way they conceptualize their observations will be largely shaped by theory. Table 6.2 summarizes the main points of focus for each major theory and outlines how a researcher might study the same topic from each of the three perspectives. Table 6.2 Social work theories and the study of substance abuse Theory Focuses on A study of substance abuse might examine Systems Interrelations between parts of society; how parts work together How a lack of employment opportunities might impact rates of substance abuse in an area Conflict Who wins and who loses based on the way that society is organized How the War on Drugs has impacted minority communities Symbolic Interactionism How meaning is created and negotiated though interactions How people’s self-definitions as “addicts” helps or hurts their ability to remain sober Social Exchange How behavior is influenced by costs and rewards Whether increased distribution of anti-overdose medications makes overdose more or less likely Within each area of specialization in social work, there are many other theories that aim to explain more specific types of interactions. For example, the study of sexual harassment includes different theories that posit varying explanations of why harassment occurs. One theory, first developed by criminologists, is called routine activities theory. It posits that sexual harassment is most likely to occur when a workplace lacks unified groups and when potentially vulnerable targets and motivated offenders are both present (DeCoster, Estes, & Mueller, 1999). [29] Other theories of sexual harassment, called relational theories, suggest that a person’s relationships, such as their marriages or friendships, are the key to understanding why and how workplace sexual harassment occurs and how people will respond to it when it does occur (Morgan, 1999). [30] Relational theories focus on the power that different social relationships provide (e.g., married people who have supportive partners at home might be more likely than those who lack support at home to report sexual harassment when it occurs). Finally, feminist theories of sexual harassment take a different stance. These theories posit that the organizational structure of our gender system, where those who are the most masculine have the most power, best explains why and how workplace sexual harassment occurs (MacKinnon, 1979). [31] As you might imagine, the theory a researcher applies to examine the topic of sexual harassment will shape the questions the researcher asks. It will also shape the explanations the researcher provides for why harassment occurs. For an undergraduate student beginning their study of a new topic, it may be intimidating to learn that there are so many theories beyond what you’ve learned in your theory classes. What’s worse is that there is no central database of different theories on your topic. However, as you review the literature in your topic area, you will learn more about the theories that scientists have created to explain how your topic works in the real world. In addition to peer-reviewed journal articles, books are another valuable source to learn theories related to your topic. Books often contain works of theoretical and philosophical importance that are beyond the scope of an academic journal. Paradigm and theory in social work Theories, paradigms, levels of analysis, and the order in which one proceeds in the research process influence the questions we ask about the social world, how we ask them, and even what we may to find. A micro-level study of gangs will look much different than a macro-level study of gangs. In some cases, you could apply multiple levels of analysis to your investigation, but doing so isn’t always practical or feasible. Therefore, it is crucial to understand the different levels of analysis and be aware of which level you are employing. One’s theoretical perspective will also shape a study. In particular, the chosen theory will not only shape the way a question is asked but also which topic will be investigated in the first place. Further, commitment to one theory over another may limit the kinds of questions you pose and could result in missing other possible explanations. Social science is not fundamentally biased due to the limitations of paradigms and theories, but at the same time, it can never be completely value-free. Social constructionists and postmodernists might point out that bias is always a part of research to at least some degree. Our job as researchers is to recognize and address our biases as part of the research process, if an imperfect part. We frame and conduct our work by using our own theories, levels of analysis, temporal processes, and paradigms. Understanding those frames and approaches is crucial not only for successfully embarking upon and completing any research-based investigation, but also for responsibly reading and understanding others’ work. Key Takeaways Paradigms shape our everyday view of the world. Researchers use theory to help frame their research questions and to help them make sense of the answers to those questions. Applying the four key theories of social work is a good start, but you will likely have to look for more specific theories about your topic. Glossary Critical paradigm - a paradigm in social science research focused on power, inequality, and social change Paradigm - a way of viewing the world and a framework from which to understand the human experience Positivism - a paradigm guided by the principles of objectivity, ""knowability,"" and deductive logic Postmodernism - a paradigm focused on the historical and contextual embeddedness of scientific knowledge; characterized by skepticism towards certainty and grand explanations in social science Social constructionism - a paradigm based on the idea that social context and interaction frame our realities Theory - “a systematic set of interrelated statements intended to explain some aspect of social life” (Rubin & Babbie, 2017, p. 615) Image attributions point mold and cloud mold by tasaikensuke CC-0 why by GDJ CC-0",https://ecampusontario.pressbooks.pub/psychmethods3ecan/chapter/experiment-basics/
counterbalancing,counterbalancing,,https://ecampusontario.pressbooks.pub/psychmethods3ecan/chapter/experimental-design/
operationalization,operationalization,,https://ecampusontario.pressbooks.pub/psychmethods3ecan/chapter/experimentation-and-validity/
double-blind-study,double-blind study,,https://ecampusontario.pressbooks.pub/psychmethods3ecan/chapter/practical-considerations/
manipulation-check,manipulation check,,https://ecampusontario.pressbooks.pub/psychmethods3ecan/chapter/practical-considerations/
restriction-of-range,restriction of range,,https://ecampusontario.pressbooks.pub/psychmethods3ecan/chapter/correlational-research/
spurious-correlations,spurious correlations,"Learning Objectives Differentiate among exploratory, descriptive, and explanatory research studies A recent news story on college students’ addictions to electronic gadgets (Lisk, 2011) [3] describes current research findings from Professor Susan Moeller and colleagues from the University of Maryland ( http://withoutmedia.wordpress.com ). The story raises a number of interesting questions. Just what sorts of gadgets are students addicted to? How do these addictions work? Why do they exist, and who is most likely to experience them? Social science research is great for answering these types of questions, but to answer them thoroughly, we must take care in designing our research projects. In this chapter, we’ll discuss what aspects of a research project should be considered at the beginning, including specifying the goals of the research, the components that are common across most research projects, and a few other considerations. When designing a research project, you should first consider what you hope to accomplish by conducting the research. What do you hope to be able to say about your topic? Do you hope to gain a deep understanding of the phenomenon you’re studying, or would you rather have a broad, but perhaps less deep, understanding? Do you want your research to be used by policymakers or others to shape social life, or is this project more about exploring your curiosities? Your answers to each of these questions will shape your research design. Exploration, description, and explanation In the beginning phases, you’ll need to decide whether your research will be exploratory, descriptive, or explanatory. Each has a different purpose, so how you design your research project will be determined in part by this decision. Researchers conducting exploratory research are typically in the early stages of examining their topics. These sorts of projects are usually conducted when a researcher wants to test the feasibility of conducting a more extensive study and to figure out the “lay of the land” with respect to the particular topic. Perhaps very little prior research has been conducted on this subject. If this is the case, a researcher may wish to do some exploratory work to learn what method to use in collecting data, how best to approach research subjects, or even what sorts of questions are reasonable to ask. A researcher wanting to simply satisfy their curiosity about a topic could also conduct exploratory research. For example, an exploratory study may be a suitable step toward understanding the relatively new phenomenon of college students' addictions to their electronic gadgets. It is important to note that exploratory designs do not make sense for topic areas with a lot of existing research. For example, it would not make much sense to conduct an exploratory study on common interventions for parents who neglect their children because the topic has already been extensive study in this area. Exploratory questions are best suited to topics that have not been studied. Students may justify an exploratory approach to their project by claiming that there is very little literature on their topic. Most of the time, the student simply needs more direction on where to search, however each semester a few topics are chosen for which there actually is a lack of literature. Perhaps there would be less available literature if a student set out to study child neglect interventions for parents who identify as transgender or parents who are refugees from the Syrian civil war. In that case, an exploratory design would make sense as there is less literature to guide your study. Another purpose of research is to describe or define a particular phenomenon, termed descriptive research . For example, a social work researcher may want to understand what it means to be a first-generation college student or a resident in a psychiatric group home. In this case, descriptive research would be an appropriate strategy. A descriptive study of college students’ addictions to their electronic gadgets, for example, might aim to describe patterns in how many hours students use gadgets or which sorts of gadgets students tend to use most regularly. Researchers at the Princeton Review conduct descriptive research each year when they set out to provide students and their parents with information about colleges and universities around the United States. They describe the social life at a school, the cost of admission, and student-to-faculty ratios among other defining aspects. Although students and parents may be able to obtain much of this information on their own, having access to the data gathered by a team of researchers is much more convenient and less time consuming. Social workers often rely on descriptive research to tell them about their service area. Keeping track of the number of children receiving foster care services, their demographic makeup (e.g., race, gender), and length of time in care are excellent examples of descriptive research. On a macro-level, the Centers for Disease Control provides a remarkable amount of descriptive research on mental and physical health conditions. In fact, descriptive research has many useful applications, and you probably rely on findings from descriptive research without even being aware. Finally, social work researchers often aim to explain why particular phenomena work in the way that they do. Research that answers “why” questions is referred to as explanatory research. In this case, the researcher is trying to identify the causes and effects of whatever phenomenon they are studying. An explanatory study of college students’ addictions to their electronic gadgets might aim to understand why students become addicted. Does the addiction have anything to do with their family histories, extracurricular hobbies and activities, or with whom they spend their time? An explanatory study could answer these kinds of questions. There are numerous examples of explanatory social scientific investigations. For example, the recent work of Dominique Simons and Sandy Wurtele (2010) [4] sought to discover whether receiving corporal punishment from parents led children to turn to violence in solving their interpersonal conflicts with other children. In their study of 102 families with children between the ages of 3 and 7, the researchers found that experiencing frequent spanking did, in fact, result in children being more likely to accept aggressive problem-solving techniques. Another example of explanatory research can be seen in Robert Faris and Diane Felmlee’s (2011) [5] research study on the connections between popularity and bullying. From their study of 8th, 9th, and 10th graders in 19 North Carolina schools, they found that aggression increased as adolescents’ popularity increased. [6] The choice between descriptive, exploratory, and explanatory research should be made with your research question in mind. What does your question ask? Are you trying to learn the basics about a new area, establish a clear “why” relationship, or define or describe an activity or concept? In the next section, we will explore how each type of research is associated with different methods, paradigms, and forms of logic. Key Takeaways Exploratory research is usually conducted when a researcher has just begun an investigation and wishes to understand the topic generally. Descriptive research aims to describe or define the topic at hand. Explanatory research is aims to explain why particular phenomena work in the way that they do. Glossary Descriptive research - describes or defines a particular phenomenon Explanatory research - explains why particular phenomena work in the way that they do, answers “why” questions Exploratory research - conducted during the early stages of a project, usually when a researcher wants to test the feasibility of conducting a more extensive study Image attributions Pencil by kaboompics CC-0 Two men and one woman in a photo by Rawpixel.com CC-0",https://ecampusontario.pressbooks.pub/psychmethods3ecan/chapter/correlational-research/
correlation-matrix,correlation matrix,,https://ecampusontario.pressbooks.pub/psychmethods3ecan/chapter/complex-correlation/
partial-correlation,partial correlation,"Learning Objectives Describe a micro-, meso-, and macro-level approaches to research Provide examples of micro-, meso-, and macro-level studies In Chapter 1, we reviewed the micro, meso, and macro framework that social workers use to understand the world. As you’ll recall, micro-level research studies individuals and one-on-one interactions, meso-level research studies groups, and macro-level research studies institutions and policies. Let’s take a closer look at some specific examples of social work research to better understand each of the three levels of inquiry described previously. Some topics are best suited to be examined at one specific level, while other topics can be studied at each of the three different levels. The particular level of inquiry might shape a social worker’s questions about the topic, or a social scientist might view the topic from different angles depending on the level of inquiry being employed. First, let’s consider some examples of different topics that are best suited to a particular level of inquiry. Work by Stephen Marks offers an excellent example of research at the micro-level. In one study, Marks and Shelley MacDermid (1996) [1] draw from prior micro-level theories to empirically study how people balance their roles and identities. In this study, the researchers found that people who experience balance across their multiple roles and activities report lower levels of depression and higher levels of self-esteem and well-being than their less-balanced counterparts. In another study, Marks and colleagues examined the conditions under which husbands and wives feel the most balance across their many roles. They found that different factors are important for different genders. For women, having more paid work hours and more couple time were among the most important factors. For men, having leisure time with their nuclear families was important, and role balance decreased as work hours increased (Marks, Huston, Johnson, & MacDermid, 2001). [2] Both of these studies fall within the category of micro-level analysis. At the meso-level, social scientists tend to study the experiences of groups and the interactions between groups. In a recent book based on their research with Somali immigrants, Kim Huisman and colleagues (Huisman, Hough, Langellier, & Toner, 2011) [3] examine the interactions between Somalis and Americans in Maine. These researchers found that stereotypes about refugees being unable or unwilling to assimilate and being overly dependent on local social systems are unsubstantiated. In a much different study of group-level interactions, Michael Messner (2009) [4] conducted research on children’s sports leagues. Messner studied interactions among parent volunteers, among youth participants, and between league organizers and parents. They found that gender boundaries and hierarchies are perpetuated by the adults who run such leagues. While these two studies are very different in their specific points of focus, they both have a meso-level focus. Social workers who conduct macro-level research study interactions at the broadest level, such as interactions between and across nations, states, or cultural systems. One example of macro-level research can be seen in a recent article by David Frank and colleagues (Frank, Camp, & Boutcher, 2010). [5] These researchers examined worldwide changes over time in laws regulating sex. By comparing laws across a number of countries over a period of many years (1945–2005), Frank learned that laws regulating rape, adultery, sodomy, and child sexual abuse shifted in focus from protecting larger entities, such as families, to protecting individuals. In another macro-level study, Leah Ruppanner (2010) [6] studied how national levels of gender equality in 25 different countries affect couples’ divisions of housework. Ruppanner found that as women’s parliamentary representation increases, so does men’s participation in housework. While it is true that some topics lend themselves to a particular level of inquiry, there are many topics that could be studied from any of the three levels. The choice depends on the specific interest of the researcher, the approach they would like to take and the sorts of questions they want to be able to answer about the topic. Let’s look at an example. Gang activity has been a topic of interest to social workers for many years and has been studied from each of the levels of inquiry described here. At the micro-level, social workers might study the inner workings of a specific gang, communication styles, and what everyday life is like for gang members. Though not written by a social worker, one example of a micro-level analysis of gang activity can be found in Sanyika Shakur’s 1993 autobiography, Monster . [7] In his book, Shakur describes his former day-to-day life as a member of the Crips in South-Central Los Angeles. Shakur’s recounting of his experiences highlights micro-level interactions between himself, fellow Crips members, and other gangs. At the meso-level, social workers are likely to examine interactions between gangs or perhaps how different branches of the same gang vary from one area to the next. At the macro-level, we could compare the impact of gang activity across communities or examine the national economic impact of gang activity. Excellent examples of gang research at all three levels of analysis can be found in the Journal of Gang Research published by the National Gang Crime Research Center (NGCRC). [8] Sudhir Venkatesh’s (2008) study, Gang Leader for a Day , [9] is an example of research on gangs that utilizes all three levels of analysis. Venkatesh conducted participant observation with a gang in Chicago. He learned about the everyday lives of gang members (micro) and how the gang he studied interacted with and fit within the landscape of other gang “franchises” (meso). In addition, Venkatesh described the impact of the gang on the broader community and economy (macro). Key Takeaways Social work research can occur at any of the following three analytical levels: micro, meso, or macro. Some topics lend themselves to one particular analytical level, while others could be studied from any, or all, of the three levels of analysis.",https://ecampusontario.pressbooks.pub/psychmethods3ecan/chapter/complex-correlation/
regression,regression,"The last chapter oriented you to the theories relevant to your topic area; the macro, meso, or micro levels of analysis; and the assumptions or paradigms of research. This chapter will use these elements to help you conceptualize and design your research project. You will decide the purpose of your research, whether you will use quantitative or qualitative methods, and how you will establish causality. You’ll also learn how and why researchers use both qualitative and quantitative methods in the same study. Chapter Outline 7.1 Types of research 7.2 Causal relationships 7.3 Unit of analysis and unit of observation 7.4 Mixed methods Content Advisory This chapter discusses or mentions the following topics: child neglect and abuse, sexual harassment, the criminal justice system, homelessness, sexual and domestic violence, depression, and substance abuse.",https://ecampusontario.pressbooks.pub/psychmethods3ecan/chapter/complex-correlation/
predictor-variable,predictor variable,"Learning Objectives Describe the inductive approach to research, and provide examples of inductive research Describe the deductive approach to research, and provide examples of deductive research Describe the ways that inductive and deductive approaches may be complementary Theory structures and informs social work research. Conversely, social work research structures and informs theory. Students become aware of the reciprocal relationship between theory and research when they consider the relationships between the two in inductive and deductive approaches. In both cases, theory is crucial but the relationship between theory and research differs for each approach. Inductive and deductive approaches to research are quite different, but they can also be complementary. Let’s start by looking at each one and how they differ from one another. Then we’ll move on to thinking about how they complement one another. Inductive approaches and some examples When a researcher utilizes an inductive approach , they begin by collecting data that is relevant to their topic of interest. Once a substantial amount of data have been collected, the researcher will take a break from data collection to step back and get a bird’s eye view of their data. At this stage, the researcher looks for patterns in the data, working to develop a theory that could explain those patterns. Thus, when researchers take an inductive approach, they start with a set of observations and then they move from those particular experiences to a more general set of propositions about those experiences. In other words, they move from data to theory, or from the specific to the general. Figure 6.1 outlines the steps involved with an inductive approach to research. Figure 6.1 Inductive research There are many good examples of inductive research, but we’ll look at just a few here. One fascinating study in which the researchers took an inductive approach is Katherine Allen, Christine Kaestle, and Abbie Goldberg’s (2011) study [10] of how boys and young men learn about menstruation. To understand this process, Allen and her colleagues analyzed the written narratives of 23 young men in which the men described how they learned about menstruation, what they thought of it when they first learned about it, and what they think of it now. By looking for patterns across all 23 men’s narratives, the researchers were able to develop a general theory of how boys and young men learn about this aspect of girls’ and women’s biology. They conclude that sisters play an important role in boys’ early understanding of menstruation, that menstruation makes boys feel somewhat separated from girls, and that as they enter young adulthood and form romantic relationships, young men develop more mature attitudes about menstruation. Note how this study began with the data—men’s narratives of learning about menstruation—and tried to develop a theory. In another inductive study, Kristin Ferguson and colleagues (Ferguson, Kim, & McCoy, 2011) [11] analyzed empirical data to better understand how best to meet the needs of young people who are experiencing homelessness. The authors analyzed data from focus groups with 20 young people at a homeless shelter. From these data they developed a set of recommendations for those interested in applied interventions that serve youth that are experiencing homelessness. The researchers also developed hypotheses for people who might wish to conduct further investigation of the topic. Though Ferguson and her colleagues did not test the hypotheses that they developed from their analysis, their study ends where most deductive investigations begin: with a theory and a hypothesis derived from that theory. Deductive approaches and some examples Researchers taking a deductive approach will start with a compelling social theory and then test its implications with data. In other words, they utilize the same steps as inductive research, but they will reverse the order, moving from general to more specific levels. Deductive research approach is most associated with scientific investigation. The researcher studies what others have done, reads existing theories of whatever phenomenon they are studying, and then tests hypotheses that emerge from those theories. Figure 6.2 outlines the steps involved with a deductive approach to research. Figure 6.2 Deductive research Although not all social science researchers utilize a deductive approach, there are some excellent, recent examples of deductive research. We’ll take a look at a couple of those next. In a study of US law enforcement responses to hate crimes, Ryan King and colleagues (King, Messner, & Baller, 2009) [12] hypothesized that law enforcement’s response would be less vigorous in areas of the country that had a stronger history of racial violence. The authors developed their hypothesis from their reading of prior research and theories on the topic. They tested the hypothesis by analyzing data on states’ lynching histories and hate crime responses. Overall, the authors found support for their hypothesis. One might associate this research with critical theory. In another recent deductive study, Melissa Milkie and Catharine Warner (2011) [13] studied the effects of different classroom environments on first graders’ mental health. Based on prior research and theory, Milkie and Warner hypothesized that negative classroom features, such as a lack of basic supplies and even heat, would be associated with emotional and behavioral problems in children. One might associate this research with systems theory. The researchers found support for their hypothesis, demonstrating that policymakers should be more attentive to the mental health outcomes of children’s school experiences, just as they track academic outcomes (American Sociological Association, 2011). [14] Complementary approaches While inductive and deductive approaches to research seem quite different, they can be rather complementary. In some cases, researchers will plan for their study to include multiple components, one inductive and the other deductive. In other cases, a researcher might begin their study planning to utilize only one approach but then discover along the way that the other approach is needed to help illuminate findings. Here is an example of each such case. The original author of the textbook from which this textbook is adapted, Dr. Amy Blackstone, relates a story about her collaborative research on sexual harassment. We began the study knowing that we would like to take both a deductive and an inductive approach in our work. We therefore administered a quantitative survey, the responses to which we could analyze in order to test hypotheses, and also conducted qualitative interviews with a number of the survey participants. The survey data were well suited to a deductive approach; we could analyze those data to test hypotheses that were generated based on theories of harassment. The interview data were well suited to an inductive approach; we looked for patterns across the interviews and then tried to make sense of those patterns by theorizing about them. For one paper (Uggen & Blackstone, 2004), [15] we began with a prominent feminist theory of the sexual harassment of adult women and developed a set of hypotheses outlining how we expected the theory to apply in the case of younger women’s and men’s harassment experiences. We then tested our hypotheses by analyzing the survey data. In general, we found support for the theory that posited that the current gender system, in which heteronormative men wield the most power in the workplace, explained workplace sexual harassment—not just of adult women but of younger women and men as well. In a more recent paper (Blackstone, Houle, & Uggen, 2006), [16] we did not hypothesize about what we might find but instead inductively analyzed interview data, looking for patterns that might tell us something about how or whether workers’ perceptions of harassment change as they age and gain workplace experience. From this analysis, we determined that workers’ perceptions of harassment did indeed shift as they gained experience and that their later definitions of harassment were more stringent than those they held during adolescence. Overall, our desire to understand young workers’ harassment experiences fully—in terms of their objective workplace experiences, their perceptions of those experiences, and their stories of their experiences—led us to adopt both deductive and inductive approaches in the work. (Blackstone, n.d., p. 21) Researchers may not set out to employ both approaches in their work, but sometimes their use of one approach leads them to the other. One such example is described eloquently in Russell Schutt’s Investigating the Social World (2006). [17] As Schutt describes, researchers Lawrence Sherman and Richard Berk (1984) [18] conducted an experiment to test two competing theories of the effects of punishment on deterring deviance (in this case, domestic violence). Specifically, Sherman and Berk hypothesized that deterrence theory would provide a better explanation of the effects of arresting accused batterers than labeling theory . Deterrence theory predicts that arresting an accused spouse batterer will reduce future incidents of violence. Conversely, labeling theory predicts that arresting accused spouse batterers will increase future incidents. Figure 6.3 summarizes the two competing theories and the predictions that Sherman and Berk set out to test. Figure 6.3 Predicting the effects of arrest on future spouse battery After conducting an experiment with the help of local police, Sherman and Berk found, that arrest did deter future incidents of violence, thus supporting their hypothesis that deterrence theory would better predict the effect of arrest. After conducting this research, they and other researchers went on to conduct similar experiments [19] in six additional cities (Berk, Campbell, Klap, & Western, 1992; Pate & Hamilton, 1992; Sherman & Smith, 1992). [20] The follow-up studies yielded mixed results. In some cases, arrest deterred future incidents of violence while in other cases, arrest did not. These results left the researchers with new data that they needed to explain, so they utilized an inductive approach to make sense of their latest empirical observations. The new studies revealed that arrest has a deterrent effect on individuals that are married and employed, while arrest may encourage future battering offenses in individuals that are unmarried and unemployed. Researchers thus turned to control theory to explain their observations, as it predicts that stakes in conformity are developed through social ties like marriage and employment. Figure 6.4 Predicting the effects of arrest on future spouse battery: A new theory [21] Sherman and Berk's research and the associated follow-up studies demonstrate that researchers can start with a deductive approach and move to inductive approach when confronted with new data that must be explained. Key Takeaways The inductive approach begins with a set of empirical observations, seeking patterns in those observations, and then theorizing about those patterns. The deductive approach begins with a theory, developing hypotheses from that theory, and then collecting and analyzing data to test those hypotheses. Inductive and deductive approaches to research can be employed together for a more complete understanding of the topic that a researcher is studying. Though researchers don’t always set out to use both inductive and deductive strategies in their work, they sometimes find that new questions arise in the course of an investigation that can best be answered by employing both approaches. Glossary Deductive approach - when a researcher studies what others have done, reads existing theories of whatever phenomenon they are studying, and then tests hypotheses that emerge from those theories Inductive approach - when a researcher starts with a set of observations and then moves from particular experiences to a more general set of propositions about those experiences",https://ecampusontario.pressbooks.pub/psychmethods3ecan/chapter/complex-correlation/
outcome-variable-or-criterion-variable,outcome variable or criterion variable,"In this chapter, we’ll explore the connections between paradigms, social theories, and social scientific research methods. We’ll also consider how our analytic, paradigmatic, and theoretical perspective might shape or be shaped by our methodological choices. In short, we’ll discuss the relationship between theory and research methods. Chapter Outline 6.1 Micro, meso, and macro approaches 6.2 Paradigms, theories, and how they shape a researcher’s approach 6.3 Inductive and deductive reasoning Content Advisory This chapter discusses or mentions the following topics: laws regulating rape, sodomy, and child sexual abuse; gang communication styles; racism, policing, and lynching; domestic violence and sexual harassment; and substance abuse.",https://ecampusontario.pressbooks.pub/psychmethods3ecan/chapter/complex-correlation/
simple-regression,simple regression,,https://ecampusontario.pressbooks.pub/psychmethods3ecan/chapter/complex-correlation/
interviews,interviews,"Learning Objectives Define and describe informed consent Identify the unique concerns related to studying vulnerable populations Differentiate between anonymity and confidentiality Explain the ethical responsibilities of social workers conducting research As should be clear by now, conducting research on humans presents a number of unique ethical considerations. Human research subjects must be given the opportunity to consent to their participation, after being fully informed of the study's risks, benefits, and purpose. Further, subjects’ identities and the information they share should be protected by researchers. Of course, the definitions of consent and identity protection may vary by individual researcher, institution, or academic discipline. In section 5.1, we examined the role that institutions play in shaping research ethics. In this section, we’ll look at a few specific topics that individual researchers and social workers must consider before conducting research with human subjects. Informed consent All social work research projects involve the voluntary participation of all human subjects. In other words, we cannot force anyone to participate in our research without their knowledge and consent, unlike the experiment in Truman Show . Researchers must therefore design procedures to obtain subjects’ informed consent to participate in their research. Informed consent is defined as a subject’s voluntary agreement to participate in research based on a full understanding of the research and of the possible risks and benefits involved. Although it sounds simple, ensuring that one has actually obtained informed consent is a much more complex process than you might initially presume. The first requirement to obtain informed consent is that participants may neither waive nor even appear to waive any of their legal rights. In addition, if something were to go wrong during their participation in research, participants cannot release the researcher, the researcher's sponsor, or any institution from any legal liability (USDHHS, 2009). [1] Unlike biomedical research, for example, social work research does not typically involve asking subjects to place themselves at risk of physical harm. Because of this, social work researchers often do not have to worry about potential liability, however their research may involve other types of risks. For example, what if a social work researcher fails to sufficiently conceal the identity of a subject who admits to participating in a local swinger’s club? In this case, a violation of confidentiality may negatively affect the participant’s social standing, marriage, custody rights, or employment. Social work research may also involve asking about intimately personal topics, such as trauma or suicide that may be difficult for participants to discuss. Participants may re-experience traumatic events and symptoms when they participate in your study. Even after fully informing the participants of all risks before they consent to the research process, there is the possibility of raising difficult topics that prove overwhelming for participants. In cases like these, it is important for a social work researcher to have a plan to provide supports, such as referrals to community counseling or even calling the police if the participant is a danger to themselves or others. It is vital that social work researchers craft their consent forms to fully explain their mandatory reporting duties and ensure that subjects understand the terms before participating. Researchers should also emphasize to participants that they can stop the research process at any time or decide to withdraw from the research study for any reason. Importantly, it is not the job of the social work researcher to act as a clinician to the participant. While a supportive role is certainly appropriate for someone experiencing a mental health crisis, social workers must ethically avoid dual roles. Referring a participant in crisis to other mental health professionals who may be better able to help them is preferred. In addition to legal issues, most IRBs are also concerned with details of the research, including: the purpose of the study, possible benefits of participation, and most importantly, potential risks of participation. Further, researchers must describe how they will protect subjects’ identities, all details regarding data collection and storage, and provide a contact reached for additional information about the study and the subjects’ rights. All of this information is typically shared in an informed consent form that researchers provide to subjects. In some cases, subjects are asked to sign the consent form indicating that they have read it and fully understand its contents. In other cases, subjects are simply provided a copy of the consent form and researchers are responsible for making sure that subjects have read and understand the form before proceeding with any kind of data collection. Figure 5.1 showcases a sample informed consent form taken from a research project on child-free adults. Note that this consent form describes a risk that may be unique to the particular method of data collection being employed: focus groups. Figure 5.1 Sample informed consent form [2] When preparing to obtain informed consent, it is important to consider that not all potential research subjects are considered equally competent or legally allowed to consent to participate in research. Subjects from vulnerable populations may be at risk of experiencing undue influence or coercion. [3] The rules for consent are more stringent for vulnerable populations. For example, minors must have the consent of a legal guardian in order to participate in research. In some cases, the minors themselves are also asked to participate in the consent process by signing special, age-appropriate consent forms. Vulnerable populations raise many unique concerns because they may not be able to fully consent to research participation. Researchers must be concerned with the potential for underrepresentation of vulnerable groups in studies. On one hand, researchers must ensure that their procedures to obtain consent are not coercive, as the informed consent process can be more rigorous for these groups. On the other hand, researchers must also work to ensure members of vulnerable populations are not excluded from participation simply because of their vulnerability or the complexity of obtaining their consent. While there is no easy solution to this double-edged sword, an awareness of the potential concerns associated with research on vulnerable populations is important for identifying whatever solution is most appropriate for a specific case. Protection of identities As mentioned earlier, the informed consent process requires researchers to outline how they will protect the identities of subjects. This aspect of the process, however, is one of the most commonly misunderstood aspects of research. In protecting subjects’ identities, researchers typically promise to maintain either the anonymity or confidentiality of their research subjects. Anonymity is the more stringent of the two. When a researcher promises anonymity to participants, not even the researcher is able to link participants’ data with their identities. Anonymity may be impossible for some social work researchers to promise because several of the modes of data collection that social workers employ. Face-to-face interviewing means that subjects will be visible to researchers and will hold a conversation, making anonymity impossible. In other cases, the researcher may have a signed consent form or obtain personal information on a survey and will therefore know the identities of their research participants. In these cases, a researcher should be able to at least promise confidentiality to participants. Offering confidentiality means that some of the subjects' identifying information is known and may be kept, but only the researcher can link identity to data with the promise to keep this information private. Confidentiality in research and clinical practice are similar in that you know who your clients are, but others do not, and you promise to keep their information and identity private. As you can see under the “Risks” section of the consent form in Figure 5.1, sometimes it is not even possible to promise that a subject’s confidentiality will be maintained. This is the case if data collection takes place in public or in the presence of other research participants, like in a focus group study. Social workers also cannot promise confidentiality in cases where research participants pose an imminent danger to themselves or others, or if they disclose abuse of children or other vulnerable populations. These situations fall under a social worker’s duty to report, which requires the researcher to prioritize their legal obligations over participant confidentiality. Protecting research participants’ identities is not always a simple prospect, especially for those conducting research on stigmatized groups or illegal behaviors. Sociologist Scott DeMuth learned how difficult this task was while conducting his dissertation research on a group of animal rights activists. As a participant observer, DeMuth knew the identities of his research subjects. When some of his research subjects vandalized facilities and removed animals from several research labs at the University of Iowa, a grand jury called on Mr. DeMuth to reveal the identities of the participants in the raid. When DeMuth refused to do so, he was jailed briefly and then charged with conspiracy to commit animal enterprise terrorism and cause damage to the animal enterprise (Jaschik, 2009). [4] Publicly, DeMuth’s case raised many of the same questions as Laud Humphreys’ work 40 years earlier. What do social scientists owe the public? By protecting his research subjects, is Mr. DeMuth harming those whose labs were vandalized? Is he harming the taxpayers who funded those labs, or is it more important that he emphasize the promise of confidentiality to his research participants? DeMuth’s case also sparked controversy among academics, some of whom thought that as an academic himself, DeMuth should have been more sympathetic to the plight of the faculty and students who lost years of research as a result of the attack on their labs. Many others stood by DeMuth, arguing that the personal and academic freedom of scholars must be protected whether we support their research topics and subjects or not. DeMuth’s academic adviser even created a new group, Scholars for Academic Justice ( http://sajumn.wordpress.com ), to support DeMuth and other academics who face persecution or prosecution as a result of the research they conduct. What do you think? Should DeMuth have revealed the identities of his research subjects? Why or why not? Disciplinary considerations Often times, specific disciplines will provide their own set of guidelines for protecting research subjects and, more generally, for conducting ethical research. For social workers, the National Association of Social Workers (NASW) Code of Ethics section 5.02 describes the responsibilities of social workers in conducting research. Summarized below, these guidelines outline that as a representative of the social work profession, it is your responsibility to conduct to conduct and use research in an ethical manner. A social worker should: Monitor and evaluate policies, programs, and practice interventions Contribute to the development of knowledge through research Keep current with the best available research evidence to inform practice Ensure voluntary and fully informed consent of all participants Avoid engaging in any deception in the research process Allow participants to withdraw from the study at any time Provide access for participants to appropriate supportive services Protect research participants from harm Maintain confidentiality Report findings accurately Disclose any conflicts of interest Key Takeaways Researchers must obtain the informed consent of the people who participate in their research. Social workers must take steps to minimize the harms that could arise during the research process. If a researcher promises anonymity, they cannot link individual participants with their data. If a researcher promises confidentiality, they promise not to reveal the identities of research participants, even though they can link individual participants with their data. The NASW Code of Ethics includes specific responsibilities for social work researchers. Glossary Anonymity - the identity of research participants is not known to researchers Confidentiality - identifying information about research participants is known to the researchers but is not divulged to anyone else Informed consent - a research subject’s voluntary agreement to participate in a study based on a full understanding of the study and of the possible risks and benefits involved Image attributions consent by Catkin CC-0 Anonymous by kalhh CC-0",https://ecampusontario.pressbooks.pub/psychmethods3ecan/chapter/qualitative-research/
theoretical-narrative,theoretical narrative,,https://ecampusontario.pressbooks.pub/psychmethods3ecan/chapter/qualitative-research/
coding,coding,,https://ecampusontario.pressbooks.pub/psychmethods3ecan/chapter/observational-research/
closed-ended-items,Closed-ended items,,https://ecampusontario.pressbooks.pub/psychmethods3ecan/chapter/constructing-surveys/
quota-sampling,quota sampling,,https://ecampusontario.pressbooks.pub/psychmethods3ecan/chapter/conducting-surveys/
history,history,,https://ecampusontario.pressbooks.pub/psychmethods3ecan/chapter/one-group-designs/
testing,testing,,https://ecampusontario.pressbooks.pub/psychmethods3ecan/chapter/one-group-designs/
instrumentation,instrumentation,,https://ecampusontario.pressbooks.pub/psychmethods3ecan/chapter/one-group-designs/
regression-to-the-mean,regression to the mean,"Lecture Slides From the authors: ""This ancillary set was created under a Round Four ALG Textbook Transformation Grant . Note: Most of the lecture slides for research methods are at this link: http://grants.kennesaw.edu/psychscience/index.php Pearcey, Sharon; Kirsner, Beth; Randall, Christopher; Willard, Jen; Williamson, Adrienne; and Downtain, Tricia, ""Psychology Research Methods and Statistics: Ancillary Set"" (2017). Psychology, Sociology, Anthropology, and Social Work Ancillary Materials . 3. https://oer.galileo.usg.edu/psychology-ancillary/3 Terms, Definitions, External Resources, Questions, and Slide Presentations From the author: ""The current project helped create ancillary materials for each of the textbook’s thirteen chapters. These include slide presentations, test-banks, and online resources (e.g., websites, videos). Many of the resources shared here were a culmination of OER-enabled pedagogy, as students were actively involved in the creation of exam questions and collection of resources."" Grissett, Judy Orton, ""Research Methods in Psychology Ancillary Set"" (2018). Psychology, Sociology, Anthropology, and Social Work Ancillary Materials . 9. https://oer.galileo.usg.edu/psychology-ancillary/9 Student Lab Guide Dr. Derrick Wirtz, University of British Columbia, Okanagan https://blogs.ubc.ca/psyo270/ Classroom Activities TeachPsychScience.Org",https://ecampusontario.pressbooks.pub/psychmethods3ecan/chapter/one-group-designs/
spontaneous-remission,spontaneous remission,One or more interactive elements has been excluded from this version of the text. You can view them online here: https://ecampusontario.pressbooks.pub/psychmethods3ecan/?p=101#oembed-1,https://ecampusontario.pressbooks.pub/psychmethods3ecan/chapter/one-group-designs/
interrupted-time-series-desig,interrupted time-series desig,,https://ecampusontario.pressbooks.pub/psychmethods3ecan/chapter/one-group-designs/
nonequivalent-groups-design,nonequivalent groups design,A YouTube element has been excluded from this version of the text. You can view it online here: https://ecampusontario.pressbooks.pub/psychmethods3ecan/?p=45,https://ecampusontario.pressbooks.pub/psychmethods3ecan/chapter/non-equivalent-control-group-designs/
posttest-only-nonequivalent-groups-design,posttest only nonequivalent groups design,{{unknown}},https://ecampusontario.pressbooks.pub/psychmethods3ecan/chapter/non-equivalent-control-group-designs/
pretest-posttest-nonequivalent-groups-design,pretest-posttest nonequivalent groups design,"Learning Objectives Define correlational research and give several examples. Explain why a researcher might choose to conduct correlational research rather than experimental research or another type of non-experimental research. Interpret the strength and direction of different correlation coefficients. Explain why correlation does not imply causation. What Is Correlational Research? Correlational research is a type of non-experimental research in which the researcher measures two variables (binary or continuous) and assesses the statistical relationship (i.e., the correlation) between them with little or no effort to control extraneous variables. There are many reasons that researchers interested in statistical relationships between variables would choose to conduct a correlational study rather than an experiment. The first is that they do not believe that the statistical relationship is a causal one or are not interested in causal relationships. Recall two goals of science are to describe and to predict and the correlational research strategy allows researchers to achieve both of these goals. Specifically, this strategy can be used to describe the strength and direction of the relationship between two variables and if there is a relationship between the variables then the researchers can use scores on one variable to predict scores on the other (using a statistical technique called regression, which is discussed further in the section on Complex Correlation in this chapter). Another reason that researchers would choose to use a correlational study rather than an experiment is that the statistical relationship of interest is thought to be causal, but the researcher cannot manipulate the independent variable because it is impossible, impractical, or unethical. For example, while a researcher might be interested in the relationship between the frequency people use cannabis and their memory abilities they cannot ethically manipulate the frequency that people use cannabis. As such, they must rely on the correlational research strategy; they must simply measure the frequency that people use cannabis and measure their memory abilities using a standardized test of memory and then determine whether the frequency people use cannabis is statistically related to memory test performance. Correlation is also used to establish the reliability and validity of measurements. For example, a researcher might evaluate the validity of a brief extraversion test by administering it to a large group of participants along with a longer extraversion test that has already been shown to be valid. This researcher might then check to see whether participants’ scores on the brief test are strongly correlated with their scores on the longer one. Neither test score is thought to cause the other, so there is no independent variable to manipulate. In fact, the terms independent variable and dependent variabl e do not apply to this kind of research. Another strength of correlational research is that it is often higher in external validity than experimental research. Recall there is typically a trade-off between internal validity and external validity. As greater controls are added to experiments, internal validity is increased but often at the expense of external validity as artificial conditions are introduced that do not exist in reality. In contrast, correlational studies typically have low internal validity because nothing is manipulated or controlled but they often have high external validity. Since nothing is manipulated or controlled by the experimenter the results are more likely to reflect relationships that exist in the real world. Finally, extending upon this trade-off between internal and external validity, correlational research can help to provide converging evidence for a theory. If a theory is supported by a true experiment that is high in internal validity as well as by a correlational study that is high in external validity then the researchers can have more confidence in the validity of their theory. As a concrete example, correlational studies establishing that there is a relationship between watching violent television and aggressive behavior have been complemented by experimental studies confirming that the relationship is a causal one (Bushman & Huesmann, 2001) [1] . Does Correlational Research Always Involve Quantitative Variables? A common misconception among beginning researchers is that correlational research must involve two quantitative variables, such as scores on two extraversion tests or the number of daily hassles and number of symptoms people have experienced. However, the defining feature of correlational research is that the two variables are measured—neither one is manipulated—and this is true regardless of whether the variables are quantitative or categorical. Imagine, for example, that a researcher administers the Rosenberg Self-Esteem Scale to 50 American college students and 50 Japanese college students. Although this “feels” like a between-subjects experiment, it is a correlational study because the researcher did not manipulate the students’ nationalities. The same is true of the study by Cacioppo and Petty comparing college faculty and factory workers in terms of their need for cognition. It is a correlational study because the researchers did not manipulate the participants’ occupations. Figure 6.2 shows data from a hypothetical study on the relationship between whether people make a daily list of things to do (a “to-do list”) and stress. Notice that it is unclear whether this is an experiment or a correlational study because it is unclear whether the independent variable was manipulated. If the researcher randomly assigned some participants to make daily to-do lists and others not to, then it is an experiment. If the researcher simply asked participants whether they made daily to-do lists, then it is a correlational study. The distinction is important because if the study was an experiment, then it could be concluded that making the daily to-do lists reduced participants’ stress. But if it was a correlational study, it could only be concluded that these variables are statistically related. Perhaps being stressed has a negative effect on people’s ability to plan ahead (the directionality problem). Or perhaps people who are more conscientious are more likely to make to-do lists and less likely to be stressed (the third-variable problem). The crucial point is that what defines a study as experimental or correlational is not the variables being studied, nor whether the variables are quantitative or categorical, nor the type of graph or statistics used to analyze the data. What defines a study is how the study is conducted. Figure 6.2 Results of a Hypothetical Study on Whether People Who Make Daily To-Do Lists Experience Less Stress Than People Who Do Not Make Such Lists Data Collection in Correlational Research Again, the defining feature of correlational research is that neither variable is manipulated. It does not matter how or where the variables are measured. A researcher could have participants come to a laboratory to complete a computerized backward digit span task and a computerized risky decision-making task and then assess the relationship between participants’ scores on the two tasks. Or a researcher could go to a shopping mall to ask people about their attitudes toward the environment and their shopping habits and then assess the relationship between these two variables. Both of these studies would be correlational because no independent variable is manipulated. Correlations Between Quantitative Variables Correlations between quantitative variables are often presented using scatterplots . Figure 6.3 shows some hypothetical data on the relationship between the amount of stress people are under and the number of physical symptoms they have. Each point in the scatterplot represents one person’s score on both variables. For example, the circled point in Figure 6.3 represents a person whose stress score was 10 and who had three physical symptoms. Taking all the points into account, one can see that people under more stress tend to have more physical symptoms. This is a good example of a positive relationship , in which higher scores on one variable tend to be associated with higher scores on the other. In other words, they move in the same direction, either both up or both down. A negative relationship is one in which higher scores on one variable tend to be associated with lower scores on the other. In other words, they move in opposite directions. There is a negative relationship between stress and immune system functioning, for example, because higher stress is associated with lower immune system functioning. Figure 6.3 Scatterplot Showing a Hypothetical Positive Relationship Between Stress and Number of Physical Symptoms. The circled point represents a person whose stress score was 10 and who had three physical symptoms. Pearson’s r for these data is +.51. The strength of a correlation between quantitative variables is typically measured using a statistic called Pearson’s Correlation Coefficient (or Pearson's r ) . As Figure 6.4 shows, Pearson’s r ranges from −1.00 (the strongest possible negative relationship) to +1.00 (the strongest possible positive relationship). A value of 0 means there is no relationship between the two variables. When Pearson’s r is 0, the points on a scatterplot form a shapeless “cloud.” As its value moves toward −1.00 or +1.00, the points come closer and closer to falling on a single straight line. Correlation coefficients near ±.10 are considered small, values near ± .30 are considered medium, and values near ±.50 are considered large. Notice that the sign of Pearson’s r is unrelated to its strength. Pearson’s r values of +.30 and −.30, for example, are equally strong; it is just that one represents a moderate positive relationship and the other a moderate negative relationship. With the exception of reliability coefficients, most correlations that we find in Psychology are small or moderate in size. The website http://rpsychologist.com/d3/correlation/ , created by Kristoffer Magnusson, provides an excellent interactive visualization of correlations that permits you to adjust the strength and direction of a correlation while witnessing the corresponding changes to the scatterplot. Figure 6.4 Range of Pearson’s r, From −1.00 (Strongest Possible Negative Relationship), Through 0 (No Relationship), to +1.00 (Strongest Possible Positive Relationship) There are two common situations in which the value of Pearson’s r can be misleading. Pearson’s r is a good measure only for linear relationships, in which the points are best approximated by a straight line. It is not a good measure for nonlinear relationships, in which the points are better approximated by a curved line. Figure 6.5, for example, shows a hypothetical relationship between the amount of sleep people get per night and their level of depression. In this example, the line that best approximates the points is a curve—a kind of upside-down “U”—because people who get about eight hours of sleep tend to be the least depressed. Those who get too little sleep and those who get too much sleep tend to be more depressed. Even though Figure 6.5 shows a fairly strong relationship between depression and sleep, Pearson’s r would be close to zero because the points in the scatterplot are not well fit by a single straight line. This means that it is important to make a scatterplot and confirm that a relationship is approximately linear before using Pearson’s r . Nonlinear relationships are fairly common in psychology, but measuring their strength is beyond the scope of this book. Figure 6.5 Hypothetical Nonlinear Relationship Between Sleep and Depression The other common situations in which the value of Pearson’s r can be misleading is when one or both of the variables have a limited range in the sample relative to the population. This problem is referred to as restriction of range . Assume, for example, that there is a strong negative correlation between people’s age and their enjoyment of hip hop music as shown by the scatterplot in Figure 6.6. Pearson’s r here is −.77. However, if we were to collect data only from 18- to 24-year-olds—represented by the shaded area of Figure 6.6—then the relationship would seem to be quite weak. In fact, Pearson’s r for this restricted range of ages is 0. It is a good idea, therefore, to design studies to avoid restriction of range. For example, if age is one of your primary variables, then you can plan to collect data from people of a wide range of ages. Because restriction of range is not always anticipated or easily avoidable, however, it is good practice to examine your data for possible restriction of range and to interpret Pearson’s r in light of it. (There are also statistical methods to correct Pearson’s r for restriction of range, but they are beyond the scope of this book). Figure 6.6 Hypothetical Data Showing How a Strong Overall Correlation Can Appear to Be Weak When One Variable Has a Restricted Range. The overall correlation here is −.77, but the correlation for the 18- to 24-year-olds (in the blue box) is 0. Correlation Does Not Imply Causation You have probably heard repeatedly that “Correlation does not imply causation.” An amusing example of this comes from a 2012 study that showed a positive correlation (Pearson’s r = 0.79) between the per capita chocolate consumption of a nation and the number of Nobel prizes awarded to citizens of that nation [2] . It seems clear, however, that this does not mean that eating chocolate causes people to win Nobel prizes, and it would not make sense to try to increase the number of Nobel prizes won by recommending that parents feed their children more chocolate. There are two reasons that correlation does not imply causation. The first is called the directionality problem . Two variables, X and Y , can be statistically related because X causes Y or because Y causes X . Consider, for example, a study showing that whether or not people exercise is statistically related to how happy they are—such that people who exercise are happier on average than people who do not. This statistical relationship is consistent with the idea that exercising causes happiness, but it is also consistent with the idea that happiness causes exercise. Perhaps being happy gives people more energy or leads them to seek opportunities to socialize with others by going to the gym. The second reason that correlation does not imply causation is called the third-variable problem . Two variables, X and Y , can be statistically related not because X causes Y , or because Y causes X , but because some third variable, Z , causes both X and Y . For example, the fact that nations that have won more Nobel prizes tend to have higher chocolate consumption probably reflects geography in that European countries tend to have higher rates of per capita chocolate consumption and invest more in education and technology (once again, per capita) than many other countries in the world. Similarly, the statistical relationship between exercise and happiness could mean that some third variable, such as physical health, causes both of the others. Being physically healthy could cause people to exercise and cause them to be happier. Correlations that are a result of a third-variable are often referred to as spurious correlations . Some excellent and amusing examples of spurious correlations can be found at http://www.tylervigen.com (Figure 6.7 provides one such example). Figure 6.7 Example of a Spurious Correlation. Source: http://tylervigen.com/spurious-correlations (CC-BY 4.0) “Lots of Candy Could Lead to Violence” Although researchers in psychology know that correlation does not imply causation, many journalists do not. One website about correlation and causation, http://jonathan.mueller.faculty.noctrl.edu/100/correlation_or_causation.htm , links to dozens of media reports about real biomedical and psychological research. Many of the headlines suggest that a causal relationship has been demonstrated when a careful reading of the articles shows that it has not because of the directionality and third-variable problems. One such article is about a study showing that children who ate candy every day were more likely than other children to be arrested for a violent offense later in life. But could candy really “lead to” violence, as the headline suggests? What alternative explanations can you think of for this statistical relationship? How could the headline be rewritten so that it is not misleading? As you have learned by reading this book, there are various ways that researchers address the directionality and third-variable problems. The most effective is to conduct an experiment. For example, instead of simply measuring how much people exercise, a researcher could bring people into a laboratory and randomly assign half of them to run on a treadmill for 15 minutes and the rest to sit on a couch for 15 minutes. Although this seems like a minor change to the research design, it is extremely important. Now if the exercisers end up in more positive moods than those who did not exercise, it cannot be because their moods affected how much they exercised (because it was the researcher who used random assignment to determine how much they exercised). Likewise, it cannot be because some third variable (e.g., physical health) affected both how much they exercised and what mood they were in. Thus experiments eliminate the directionality and third-variable problems and allow researchers to draw firm conclusions about causal relationships.",https://ecampusontario.pressbooks.pub/psychmethods3ecan/chapter/non-equivalent-control-group-designs/
interrupted-time-series-design-with-nonequivalent-group,interrupted time-series design with nonequivalent group,"Learning Objectives Explain the purpose of null hypothesis testing, including the role of sampling error. Describe the basic logic of null hypothesis testing. Describe the role of relationship strength and sample size in determining statistical significance and make reasonable judgments about statistical significance based on these two factors. The Purpose of Null Hypothesis Testing As we have seen, psychological research typically involves measuring one or more variables in a sample and computing descriptive summary data (e.g., means, correlation coefficients) for those variables. These descriptive data for the sample are called statistics . In general, however, the researcher’s goal is not to draw conclusions about that sample but to draw conclusions about the population that the sample was selected from. Thus researchers must use sample statistics to draw conclusions about the corresponding values in the population. These corresponding values in the population are called parameters . Imagine, for example, that a researcher measures the number of depressive symptoms exhibited by each of 50 adults with clinical depression and computes the mean number of symptoms. The researcher probably wants to use this sample statistic (the mean number of symptoms for the sample) to draw conclusions about the corresponding population parameter (the mean number of symptoms for adults with clinical depression). Unfortunately, sample statistics are not perfect estimates of their corresponding population parameters. This is because there is a certain amount of random variability in any statistic from sample to sample. The mean number of depressive symptoms might be 8.73 in one sample of adults with clinical depression, 6.45 in a second sample, and 9.44 in a third—even though these samples are selected randomly from the same population. Similarly, the correlation (Pearson’s r ) between two variables might be +.24 in one sample, −.04 in a second sample, and +.15 in a third—again, even though these samples are selected randomly from the same population. This random variability in a statistic from sample to sample is called sampling error . (Note that the term error here refers to random variability and does not imply that anyone has made a mistake. No one “commits a sampling error.”) One implication of this is that when there is a statistical relationship in a sample, it is not always clear that there is a statistical relationship in the population. A small difference between two group means in a sample might indicate that there is a small difference between the two group means in the population. But it could also be that there is no difference between the means in the population and that the difference in the sample is just a matter of sampling error. Similarly, a Pearson’s r value of −.29 in a sample might mean that there is a negative relationship in the population. But it could also be that there is no relationship in the population and that the relationship in the sample is just a matter of sampling error. In fact, any statistical relationship in a sample can be interpreted in two ways: There is a relationship in the population, and the relationship in the sample reflects this. There is no relationship in the population, and the relationship in the sample reflects only sampling error. The purpose of null hypothesis testing is simply to help researchers decide between these two interpretations. The Logic of Null Hypothesis Testing Null hypothesis testing (often called null hypothesis significance testing or NHST) is a formal approach to deciding between two interpretations of a statistical relationship in a sample. One interpretation is called the null hypothesis (often symbolized H 0 and read as “H-zero”). This is the idea that there is no relationship in the population and that the relationship in the sample reflects only sampling error. Informally, the null hypothesis is that the sample relationship “occurred by chance.” The other interpretation is called the alternative hypothesis (often symbolized as H 1 ). This is the idea that there is a relationship in the population and that the relationship in the sample reflects this relationship in the population. Again, every statistical relationship in a sample can be interpreted in either of these two ways: It might have occurred by chance, or it might reflect a relationship in the population. So researchers need a way to decide between them. Although there are many specific null hypothesis testing techniques, they are all based on the same general logic. The steps are as follows: Assume for the moment that the null hypothesis is true. There is no relationship between the variables in the population. Determine how likely the sample relationship would be if the null hypothesis were true. If the sample relationship would be extremely unlikely, then reject the null hypothesis in favor of the alternative hypothesis. If it would not be extremely unlikely, then retain the null hypothesis . Following this logic, we can begin to understand why Mehl and his colleagues concluded that there is no difference in talkativeness between women and men in the population. In essence, they asked the following question: “If there were no difference in the population, how likely is it that we would find a small difference of d = 0.06 in our sample?” Their answer to this question was that this sample relationship would be fairly likely if the null hypothesis were true. Therefore, they retained the null hypothesis—concluding that there is no evidence of a sex difference in the population. We can also see why Kanner and his colleagues concluded that there is a correlation between hassles and symptoms in the population. They asked, “If the null hypothesis were true, how likely is it that we would find a strong correlation of +.60 in our sample?” Their answer to this question was that this sample relationship would be fairly unlikely if the null hypothesis were true. Therefore, they rejected the null hypothesis in favor of the alternative hypothesis—concluding that there is a positive correlation between these variables in the population. A crucial step in null hypothesis testing is finding the probability of the sample result or a more extreme result if the null hypothesis were true (Lakens, 2017). [3] This probability is called the p value . A low p value means that the sample or more extreme result would be unlikely if the null hypothesis were true and leads to the rejection of the null hypothesis. A p value that is not low means that the sample or more extreme result would be likely if the null hypothesis were true and leads to the retention of the null hypothesis. But how low must the p value criterion be before the sample result is considered unlikely enough to reject the null hypothesis? In null hypothesis testing, this criterion is called α (alpha) and is almost always set to .05. If there is a 5% chance or less of a result at least as extreme as the sample result if the null hypothesis were true, then the null hypothesis is rejected. When this happens, the result is said to be statistically significant . If there is greater than a 5% chance of a result as extreme as the sample result when the null hypothesis is true, then the null hypothesis is retained. This does not necessarily mean that the researcher accepts the null hypothesis as true—only that there is not currently enough evidence to reject it. Researchers often use the expression “fail to reject the null hypothesis” rather than “retain the null hypothesis,” but they never use the expression “accept the null hypothesis.” The Misunderstood p Value The p value is one of the most misunderstood quantities in psychological research (Cohen, 1994) [4] . Even professional researchers misinterpret it, and it is not unusual for such misinterpretations to appear in statistics textbooks! The most common misinterpretation is that the p value is the probability that the null hypothesis is true—that the sample result occurred by chance. For example, a misguided researcher might say that because the p value is .02, there is only a 2% chance that the result is due to chance and a 98% chance that it reflects a real relationship in the population. But this is incorrect . The p value is really the probability of a result at least as extreme as the sample result if the null hypothesis were true. So a p value of .02 means that if the null hypothesis were true, a sample result this extreme would occur only 2% of the time. You can avoid this misunderstanding by remembering that the p value is not the probability that any particular hypothesis is true or false. Instead, it is the probability of obtaining the sample result if the null hypothesis were true. ""Null Hypothesis"" retrieved from http://imgs.xkcd.com/comics/null_hypothesis.png (CC-BY-NC 2.5) Role of Sample Size and Relationship Strength Recall that null hypothesis testing involves answering the question, “If the null hypothesis were true, what is the probability of a sample result as extreme as this one?” In other words, “What is the p value?” It can be helpful to see that the answer to this question depends on just two considerations: the strength of the relationship and the size of the sample. Specifically, the stronger the sample relationship and the larger the sample, the less likely the result would be if the null hypothesis were true. That is, the lower the p value. This should make sense. Imagine a study in which a sample of 500 women is compared with a sample of 500 men in terms of some psychological characteristic, and Cohen’s d is a strong 0.50. If there were really no sex difference in the population, then a result this strong based on such a large sample should seem highly unlikely. Now imagine a similar study in which a sample of three women is compared with a sample of three men, and Cohen’s d is a weak 0.10. If there were no sex difference in the population, then a relationship this weak based on such a small sample should seem likely. And this is precisely why the null hypothesis would be rejected in the first example and retained in the second. Of course, sometimes the result can be weak and the sample large, or the result can be strong and the sample small. In these cases, the two considerations trade off against each other so that a weak result can be statistically significant if the sample is large enough and a strong relationship can be statistically significant even if the sample is small. Table 13.1 shows roughly how relationship strength and sample size combine to determine whether a sample result is statistically significant. The columns of the table represent the three levels of relationship strength: weak, medium, and strong. The rows represent four sample sizes that can be considered small, medium, large, and extra large in the context of psychological research. Thus each cell in the table represents a combination of relationship strength and sample size. If a cell contains the word Yes , then this combination would be statistically significant for both Cohen’s d and Pearson’s r . If it contains the word No , then it would not be statistically significant for either. There is one cell where the decision for d and r would be different and another where it might be different depending on some additional considerations, which are discussed in Section 13.2 ""Some Basic Null Hypothesis Tests"" Table 13.1 How Relationship Strength and Sample Size Combine to Determine Whether a Result Is Statistically Significant Relationship strength Sample Size Weak Medium Strong Small ( N = 20) No No d = Maybe r = Yes Medium ( N = 50) No Yes Yes Large ( N = 100) d = Yes r = No Yes Yes Extra large ( N = 500) Yes Yes Yes Although Table 13.1 provides only a rough guideline, it shows very clearly that weak relationships based on medium or small samples are never statistically significant and that strong relationships based on medium or larger samples are always statistically significant. If you keep this lesson in mind, you will often know whether a result is statistically significant based on the descriptive statistics alone. It is extremely useful to be able to develop this kind of intuitive judgment. One reason is that it allows you to develop expectations about how your formal null hypothesis tests are going to come out, which in turn allows you to detect problems in your analyses. For example, if your sample relationship is strong and your sample is medium, then you would expect to reject the null hypothesis. If for some reason your formal null hypothesis test indicates otherwise, then you need to double-check your computations and interpretations. A second reason is that the ability to make this kind of intuitive judgment is an indication that you understand the basic logic of this approach in addition to being able to do the computations. Statistical Significance Versus Practical Significance Table 13.1 illustrates another extremely important point. A statistically significant result is not necessarily a strong one. Even a very weak result can be statistically significant if it is based on a large enough sample. This is closely related to Janet Shibley Hyde’s argument about sex differences (Hyde, 2007) [5] . The differences between women and men in mathematical problem solving and leadership ability are statistically significant. But the word significant can cause people to interpret these differences as strong and important—perhaps even important enough to influence the college courses they take or even who they vote for. As we have seen, however, these statistically significant differences are actually quite weak—perhaps even “trivial.” This is why it is important to distinguish between the statistical significance of a result and the practical significance of that result. Practical significance refers to the importance or usefulness of the result in some real-world context. Many sex differences are statistically significant—and may even be interesting for purely scientific reasons—but they are not practically significant. In clinical practice, this same concept is often referred to as “clinical significance.” For example, a study on a new treatment for social phobia might show that it produces a statistically significant positive effect. Yet this effect still might not be strong enough to justify the time, effort, and other costs of putting it into practice—especially if easier and cheaper treatments that work almost as well already exist. Although statistically significant, this result would be said to lack practical or clinical significance. ""Conditional Risk"" retrieved from http://imgs.xkcd.com/comics/conditional_risk.png (CC-BY-NC 2.5)",https://ecampusontario.pressbooks.pub/psychmethods3ecan/chapter/non-equivalent-control-group-designs/
pretest-posttest-design-with-switching-replication-design,pretest-posttest design with switching replication design,"Learning Objectives List the various types of observational research methods and distinguish between each. Describe the strengths and weakness of each observational research method. What Is Observational Research? The term observational research is used to refer to several different types of non-experimental studies in which behavior is systematically observed and recorded. The goal of observational research is to describe a variable or set of variables. More generally, the goal is to obtain a snapshot of specific characteristics of an individual, group, or setting. As described previously, observational research is non-experimental because nothing is manipulated or controlled, and as such we cannot arrive at causal conclusions using this approach. The data that are collected in observational research studies are often qualitative in nature but they may also be quantitative or both (mixed-methods). There are several different types of observational methods that will be described below. Naturalistic Observation Naturalistic observation is an observational method that involves observing people’s behavior in the environment in which it typically occurs. Thus naturalistic observation is a type of field research (as opposed to a type of laboratory research). Jane Goodall's famous research on chimpanzees is a classic example of naturalistic observation. Dr. Goodall spent three decades observing chimpanzees in their natural environment in East Africa. She examined such things as chimpanzee’s social structure, mating patterns, gender roles, family structure, and care of offspring by observing them in the wild. However, naturalistic observation could more simply involve observing shoppers in a grocery store, children on a school playground, or psychiatric inpatients in their wards. Researchers engaged in naturalistic observation usually make their observations as unobtrusively as possible so that participants are not aware that they are being studied. Such an approach is called disguised naturalistic observation . Ethically, this method is considered to be acceptable if the participants remain anonymous and the behavior occurs in a public setting where people would not normally have an expectation of privacy. Grocery shoppers putting items into their shopping carts, for example, are engaged in public behavior that is easily observable by store employees and other shoppers. For this reason, most researchers would consider it ethically acceptable to observe them for a study. On the other hand, one of the arguments against the ethicality of the naturalistic observation of “bathroom behavior” discussed earlier in the book is that people have a reasonable expectation of privacy even in a public restroom and that this expectation was violated. In cases where it is not ethical or practical to conduct disguised naturalistic observation, researchers can conduct undisguised naturalistic observation where the participants are made aware of the researcher presence and monitoring of their behavior. However, one concern with undisguised naturalistic observation is reactivity. Reactivity refers to when a measure changes participants’ behavior. In the case of undisguised naturalistic observation, the concern with reactivity is that when people know they are being observed and studied, they may act differently than they normally would. This type of reactivity is known as the Hawthorne effect . For instance, you may act much differently in a bar if you know that someone is observing you and recording your behaviors and this would invalidate the study. So disguised observation is less reactive and therefore can have higher validity because people are not aware that their behaviors are being observed and recorded. However, we now know that people often become used to being observed and with time they begin to behave naturally in the researcher’s presence. In other words, over time people habituate to being observed. Think about reality shows like Big Brother or Survivor where people are constantly being observed and recorded. While they may be on their best behavior at first, in a fairly short amount of time they are flirting, having sex, wearing next to nothing, screaming at each other, and occasionally behaving in ways that are embarrassing. Participant Observation Another approach to data collection in observational research is participant observation. In participant observation , researchers become active participants in the group or situation they are studying. Participant observation is very similar to naturalistic observation in that it involves observing people’s behavior in the environment in which it typically occurs. As with naturalistic observation, the data that are collected can include interviews (usually unstructured), notes based on their observations and interactions, documents, photographs, and other artifacts. The only difference between naturalistic observation and participant observation is that researchers engaged in participant observation become active members of the group or situations they are studying. The basic rationale for participant observation is that there may be important information that is only accessible to, or can be interpreted only by, someone who is an active participant in the group or situation. Like naturalistic observation, participant observation can be either disguised or undisguised. In disguised participant observation , the researchers pretend to be members of the social group they are observing and conceal their true identity as researchers. In a famous example of disguised participant observation, Leon Festinger and his colleagues infiltrated a doomsday cult known as the Seekers, whose members believed that the apocalypse would occur on December 21, 1954. Interested in studying how members of the group would cope psychologically when the prophecy inevitably failed, they carefully recorded the events and reactions of the cult members in the days before and after the supposed end of the world. Unsurprisingly, the cult members did not give up their belief but instead convinced themselves that it was their faith and efforts that saved the world from destruction. Festinger and his colleagues later published a book about this experience, which they used to illustrate the theory of cognitive dissonance (Festinger, Riecken, & Schachter, 1956) [6] . In contrast with undisguised participant observation , the researchers become a part of the group they are studying and they disclose their true identity as researchers to the group under investigation. Once again there are important ethical issues to consider with disguised participant observation. First no informed consent can be obtained and second deception is being used. The researcher is deceiving the participants by intentionally withholding information about their motivations for being a part of the social group they are studying. But sometimes disguised participation is the only way to access a protective group (like a cult). Further, disguised participant observation is less prone to reactivity than undisguised participant observation. Rosenhan’s study (1973) [7] of the experience of people in a psychiatric ward would be considered disguised participant observation because Rosenhan and his pseudopatients were admitted into psychiatric hospitals on the pretense of being patients so that they could observe the way that psychiatric patients are treated by staff. The staff and other patients were unaware of their true identities as researchers. Another example of participant observation comes from a study by sociologist Amy Wilkins on a university-based religious organization that emphasized how happy its members were (Wilkins, 2008) [8] . Wilkins spent 12 months attending and participating in the group’s meetings and social events, and she interviewed several group members. In her study, Wilkins identified several ways in which the group “enforced” happiness—for example, by continually talking about happiness, discouraging the expression of negative emotions, and using happiness as a way to distinguish themselves from other groups. One of the primary benefits of participant observation is that the researchers are in a much better position to understand the viewpoint and experiences of the people they are studying when they are a part of the social group. The primary limitation with this approach is that the mere presence of the observer could affect the behavior of the people being observed. While this is also a concern with naturalistic observation, additional concerns arise when researchers become active members of the social group they are studying because that they may change the social dynamics and/or influence the behavior of the people they are studying. Similarly, if the researcher acts as a participant observer there can be concerns with biases resulting from developing relationships with the participants. Concretely, the researcher may become less objective resulting in more experimenter bias. Structured Observation Another observational method is structured observation . Here the investigator makes careful observations of one or more specific behaviors in a particular setting that is more structured than the settings used in naturalistic or participant observation. Often the setting in which the observations are made is not the natural setting. Instead, the researcher may observe people in the laboratory environment. Alternatively, the researcher may observe people in a natural setting (like a classroom setting) that they have structured some way, for instance by introducing some specific task participants are to engage in or by introducing a specific social situation or manipulation. Structured observation is very similar to naturalistic observation and participant observation in that in all three cases researchers are observing naturally occurring behavior; however, the emphasis in structured observation is on gathering quantitative rather than qualitative data. Researchers using this approach are interested in a limited set of behaviors. This allows them to quantify the behaviors they are observing. In other words, structured observation is less global than naturalistic or participant observation because the researcher engaged in structured observations is interested in a small number of specific behaviors. Therefore, rather than recording everything that happens, the researcher only focuses on very specific behaviors of interest. Researchers Robert Levine and Ara Norenzayan used structured observation to study differences in the “pace of life” across countries (Levine & Norenzayan, 1999) [9] . One of their measures involved observing pedestrians in a large city to see how long it took them to walk 60 feet. They found that people in some countries walked reliably faster than people in other countries. For example, people in Canada and Sweden covered 60 feet in just under 13 seconds on average, while people in Brazil and Romania took close to 17 seconds. When structured observation takes place in the complex and even chaotic “real world,” the questions of when, where, and under what conditions the observations will be made, and who exactly will be observed are important to consider. Levine and Norenzayan described their sampling process as follows: “Male and female walking speed over a distance of 60 feet was measured in at least two locations in main downtown areas in each city. Measurements were taken during main business hours on clear summer days. All locations were flat, unobstructed, had broad sidewalks, and were sufficiently uncrowded to allow pedestrians to move at potentially maximum speeds. To control for the effects of socializing, only pedestrians walking alone were used. Children, individuals with obvious physical handicaps, and window-shoppers were not timed. Thirty-five men and 35 women were timed in most cities.” (p. 186). Precise specification of the sampling process in this way makes data collection manageable for the observers, and it also provides some control over important extraneous variables. For example, by making their observations on clear summer days in all countries, Levine and Norenzayan controlled for effects of the weather on people’s walking speeds. In Levine and Norenzayan’s study, measurement was relatively straightforward. They simply measured out a 60-foot distance along a city sidewalk and then used a stopwatch to time participants as they walked over that distance. As another example, researchers Robert Kraut and Robert Johnston wanted to study bowlers’ reactions to their shots, both when they were facing the pins and then when they turned toward their companions (Kraut & Johnston, 1979) [10] . But what “reactions” should they observe? Based on previous research and their own pilot testing, Kraut and Johnston created a list of reactions that included “closed smile,” “open smile,” “laugh,” “neutral face,” “look down,” “look away,” and “face cover” (covering one’s face with one’s hands). The observers committed this list to memory and then practiced by coding the reactions of bowlers who had been videotaped. During the actual study, the observers spoke into an audio recorder, describing the reactions they observed. Among the most interesting results of this study was that bowlers rarely smiled while they still faced the pins. They were much more likely to smile after they turned toward their companions, suggesting that smiling is not purely an expression of happiness but also a form of social communication. In yet another example (this one in a laboratory environment), Dov Cohen and his colleagues had observers rate the emotional reactions of participants who had just been deliberately bumped and insulted by a confederate after they dropped off a completed questionnaire at the end of a hallway. The confederate was posing as someone who worked in the same building and who was frustrated by having to close a file drawer twice in order to permit the participants to walk past them (first to drop off the questionnaire at the end of the hallway and once again on their way back to the room where they believed the study they signed up for was taking place). The two observers were positioned at different ends of the hallway so that they could read the participants' body language and hear anything they might say. Interestingly, the researchers hypothesized that participants from the southern United States, which is one of several places in the world that has a ""culture of honor,"" would react with more aggression than participants from the northern United States, a prediction that was in fact supported by the observational data (Cohen, Nisbett, Bowdle, & Schwarz, 1996) [11] . When the observations require a judgment on the part of the observers—as in the studies by Kraut and Johnston and Cohen and his colleagues—a process referred to as coding is typically required . Coding generally requires clearly defining a set of target behaviors. The observers then categorize participants individually in terms of which behavior they have engaged in and the number of times they engaged in each behavior. The observers might even record the duration of each behavior. The target behaviors must be defined in such a way that guides different observers to code them in the same way. This difficulty with coding illustrates the issue of interrater reliability, as mentioned in Chapter 4. Researchers are expected to demonstrate the interrater reliability of their coding procedure by having multiple raters code the same behaviors independently and then showing that the different observers are in close agreement. Kraut and Johnston, for example, video recorded a subset of their participants’ reactions and had two observers independently code them. The two observers showed that they agreed on the reactions that were exhibited 97% of the time, indicating good interrater reliability. One of the primary benefits of structured observation is that it is far more efficient than naturalistic and participant observation. Since the researchers are focused on specific behaviors this reduces time and expense. Also, often times the environment is structured to encourage the behaviors of interest which again means that researchers do not have to invest as much time in waiting for the behaviors of interest to naturally occur. Finally, researchers using this approach can clearly exert greater control over the environment. However, when researchers exert more control over the environment it may make the environment less natural which decreases external validity. It is less clear for instance whether structured observations made in a laboratory environment will generalize to a real world environment. Furthermore, since researchers engaged in structured observation are often not disguised there may be more concerns with reactivity. Case Studies A case study is an in-depth examination of an individual. Sometimes case studies are also completed on social units (e.g., a cult) and events (e.g., a natural disaster). Most commonly in psychology, however, case studies provide a detailed description and analysis of an individual. Often the individual has a rare or unusual condition or disorder or has damage to a specific region of the brain. Like many observational research methods, case studies tend to be more qualitative in nature. Case study methods involve an in-depth, and often a longitudinal examination of an individual. Depending on the focus of the case study, individuals may or may not be observed in their natural setting. If the natural setting is not what is of interest, then the individual may be brought into a therapist’s office or a researcher’s lab for study. Also, the bulk of the case study report will focus on in-depth descriptions of the person rather than on statistical analyses. With that said some quantitative data may also be included in the write-up of a case study. For instance, an individual's depression score may be compared to normative scores or their score before and after treatment may be compared. As with other qualitative methods, a variety of different methods and tools can be used to collect information on the case. For instance, interviews, naturalistic observation, structured observation, psychological testing (e.g., IQ test), and/or physiological measurements (e.g., brain scans) may be used to collect information on the individual. HM is one of the most notorious case studies in psychology. HM suffered from intractable and very severe epilepsy. A surgeon localized HM’s epilepsy to his medial temporal lobe and in 1953 he removed large sections of his hippocampus in an attempt to stop the seizures. The treatment was a success, in that it resolved his epilepsy and his IQ and personality were unaffected. However, the doctors soon realized that HM exhibited a strange form of amnesia, called anterograde amnesia. HM was able to carry out a conversation and he could remember short strings of letters, digits, and words. Basically, his short term memory was preserved. However, HM could not commit new events to memory. He lost the ability to transfer information from his short-term memory to his long term memory, something memory researchers call consolidation. So while he could carry on a conversation with someone, he would completely forget the conversation after it ended. This was an extremely important case study for memory researchers because it suggested that there’s a dissociation between short-term memory and long-term memory, it suggested that these were two different abilities sub-served by different areas of the brain. It also suggested that the temporal lobes are particularly important for consolidating new information (i.e., for transferring information from short-term memory to long-term memory). Reading in print? Scan this QR code to view the video on your mobile device. Or go to youtu.be/KkaXNvzE4pk The history of psychology is filled with influential cases studies, such as Sigmund Freud’s description of “Anna O.” (see Note 6.1 ""The Case of “Anna O.”"") and John Watson and Rosalie Rayner’s description of Little Albert (Watson & Rayner, 1920) [12] , who allegedly learned to fear a white rat—along with other furry objects—when the researchers repeatedly made a loud noise every time the rat approached him. The Case of “Anna O.” Sigmund Freud used the case of a young woman he called “Anna O.” to illustrate many principles of his theory of psychoanalysis (Freud, 1961) [13] . (Her real name was Bertha Pappenheim, and she was an early feminist who went on to make important contributions to the field of social work.) Anna had come to Freud’s colleague Josef Breuer around 1880 with a variety of odd physical and psychological symptoms. One of them was that for several weeks she was unable to drink any fluids. According to Freud, She would take up the glass of water that she longed for, but as soon as it touched her lips she would push it away like someone suffering from hydrophobia.…She lived only on fruit, such as melons, etc., so as to lessen her tormenting thirst. (p. 9) But according to Freud, a breakthrough came one day while Anna was under hypnosis. [S]he grumbled about her English “lady-companion,” whom she did not care for, and went on to describe, with every sign of disgust, how she had once gone into this lady’s room and how her little dog—horrid creature!—had drunk out of a glass there. The patient had said nothing, as she had wanted to be polite. After giving further energetic expression to the anger she had held back, she asked for something to drink, drank a large quantity of water without any difficulty, and awoke from her hypnosis with the glass at her lips; and thereupon the disturbance vanished, never to return. (p.9) Freud’s interpretation was that Anna had repressed the memory of this incident along with the emotion that it triggered and that this was what had caused her inability to drink. Furthermore, he believed that her recollection of the incident, along with her expression of the emotion she had repressed, caused the symptom to go away. As an illustration of Freud’s theory, the case study of Anna O. is quite effective. As evidence for the theory, however, it is essentially worthless. The description provides no way of knowing whether Anna had really repressed the memory of the dog drinking from the glass, whether this repression had caused her inability to drink, or whether recalling this “trauma” relieved the symptom. It is also unclear from this case study how typical or atypical Anna’s experience was. Figure 10.1 Anna O. “Anna O.” was the subject of a famous case study used by Freud to illustrate the principles of psychoanalysis. Source: http://en.wikipedia.org/wiki/File:Pappenheim_1882.jpg Case studies are useful because they provide a level of detailed analysis not found in many other research methods and greater insights may be gained from this more detailed analysis. As a result of the case study, the researcher may gain a sharpened understanding of what might become important to look at more extensively in future more controlled research. Case studies are also often the only way to study rare conditions because it may be impossible to find a large enough sample of individuals with the condition to use quantitative methods. Although at first glance a case study of a rare individual might seem to tell us little about ourselves, they often do provide insights into normal behavior. The case of HM provided important insights into the role of the hippocampus in memory consolidation. However, it is important to note that while case studies can provide insights into certain areas and variables to study, and can be useful in helping develop theories, they should never be used as evidence for theories. In other words, case studies can be used as inspiration to formulate theories and hypotheses, but those hypotheses and theories then need to be formally tested using more rigorous quantitative methods. The reason case studies shouldn’t be used to provide support for theories is that they suffer from problems with both internal and external validity. Case studies lack the proper controls that true experiments contain. As such, they suffer from problems with internal validity, so they cannot be used to determine causation. For instance, during HM’s surgery, the surgeon may have accidentally lesioned another area of HM's brain (a possibility suggested by the dissection of HM's brain following his death) and that lesion may have contributed to his inability to consolidate new information. The fact is, with case studies we cannot rule out these sorts of alternative explanations. So, as with all observational methods, case studies do not permit determination of causation. In addition, because case studies are often of a single individual, and typically an abnormal individual, researchers cannot generalize their conclusions to other individuals. Recall that with most research designs there is a trade-off between internal and external validity. With case studies, however, there are problems with both internal validity and external validity. So there are limits both to the ability to determine causation and to generalize the results. A final limitation of case studies is that ample opportunity exists for the theoretical biases of the researcher to color or bias the case description. Indeed, there have been accusations that the woman who studied HM destroyed a lot of her data that were not published and she has been called into question for destroying contradictory data that didn’t support her theory about how memories are consolidated. There is a fascinating New York Times article that describes some of the controversies that ensued after HM's death and analysis of his brain that can be found at: https://www.nytimes.com/2016/08/07/magazine/the-brain-that-couldnt-remember.html?_r=0 Archival Research Another approach that is often considered observational research involves analyzing archival data that have already been collected for some other purpose. An example is a study by Brett Pelham and his colleagues on “implicit egotism”—the tendency for people to prefer people, places, and things that are similar to themselves (Pelham, Carvallo, & Jones, 2005) [14] . In one study, they examined Social Security records to show that women with the names Virginia, Georgia, Louise, and Florence were especially likely to have moved to the states of Virginia, Georgia, Louisiana, and Florida, respectively. As with naturalistic observation, measurement can be more or less straightforward when working with archival data. For example, counting the number of people named Virginia who live in various states based on Social Security records is relatively straightforward. But consider a study by Christopher Peterson and his colleagues on the relationship between optimism and health using data that had been collected many years before for a study on adult development (Peterson, Seligman, & Vaillant, 1988) [15] . In the 1940s, healthy male college students had completed an open-ended questionnaire about difficult wartime experiences. In the late 1980s, Peterson and his colleagues reviewed the men’s questionnaire responses to obtain a measure of explanatory style—their habitual ways of explaining bad events that happen to them. More pessimistic people tend to blame themselves and expect long-term negative consequences that affect many aspects of their lives, while more optimistic people tend to blame outside forces and expect limited negative consequences. To obtain a measure of explanatory style for each participant, the researchers used a procedure in which all negative events mentioned in the questionnaire responses, and any causal explanations for them were identified and written on index cards. These were given to a separate group of raters who rated each explanation in terms of three separate dimensions of optimism-pessimism. These ratings were then averaged to produce an explanatory style score for each participant. The researchers then assessed the statistical relationship between the men’s explanatory style as undergraduate students and archival measures of their health at approximately 60 years of age. The primary result was that the more optimistic the men were as undergraduate students, the healthier they were as older men. Pearson’s r was +.25. This method is an example of content analysis —a family of systematic approaches to measurement using complex archival data. Just as structured observation requires specifying the behaviors of interest and then noting them as they occur, content analysis requires specifying keywords, phrases, or ideas and then finding all occurrences of them in the data. These occurrences can then be counted, timed (e.g., the amount of time devoted to entertainment topics on the nightly news show), or analyzed in a variety of other ways.",https://ecampusontario.pressbooks.pub/psychmethods3ecan/chapter/non-equivalent-control-group-designs/
switching-replication-with-treatment-removal-design,switching replication with treatment removal design,"Learning Objectives Explain some reasons that researchers use complex correlational designs. Create and interpret a correlation matrix. Describe how researchers can use partial correlation and multiple regression to statistically control for third variables. As we have already seen, researchers conduct correlational studies rather than experiments when they are interested in noncausal relationships or when they are interested in causal relationships but the independent variable cannot be manipulated for practical or ethical reasons. In this section, we look at some approaches to complex correlational research that involve measuring several variables and assessing the relationships among them. Assessing Relationships Among Multiple Variables Most complex correlational research involves measuring several variables—either binary or continuous—and then assessing the statistical relationships among them. For example, researchers Nathan Radcliffe and William Klein studied a sample of middle-aged adults to see how their level of optimism (measured by using a short questionnaire called the Life Orientation Test) relates to several other variables related to having a heart attack (Radcliffe & Klein, 2002) [16] . These included their health, their knowledge of heart attack risk factors, and their beliefs about their own risk of having a heart attack. They found that more optimistic participants were healthier (e.g., they exercised more and had lower blood pressure), knew about heart attack risk factors, and correctly believed their own risk to be lower than that of their peers. In another example, Ernest Jouriles and his colleagues measured adolescents' experiences of physical and psychological relationship aggression and their psychological distress. Because measures of physical aggression (such as the Conflict in Adolescent Dating Relationships Inventory and the Relationship Violence Interview) often tend to result in highly skewed distributions, the researchers transformed their measures of physical aggression into a dichotomous (i.e., binary) measure (0 = did not occur, 1 = did occur). They did the same with their measures of psychological aggression and then measured the correlations among these variables, finding that adolescents who experienced physical aggression were moderately likely to also have experienced psychological aggression and that experiencing psychological aggression was related to symptoms of psychological distress. (Jouriles, Garrido, Rosenfield, & McDonald, 2009) [17] This approach is often used to assess the validity of new psychological measures. For example, when John Cacioppo and Richard Petty created their Need for Cognition Scale—a measure of the extent to which people like to think and value thinking—they used it to measure the need for cognition for a large sample of college students, along with three other variables: intelligence, socially desirable responding (the tendency to give what one thinks is the “appropriate” response), and dogmatism (Caccioppo & Petty, 1982) [18] . The results of this study are summarized in Table 6.1, which is a correlation matrix showing the correlation (Pearson’s r ) between every possible pair of variables in the study. For example, the correlation between the need for cognition and intelligence was +.39, the correlation between intelligence and socially desirable responding was +.02, and so on. (Only half the matrix is filled in because the other half would contain exactly the same information. Also, because the correlation between a variable and itself is always +1.00, these values are replaced with dashes throughout the matrix.) In this case, the overall pattern of correlations was consistent with the researchers’ ideas about how scores on the need for cognition should be related to these other constructs. Table 6.1 Correlation Matrix Showing Correlations Among the Need for Cognition and Three Other Variables Based on Research by Cacioppo and Petty (1982) Need for cognition Intelligence Social desirability Dogmatism Need for cognition — Intelligence +.39 — Social desirability +.08 +.02 — Dogmatism −.27 −.23 +.03 — Factor Analysis When researchers study relationships among a large number of conceptually similar variables, they often use a complex statistical technique called factor analysis . In essence, factor analysis organizes the variables into a smaller number of clusters, such that they are strongly correlated within each cluster but weakly correlated between clusters. Each cluster is then interpreted as multiple measures of the same underlying construct. These underlying constructs are also called “factors.” For example, when people perform a wide variety of mental tasks, factor analysis typically organizes them into two main factors—one that researchers interpret as mathematical intelligence (arithmetic, quantitative estimation, spatial reasoning, and so on) and another that they interpret as verbal intelligence (grammar, reading comprehension, vocabulary, and so on). The Big Five personality factors have been identified through factor analyses of people’s scores on a large number of more specific traits. For example, measures of warmth, gregariousness, activity level, and positive emotions tend to be highly correlated with each other and are interpreted as representing the construct of extraversion. As a final example, researchers Peter Rentfrow and Samuel Gosling asked more than 1,700 university students to rate how much they liked 14 different popular genres of music (Rentfrow & Gosling, 2008) [19] . They then submitted these 14 variables to a factor analysis, which identified four distinct factors. The researchers called them Reflective and Complex (blues, jazz, classical, and folk), Intense and Rebellious (rock, alternative, and heavy metal), Upbeat and Conventional (country, soundtrack, religious, pop), and Energetic and Rhythmic (rap/hip-hop, soul/funk, and electronica); see Table 6.2. Table 6.2 Factor Loadings of the 14 Music Genres on Four Varimax-Rotated Principal Components. Based on Research by Rentfrow and Gosling (2003) Music-preference dimension Genre Reflective and Complex Intense and Rebellious Upbeat and Conventional Energetic and Rhythmic Blues .85 .01 -.09 .12 Jazz .83 .04 .07 .15 Classical .66 .14 .02 -.13 Folk .64 .09 .15 -.16 Rock .17 .85 -.04 -.07 Alternative .02 .80 .13 .04 Heavy metal .07 .75 -.11 .04 Country -.06 .05 .72 -.03 Sound tracks .01 .04 .70 .17 Religious .23 -.21 .64 -.01 Pop -.20 .06 .59 .45 Rap/hip-hop -.19 -.12 .17 .79 Soul/funk .39 -.11 .11 .69 Electronica/dance -.02 .15 -.01 .60 Note. N = 1,704. All factor loadings .40 or larger are in italics; the highest factor loadings for each dimension are listed in boldface type. Two additional points about factor analysis are worth making here. One is that factors are not categories. Factor analysis does not tell us that people are either extraverted or conscientious or that they like either “reflective and complex” music or “intense and rebellious” music. Instead, factors are constructs that operate independently of each other. So people who are high in extraversion might be high or low in conscientiousness, and people who like reflective and complex music might or might not also like intense and rebellious music. The second point is that factor analysis reveals only the underlying structure of the variables. It is up to researchers to interpret and label the factors and to explain the origin of that particular factor structure. For example, one reason that extraversion and the other Big Five operate as separate factors is that they appear to be controlled by different genes (Plomin, DeFries, McClean, & McGuffin, 2008) [20] . Exploring Causal Relationships Another important use of complex correlational research is to explore possible causal relationships among variables. This might seem surprising given the oft-quoted saying that ""correlation does not imply causation.” It is true that correlational research cannot unambiguously establish that one variable causes another. Complex correlational research, however, can often be used to rule out other plausible interpretations. The primary way of doing this is through the statistical control of potential third variables. Instead of controlling these variables through random assignment or by holding them constant as in an experiment, the researcher instead measures them and includes them in the statistical analysis called partial correlation . Using this technique, researchers can examine the relationship between two variables, while statistically controlling for one or more potential third variables. For example, assume a researcher was interested in the relationship between watching violent television shows and aggressive behavior but she was concerned that socioeconomic status (SES) might represent a third variable that is driving this relationship. In this case, she could conduct a study in which she measures the amount of violent television that participants watch in their everyday life, the number of acts of aggression that they have engaged in, and their SES. She could first examine the correlation between violent television viewing and aggression. Let's say she found a correlation of +.35, which would be considered a moderate sized positive correlation. Next, she could use partial correlation to reexamine this relationship after statistically controlling for SES. This technique would allow her to examine the relationship between the part of violent television viewing that is independent of SES and the part of aggressive behavior that is independent of SES. If she found that the partial correlation between violent television viewing and aggression while controlling for SES was +.34, that would suggest that the relationship between violent television viewing and aggression is largely independent of SES (i.e., SES is not a third variable driving this relationship). On the other hand, if she found that after statistically controlling for SES the correlation between violent television viewing and aggression dropped to +.03, then that would suggest that SES is indeed a third variable that is driving the relationship. If, however, she found that statistically controlling for SES reduced the magnitude of the correlation from +.35 to +.20, then this would suggest that SES accounts for some, but not all, of the relationship between television violence and aggression. It is important to note that while partial correlation provides an important tool for researchers to statistically control for third variables, researchers using this technique are still limited in their ability to arrive at causal conclusions because this technique does not take care of the directionality problem and there may be other third variables driving the relationship that the researcher did not consider and statistically control. Regression Once a relationship between two variables has been established, researchers can use that information to make predictions about the value of one variable given the value of another variable. For, instance, once we have established that there is a correlation between IQ and GPA we can use people's IQ scores to predict their GPA. Thus, while correlation coefficients can be used to describe the strength and direction of relationships between variables, regression is a statistical technique that allows researchers to predict one variable given another. Regression can also be used to describe more complex relationships between more than two variables. Typically the variable that is used to make the prediction is referred to as the predictor variable and the variable that is being predicted is called the outcome variable or criterion variable . This regression equation has the following general form: Y = b 1 X 1 Y in this formula represents the person's predicted score on the outcome variable, b 1 represents the slope of the line depicting the relationship between two variables (or the regression weight), and X 1 represents the person's score on the predictor variable. You can see that to predict a person's score on the outcome variable (Y), one simply needs to multiply their score on the predictor variable (X) by the regression weight ( b 1 ) While simple regression involves using one variable to predict another, multiple regression involves measuring several variables ( X1, X2, X3,…Xi ), and using them to predict some outcome variable ( Y ). Multiple regression can also be used to simply describe the relationship between a single outcome variable (Y) and a set of predictor variables ( X1, X2, X3,…Xi ). The result of a multiple regression analysis is an equation that expresses the outcome variable as an additive combination of the predictor variables. This regression equation has the following general form: Y = b 1 X 1 + b 2 X 2 + b 3 X 3 + … + b i X i The regression weights ( b 1 , b 2 , and so on) indicate how large a contribution a predictor variable makes, on average, to the prediction of the outcome variable. Specifically, they indicate how much the outcome variable changes for each one-unit change in the predictor variable. The advantage of multiple regression is that it can show whether a predictor variable makes a contribution to an outcome variable over and above the contributions made by other predictor variables (i.e., it can be used to show whether a predictor variable is related to an outcome variable after statistically controlling for other predictor variables). As a hypothetical example, imagine that a researcher wants to know how income and health relate to happiness. This is tricky because income and health are themselves related to each other. Thus if people with greater incomes tend to be happier, then perhaps this is only because they tend to be healthier. Likewise, if people who are healthier tend to be happier, perhaps this is only because they tend to make more money. But a multiple regression analysis including both income and health as predictor variables would show whether each one makes a contribution to the prediction of happiness when the other is taken into account (when it is statistically controlled). In other words, multiple regression would allow the researcher to examine whether that part of income that is unrelated to health predicts or relates to happiness as well as whether that part of health that is unrelated to income predicts or relates to happiness. Research like this, by the way, has shown both income and health make extremely small contributions to happiness except in the case of severe poverty or illness (Diener, 2000 [21] ). The examples discussed in this section only scratch the surface of how researchers use complex correlational research to explore possible causal relationships among variables. It is important to keep in mind, however, that purely correlational approaches cannot unambiguously establish that one variable causes another. The best they can do is show patterns of relationships that are consistent with some causal interpretations and inconsistent with others.",https://ecampusontario.pressbooks.pub/psychmethods3ecan/chapter/non-equivalent-control-group-designs/
factorial-designs,factorial designs,,https://ecampusontario.pressbooks.pub/psychmethods3ecan/part/factorial-designs/
factorial-design-table,factorial design table,"Learning Objectives Reflect on how we know what to do as social workers Differentiate between micro-, meso-, and macro-level analysis Describe intuition, its purpose in social work, and its limitations Identify specific types of cognitive biases and how the influence thought Define scientific inquiry What would you do? Imagine you are a clinical social worker at a children’s mental health agency. Today, you receive a referral from your town’s middle school about a client who often skips school, gets into fights, and is disruptive in class. The school has suspended him and met with the parents multiple times. They report that they practice strict discipline at home, yet the client’s behavior has only gotten worse. When you arrive at the school to meet with the boy, you notice that he has difficulty maintaining eye contact with you, appears distracted, and has a few bruises on his legs. You also find out that he is a gifted artist, so you decide to paint and draw together while you assess him. Given the strengths and challenges you notice, what interventions would you select for this client and how would you know your interventions worked? Imagine you are a social worker in an urban food desert, a geographic area in which there is no grocery store that sells fresh food. Many of your low-income clients live solely on food from the dollar store, convenience stores, or takeout, as they are unable to buy fresh food. You are becoming concerned about your clients’ health, as many of them are obese due to these conditions. Many of your clients survive on minimum wage jobs or Supplemental Nutrition Assistance Program (SNAP) benefits and end up relying on food pantries when their money runs out towards the end of the month. You have spent the past month building a coalition composed of members from your community, including non-profit agencies, religious groups, and healthcare workers to lobby your city council. How should your group address the issue of food deserts in your community? What intervention would you suggest? How would you know if your intervention worked? You are a social worker working at a public policy center focused on homelessness. Your city is seeking a large federal grant to address the growing problem of homelessness in your area, and you have been hired as a consultant to work on the proposal. After conducting a needs assessment in collaboration with local social service agencies and interviewing people who are homeless, you meet with city council members to discuss potential programs. Local agencies want to spend the grant money to increase capacity at existing shelters and to create transitional housing by re-purposing an unused apartment complex. This way, individuals have a place to stay after the shelter where they can learn valuable independent living skills. On the other hand, you are aware that the clients would prefer to receive housing vouchers to rent apartments in the community. The clients also communicated that they fear shelters and transitional housing may impose on their daily lives by placing restrictions on guests and mandating quiet hours. When you ask the agencies about client feedback, they state that clients cannot be trusted to manage in their own apartments without the structure and supervision that is provided by agency support workers. What kind of program should your city choose to implement? Which program is most likely to be effective? Assuming you've taken a social work course before, you will notice that the case studies cover different levels of analysis in the social ecosystem—micro, meso, and macro. At the micro-level , social workers examine the smallest levels of interaction, even interactions within “the self,” like in our first case study involving the misbehaving child. When social workers investigate groups and communities, such as our food desert scenario in case 2, they are operating at the meso-level . At the macro-level , social workers examine social structures and institutions. Research at the macro-level examines large-scale patterns, including culture and government policy, like the situation described in case 3. These domains interact with one another and it is common for a social work research project to address more than one level of analysis. Moreover, research that occurs on one level is likely to have implications at the other levels of analysis. How do social workers know what to do? Welcome to social work research. This chapter begins with three problems that social workers might face in practice and three questions about what a social worker should do next. If you haven’t already, spend a minute or two thinking about how you would respond to each case and jot down some notes. How would you respond to each of these cases? I assume it is unlikely that you are an expert in the areas of children’s mental health, community responses to food deserts, and homelessness policy. Not to worry, neither am I. In fact, for many of you this textbook will likely come at an early point in your social work education, so it may seem unfair for me to ask you what the right answers are. And to disappoint you further, this course will not teach you the right answers to these questions, however it will teach you how to work through them and come to the right answer on your own. Social workers must learn how to examine the literature on a topic, come to a reasoned conclusion, and use that knowledge in their practice. Similarly, social workers engage in research to ensure that their interventions are helping, not harming, clients and that those interventions also contribute to social science and social justice. Assuming that you may lack advanced knowledge of the topics addressed in the case studies, you likely made use of your intuition when imagining how you would react in each situation (Cheung, 2016). [1] Intuition is a way of knowing that is mostly unconscious, much like a gut feeling telling you what you should do. As you think about a problem such as those in the case studies, you notice certain details and ignore others. Using your past experiences, you apply knowledge that seems to be relevant and make predictions about what might be true. In this way, intuition is based on direct experience . Many of us know things simply because we’ve experienced them directly. For example, you would know that electric fences can be pretty dangerous and painful if you touched one while standing in a puddle of water. Most of us can probably recall a time when we have learned something though experience. If you grew up in Minnesota, you would observe plenty of kids learning that your tongue really does stick to a metal pole in the winter. Similarly, you would learn that driving 20 miles above the speed limit on a major highway is a pretty easy way to earn a traffic ticket. Intuition and direct experience are powerful forces. As a discipline, social work is unique because it values intuition, however it will take you quite a while to develop what social workers refer to as practice wisdom . Practice wisdom is the ""learning by doing"" that develops as one practices social work over time. Social workers also reflect on their practice, both independently and with colleagues, which sharpens their intuitions and opens their minds to other viewpoints. While your direct experience in social work may be limited at this point, feel confident that through reflective practice you will attain practice wisdom. However, it’s important to note that intuitions are not always correct. Think back to the first case study. What might be your novice diagnosis for this child’s behavior? Does he have attention deficit hyperactivity disorder (ADHD) because he is easily distracted and gets into trouble at school, or are those symptoms of autism spectrum disorder or an attachment disorder? Are the bruises on his legs an indicator of ADHD, or do they indicate possible physical abuse at home? Even if you arrived at an accurate assessment of the situation, you would still need to figure out what kind of intervention to use with the client. If he has a mental health issue, you might suggest therapy for the child, but what kind of therapy? Should we use cognitive-behavioral therapy, play therapy, art therapy, family therapy, or animal assisted therapy? Should we try a combination of therapy and medication prescribed by a psychiatrist? We could guess which intervention would be best, but in practice that would be highly unethical. An incorrect guess could waste our time and the time of our client, or worse, it could actively harm a client. We need to ground our social work interventions with clients and systems with something more secure than our intuition and experience. Cognitive biases Although the human mind is a marvel of observation and data analysis, there are universal flaws in thinking that must be overcome. We all rely on mental shortcuts to help us make sense of a continuous stream of new information. All people, including you and I, must train their minds to be aware of predictable flaws in thinking, termed cognitive biases . Here is a link to the Wikipedia entry on cognitive biases . As you can see, it is quite long. We will review some of the most important ones here, but take a moment to browse around the link and get a sense of the extent to which cognitive biases are ingrained in human thinking. The most important cognitive bias for social scientists to be aware of is confirmation bias . Confirmation bias involves observing and analyzing information in a way that confirms what you already think is true. No person is a blank slate. We arrive at each moment with a set of beliefs, experiences, and models of how the world works that we develop over time. Often, these are grounded in our own personal experiences. Confirmation bias assumes these intuitions are correct and ignores or manipulates new information in a way that avoids challenging our established beliefs. Confirmation bias can be seen in many ways. Sometimes, people will only pay attention to the information that fits their preconceived ideas and ignore information that does not fit. This is called selective observation . Other times, people will make hasty conclusions about a broad pattern based on only a few observations. This is called overgeneralization . Let’s walk through an example and see how they each would function. In our second case study, we are trying to figure out how to help people who receive SNAP (formerly Food Stamps) who live in a food desert. Let’s say that we have arrived at a solution and are now lobbying the city council to implement it. There are many people who have negative beliefs about people who are “on welfare.” These people believe individuals who receive social welfare benefits spend their money irresponsibly, are too lazy to get a job, and manipulate the system to maintain or increase their government payout. People expressing this belief may provide an example like Louis Cuff , who bought steak and lobster with his SNAP benefits and resold them for a profit. City council members who hold these beliefs may ignore the truth about your client population. Your clients and other people experiencing poverty usually spend their money responsibly and they genuinely need help accessing fresh and healthy food. This would be an example of selective observation in which they are only paying attention to the cases that confirm their biased beliefs about people in poverty and ignoring evidence that challenges that perspective. Their beliefs are likely grounded in overgeneralization in which one example, like Mr. Cuff, is applied broadly to the population of people using social welfare programs. Social workers in this situation would have to hope that city council members are open to another perspective and can be swayed by evidence that challenges their beliefs. Otherwise, they will continue to rely on a biased view of people in poverty when they create policies. But where do these beliefs and biases come from? Perhaps an authority figure told them that people in poverty are lazy and manipulative, and these beliefs may have been internalized without questioning. Naively relying on authority can take many forms. We might rely on our parents, friends, or religious leaders as authorities on a topic. We might consult someone who identifies as an expert in the field and simply follow what they say. We might hop aboard a “bandwagon” and adopt the fashionable ideas and theories of our peers and friends. It is important to note that experts in the field should generally be trusted to provide accurate information on a topic, though their knowledge should be receptive to skeptical critique, as the state of knowledge will develop over time as more scholars study the topic. There are limits to skepticism, however. Disagreeing with experts about global warming, the shape of the earth, or the efficacy and safety of vaccines does not make one free of cognitive biases. On the contrary, it is likely that the person is falling victim to the Dunning -Kruger effect , in which unskilled people overestimate their ability to find the truth. As this comic illustrates, they are at the top of Mount Stupid. Only through rigorous, scientific inquiry can they progress down the back slope and hope to increase their depth of knowledge about a topic. Scientific Inquiry Cognitive biases are most often expressed when people are using informal observation. Until I asked at the beginning of this chapter, you may have had little reason to formally observe and make sense of information about children’s mental health, food deserts, or homelessness policy. Because you engaged in informal observation, it is more likely that you will express cognitive biases in your responses. Informal observation can be problematic because without any systemic process for observing or addressing the accuracy of our observations, we can never be sure of their accuracy. In order to minimize the effect of cognitive biases and come closer to truly understanding a topic, we must apply a systematic framework for understanding what we observe. The opposite of informal observation is scientific inquiry, used interchangeably with the term research methods in this text. These terms refer to an organized, logical way of knowing that involves both theory and observation. Science can account for many of the limitations of cognitive biases, though not perfectly. Science ensures that observations are done rigorously by following a set of prescribed steps in which scientists clearly describe the methods they use to conduct observations and create theories about the social world. Theories are tested by observing the social world, and they can be shown to be false or incomplete. In short, scientists try to learn the truth. Social workers use scientific truths in their practice and conduct research to revise and extend our understanding of what is true in the social world. Social workers who ignore science and act based on biased or informal observation may actively harm clients. Key Takeaways Social work research occurs on the micro-, meso-, and macro-level. Intuition is a powerful, though woefully incomplete, guide to action in social work. All human thought is subject to cognitive biases. Scientific inquiry accounts for cognitive biases by applying an organized, logical way of observing and theorizing about the world. Glossary Authority - learning by listening to what people in authority say is true Cognitive biases - predictable flaws in thinking Confirmation bias - observing and analyzing information in a way that confirms what you already think is true Direct experience - learning through informal observation Dunning-Kruger effect - when unskilled people overestimate their ability and knowledge (and experts underestimate their ability and knowledge) Intuition - your ""gut feeling"" about what to do Macro-level - examining social structures and institutions Meso-level - examining interaction between groups Micro-level - examining the smallest levels of interaction, usually individuals Overgeneralization - using limited observations to make assumptions about broad patterns Practice wisdom - “learning by doing” that guides social work intervention and increases over time Research methods - an organized, logical way of knowing based on theory and observation Image Attributions Thinking woman by Free-Photos via Pixabay CC-0 Light bulb by MasterTux via Pixabay CC-0",https://ecampusontario.pressbooks.pub/psychmethods3ecan/chapter/setting-up-a-factorial-experiment/
mixed-factorial-design,mixed factorial design,"Learning Objectives Describe and discuss four important reasons why students should care about social scientific research methods Identify how social workers use research as part of evidence-based practice At this point, you may be wondering about the relevance of research methods to your life. Whether or not you choose to become a social worker, you should care about research methods for two basic reasons: (1) research methods are regularly applied to solve social problems and issues that shape how our society is organized, thus you have to live with the results of research methods every day of your life, and (2) understanding research methods will help you evaluate the effectiveness of social work interventions, which is an important skill for future employment. Consuming research and living with its results Another New Yorker cartoon depicts two men chatting with each other at a bar. One is saying to the other, “Are you just pissing and moaning, or can you verify what you’re saying with data?” ( https://condenaststore.com/featured/are-you-just-pissing-and-moaning-edward-koren.html ). Think about yourself: Would you rather be a complainer or someone who can verify what they say? Understanding research methods and how they work can help position you to actually do more than just complain. Further, whether you know it or not, research probably has some impact on your life each and every day. Many of our laws, social policies, and court proceedings are grounded in some degree of empirical research and evidence (Jenkins & Kroll-Smith, 1996). [5] That’s not to say that all laws and social policies are good or make sense. However, you can’t have an informed opinion about any of them without understanding where they come from, how they were formed, and what their evidence base is. All social workers, from micro to macro, need to understand the root causes and policy solutions to social problems that their clients are experiencing. A recent lawsuit against Walmart provides an example of social science research in action. A sociologist named Professor William Bielby was enlisted by plaintiffs in the suit to conduct an analysis of Walmart’s personnel policies in order to support their claim that Walmart engages in gender discriminatory practices. Bielby’s analysis shows that Walmart’s compensation and promotion decisions may indeed have been vulnerable to gender bias. In June 2011, the United States Supreme Court decided against allowing the case to proceed as a class-action lawsuit ( Wal-Mart Stores, Inc. v. Dukes , 2011). [6] While a class-action suit was not pursued in this case, consider the impact that such a suit against one of our nation’s largest employers could have on companies and their employees around the country and perhaps even on your individual experience as a consumer. [7] In addition to having to live with laws and policies that have been crafted based on social science research, you are also a consumer of all kinds of research. A strong understanding of research methods can help you be a more informed consumer. Have you ever noticed the magazine headlines that peer out at you while you are waiting in line to pay for your groceries? They are geared toward piquing your interest and making you believe that you will learn a great deal if you follow the advice in a particular article. However, since you would have no way of knowing whether the magazine’s editors had gathered their data from a representative sample of people like you and your friends, you would have no reason to believe that the advice would be worthwhile. By having some understanding of research methods, you can avoid wasting your money on magazines and avoid wasting your time on inappropriate advice. If you were to pick up any magazine or newspaper or tune into any news broadcast, you are likely to hear about some new and exciting research results. A strong understanding of research methods will help you to read past the type of vague headlines and ask clarifying questions about what you see and hear in the media. In other words, research methods can help you to become a more responsible consumer of public and popular information. Who wouldn’t want to be more responsibly informed? Evidence-based practice At some point in your schooling, I am sure that you have felt as though a class was not relevant and found yourself wondering when you’ll ever need the information in “real life.” You may not believe me, but the research methods from this text will be used often in your careers. Social work supervisors and administrators at agency-based settings will likely have to demonstrate that their agency’s programs are effective at achieving their goals. Most private and public grants will require evidence of effectiveness for your agency to receive funding and to keep the programs running. Social workers at community-based organizations commonly use research methods to target their interventions to the needs of their service area. Clinical social workers must also make sure that the interventions they use in practice are effective and not harmful to clients. In addition, social workers may want to track client progress on goals, help clients gather data about their clinical issues, or use data to advocate for change. As a whole, all social workers in all practice situations must remain current on the scientific literature to ensure competent and ethical practice. In all of these cases, a social worker needs to be able to understand and evaluate scientific information. Evidence-based practice (EBP) for social workers involves making decisions on how to help clients based on the best available evidence. A social worker must examine the current literature and understand both the theory and evidence relevant to the practice situation. According to Rubin and Babbie (2017), [8] EBP also involves understanding client characteristics, using practice wisdom and existing resources, and adapting to environmental context. It is not simply “doing what the literature says,” but rather a process by which practitioners examine the literature, client, self, and context to inform interventions with clients and systems. As we discussed in Section 1.2, the patterns discovered by scientific research are not perfectly applicable to all situations. Instead, we rely on the critical thinking of social workers to apply scientific knowledge to real-world situations. Let’s consider an example of a social work administrator at a children’s mental health agency. The agency uses a private grant to fund a program that provides low-income children with bicycles, teaches the children how to repair and care for their bicycles, and leads group bicycle outings after school. Physical activity has been shown to improve mental health outcomes in scientific studies, but is this social worker’s program improving mental health in their clients? Ethically, the social worker should make sure that the program is achieving its goals. If the program is not beneficial, the resources should be spent on more effective programs. Practically, the social worker will also need to demonstrate to the agency’s donors that bicycling truly helps children deal with their mental health concerns. The example above demonstrates the need for social workers to engage in evaluation research, or research that evaluates the outcomes of a policy or program. She will choose from many acceptable ways to investigate program effectiveness, and those choices are based on the principles of scientific inquiry you will learn in this textbook. As the example above mentions, evaluation research is embedded into the funding of nonprofit, human service agencies. Government and private grants need to make sure their money is being spent wisely. If your program does not work, then the funds will be allocated to a program that has been proven effective or a new program that may be effective. Just because a program has the right goal doesn’t mean it will actually accomplish that goal. Grant reporting is an important part of agency-based social work practice. Agencies, in a very important sense, help us discover what approaches actually help clients. In addition to engaging in evaluation research to satisfy the requirements of a grant, your agency may also engage in evaluation research to validate a new approach to treatment. Innovation in social work is incredibly important. Sam Tsemberis relates an “aha” moment from his practice in this Ted talk on homelessness ( https://youtu.be/HsFHV-McdPo ). As a faculty member at the New York University School of Medicine, he noticed a problem with people cycling in and out of the local psychiatric hospital wards. Clients would arrive in psychiatric crisis, become stable with the help of medical supervision, and end up back in the psychiatric crisis ward shortly after discharge. When he asked the clients what their issues were, they said they were unable to participate in homelessness programs because they were not always compliant with medication for their mental health diagnosis and they continued to use drugs and alcohol. Collaboratively, the problem facing these clients was defined as a homelessness service system that was unable to meet clients where they were. Clients who were unwilling to remain completely abstinent from drugs and alcohol or who did not want to take psychiatric medications were simply cycling in and out of psychiatric crisis, moving from the hospital to the street and back to the hospital. The solution that Sam Tsemberis implemented and popularized was called Housing First. It is an approach to homelessness prevention that starts by, you guessed it, providing people with housing first. Like Tanya Tull’s approach to address child and family homelessness, Tsemberis created a model to address chronic homelessness in people with co-occurring disorders (substance abuse and mental illness). The Housing First model holds that housing is a human right, one that should not be denied based on substance use or mental health diagnosis. Clients are given housing as soon as possible. The Housing First agency provides wraparound treatment from an interdisciplinary team, including social workers, nurses, psychiatrists, and former clients who are in recovery. Over the past few decades, this program has gone from one program in New York City to the program of choice for federal, state, and local governments seeking to address homelessness in their communities. The main idea behind Housing First is that once clients have an apartment of their own, they are better able to engage in mental health and substance abuse treatment. While this approach may seem logical to you, it is backwards from the traditional homelessness treatment model. The traditional approach began with the client stopping drug and alcohol use and taking prescribed medication. Only after clients achieved these goals were they offered group housing. If the client remained sober and medication compliant, they could then graduate towards less restrictive individual housing. Evaluation research helps practitioners establish that their innovation is better than the alternatives and should be implemented more broadly. By comparing clients who were served through Housing First and traditional treatment, Tsemberis could establish that Housing First was more effective at keeping people housed and progressing on mental health and substance abuse goals. Starting first with smaller studies and graduating to much larger ones, Housing First built a reputation as an effective approach to addressing homelessness. When President Bush created the Collaborative Initiative to Help End Chronic Homelessness in 2003, Housing First was used in many of the interventions and its effectiveness was demonstrated on a national scale. In 2007, it was acknowledged as an evidence-based practice in the Substance Abuse and Mental Health Services Administration’s (SAMHSA) National Registry of Evidence-Based Programs and Policies (NREPP). [9] I suggest browsing around the NREPP website ( https://nrepp.samhsa.gov/landing.aspx ) and looking for interventions on topics that interest you. Other sources of evidence-based practices include the Cochrane Reviews digital library ( http://www.cochranelibrary.com/ ) and Campbell Collaboration ( https://campbellcollaboration.org/ ). In the next few chapters, we will talk more about how to find literature about interventions in social work. The use of systematic reviews, meta-analyses, and randomized controlled trials are particularly important in this regard. So why share the story of Housing First? Well, I want you think about what you hope to contribute to our knowledge on social work practice. What is your bright idea and how can it change the world? Practitioners innovate all the time, often incorporating those innovations into their agency’s approach and mission. Through the use of research methods, agency-based social workers can demonstrate to policymakers and other social workers that their innovations should be more widely used. Without this wellspring of new ideas, social services would not be able to adapt to the changing needs of clients. Social workers in agency-based practice may also participate in research projects happening at their agency. Partnerships between schools of social work and agencies are a common way of testing and implementing innovations in social work. Clinicians receive specialized training, clients receive additional services, agencies gain prestige, and researchers can study how an intervention works in the real world. While you may not become a scientist in the sense of wearing a lab coat and using a microscope, social workers must understand science in order to engage in ethical practice. In this section, we reviewed many ways in which research is a part of social work practice, including: Determining the best intervention for a client or system Ensuring existing services are accomplishing their goals Satisfying requirements to receive funding from private agencies and government grants Testing a new idea and demonstrating that it should be more widely implemented Key Takeaways Whether we know it or not, our everyday lives are shaped by social scientific research. Understanding research methods is important for competent and ethical social work practice. Understanding social science and research methods can help us become more astute and more responsible consumers of information. Knowledge about social scientific research methods is important for ethical practice, as it ensures interventions are based on evidence. Glossary Evaluation research - research that evaluates the outcomes of a policy or program Evidence-based practice - making decisions on how to help clients based on the best available evidence Image Attributions A peer counselor with mother by US Department of Agriculture CC-BY-2.0 Homeless man in New York 2008 by JMSuarez CC-BY-2.0",https://ecampusontario.pressbooks.pub/psychmethods3ecan/chapter/setting-up-a-factorial-experiment/
main-effect,main effect,"Learning Objectives Identify and distinguish between micro-, meso-, and macro-level considerations with respect to the ethical conduct of social scientific research One useful way to think about the breadth of ethical questions that might arise out of any research project is to think about potential issues from the perspective of different analytical levels. In Chapter 1, you learned about the micro-, meso-, and macro-levels of inquiry and how a researcher’s specific point of focus might vary depending on her level of inquiry. Here we’ll apply this ecological framework to a discussion of research ethics. Within most research projects, there are specific questions that arise for researchers at each of these three levels. At the micro-level, researchers must consider their own conduct and the rights of individual research participants. For example, did Stanley Milgram behave ethically when he allowed research participants to think that they were administering electronic shocks to fellow participants? Did Laud Humphreys behave ethically when he deceived his research subjects about his own identity? Were the rights of individuals in these studies protected? These are the type of questions you will want to ask yourself as a researcher when considering ethics at the micro-level. At the meso-level, researchers should think about their duty to the community. How will the results of your study impact your target population? Ideally, your results will benefit your target population by identifying important areas for social workers to intervene. However, it is possible that your study may perpetuate negative stereotypes about your target population or damage its reputation. Indigenous people, in particular, have highlighted how social science has historically furthered their marginalization (Smith, 2013). [1] In addition to your target population, you must also consider your responsibilities to the profession of social work. By engaging in social work research, you are standing on the reputation that the profession has worked to build for over a century. Attending to research ethics helps fulfill your responsibilities to the profession, in addition to your target population. Finally, at the macro-level, a researcher should consider their duty to society and the expectations that society has of them as a social worker. The most troubling and high-profile example of an ethical debate at the macro-level questions whether it is ethical to utilize or cite information obtained by the Nazi's horrendous human experiments during WWII (Moe, 1984). [2] Some argue that because the data were gathered in such an unquestionably unethical manner, they should never be used. Further, some who argue against using the Nazi data point out that not only were the experiments immoral but the methods used to collect data were also scientifically questionable. The data, say these people, are neither valid nor reliable and should therefore not be used in any current scientific investigation (Berger, 1990). [3] On the other hand, some people argue that data themselves are neutral; that “information gathered is independent of the ethics of the methods and that the two are not linked together” (Pozos, 1992, p. 104). [4] Others point out that not using the data could inadvertently strengthen the claims of those who deny that the Holocaust ever happened. In his striking statement in support of publishing the data, medical ethics professor Velvl Greene (1992) says, Instead of banning the Nazi data or assigning it to some archivist or custodial committee, I maintain that it be exhumed, printed, and disseminated to every medical school in the world along with the details of methodology and the names of the doctors who did it, whether or not they were indicted, acquitted, or hanged.…Let the students and the residents and the young doctors know that this was not ancient history or an episode from a horror movie where the actors get up after filming and prepare for another role. It was real. It happened yesterday (p. 169–170). [5] While debates about the use of data collected by the Nazis are typically centered on medical scientists’ use of them, there are conceivable circumstances under which these data might be used by social scientists. Perhaps, for example, a social scientist might wish to examine contemporary reactions to the experiments, or perhaps the data could be used in a study of the sociology of science. What do you think? Should data gathered by the Nazis be used or cited today? What arguments can you make in support of your position, and how would you respond to those who disagree? Table 5.1 summarizes the key questions that researchers might ask themselves about the ethics of their research at each level of inquiry. Table 5.1 Key ethics questions at three different levels of inquiry Level of inquiry Focus Key ethics questions for researchers to ask themselves Micro-level Individual Does my research impinge on the individual's right to privacy? Could my research offend subjects in any way? Could my research cause emotional distress to any of my subjects? Has my own conduct been ethical throughout the research process? Meso-level Group Does my research follow the ethical guidelines of my profession and discipline? Could my research negatively impact a community? Have I met my duty to those who funded my research? Macro-level Society Does my research meet the societal expectations of social research? Have I met my social responsibilities as a researcher? Key Takeaways At the micro-level, researchers should consider their own conduct and the rights of individual research participants. At the meso-level, researchers should consider the expectations of their profession, any organizations that may have funded their research, and the communities affected by their research. At the macro-level, researchers should consider their duty to and the expectations of society with respect to social scientific research.",https://ecampusontario.pressbooks.pub/psychmethods3ecan/chapter/interpreting-factorial-results/
interaction,interaction,"Learning Objectives Describe common barriers to engaging with social work research Identify alternative ways of thinking about research methods I’ve been teaching research methods for six years and have found many students struggle to see the connection between research and social work practice. Most students enjoy a social work theory class because they can better understand the world around them. Students also like social work practice courses because they are taught how to conduct clinical work with clients, which is what most social work students want to do. On the other hand, it is less common for me to have a student that is interested in becoming a social work researcher. For this reason, I want to end this chapter on a more personal note. Most student barriers to research come from the following beliefs: Research is useless! Students are saying something important when they tell me that research methods is not a useful class to them. As a scholar (or student), your most valuable asset is your time. You give your time to the subjects you consider important to you and your future practice. Because most social workers don’t become researchers or practitioner-researchers, students feel like a research methods class is a waste of time. Social workers play an important role in creating new knowledge about social services, as presented in our previous discussion of evidence-based practice and the use of research methods. On a more immediate level, research methods will also help you become a stronger social work student. The next few chapters of this textbook will review how to search for literature on a topic and write a literature review. These skills are relevant in every classroom during your academic career. The rest of the textbook will help you understand the mechanics of research methods so you can better understand the content of those pesky journal articles your professors force you to cite in your papers. Research is too hard! Research methods involves a lot of terminology that is entirely new to social workers. Other domains of social work are easier to apply your intuition towards. In a social work practice course, you may feel more at ease because you understand how to be an empathetic person, and your experiences in life can help guide you through a practice situation or even theoretical or conceptual question. Research may seem like a totally new area in which you have no previous experience. It can seem like a lot to learn. In addition to the normal memorization and application of terms, research methods also has wrong answers. There are certain combinations of methods that just don’t work together. The fear is entirely understandable. Research is not straightforward. As Figure 1.1 shows, it is a process that is non-linear, involving multiple revisions, wrong turns, and dead ends before you figure out the best question and research approach. You may have to go back to chapters after having read them or even peek ahead at chapters your class hasn’t covered yet. Figure 1.1 Research as a non-linear process [6] Moreover, research is something you learn by doing…and stumbling a few times. It’s an iterative process, which means that you must try many times before you get it right. There isn’t a shortcut for learning research, but hopefully your research methods class is one in which your research project is broken down into smaller parts and you get consistent feedback throughout the process. No one just knows research. It’s something you pick up by doing it, reflecting on the experiences and results, redoing your work, and revising it in consultation with your professor. Research is boring! We’ve already discussed the arcane research terminology, so I won’t go into it again here, but research methods is regarded as a boring topic by many students. Practice knowledge and even theory are fun to learn because they are easy to apply and give you insight into the world around you. Research just seems like its own weird, remote thing. I completely understand where this perspective comes from and hope there are a few things you will take away from this course that aren’t boring to you. In the first section of this textbook, you will learn how to take any topic and learn what is known about it. It may seem trivial, but it is actually a superpower. Your social work education will present some generalist material, which is applicable to nearly all social work practice situations, and some applied material, which is applicable to specific social work practice situations. However, there is no education that will provide you with everything you need to know, and there is certainly no education that can tell you what will be discovered over the next few decades of your practice. Our work on literature reviews in the next few chapters will help you to become a strong social work student and practitioner. Following that, our exploration of research methods will help you further understand how the theories, practice models, and techniques you learn in your other classes are created and tested scientifically. Get out of your own way Together, the beliefs of “research is useless, boring, and hard” can create a self-fulfilling prophecy for students. If you believe that research is boring, then you won’t find it interesting. If you believe that research is hard, then you will struggle more with assignments. If you believe that research is useless, then you won’t see its utility. While I certainly acknowledge that students aren’t going to love research as much as I do (it’s a career for me, so I like it a lot!), I suggest reframing how you think about research using these touchstones: All social workers rely on social science research to engage in competent practice. No one already knows research. It’s something I’ll learn through practice, and it’s challenging for everyone. Research is relevant to me because it allows me to figure out what is known about any topic I want to study. If the topic I choose to study is important to me, I will be more interested in research. Structure of this textbook While you may not have chosen this course, you can increase the likelihood of academic gain by reframing your approach to it. To that end, here is the structure of this book: In Chapters 2-4, we’ll review how to begin a research project. This involves searching for relevant literature, specifically from academic journals, and synthesizing what they say about your topic into a literature review. In Chapters 5-9, you’ll learn about how research informs and tests theory. We’ll discuss how to conduct research in an ethical manner, create research questions, and measure concepts in the social world. Chapters 10-14 will describe how to conduct research, whether it’s a quantitative survey or experiment, or a qualitative interview or focus group. We’ll also review how to analyze data that someone else has already collected. Finally, Chapters 15 and 16 will review the types of research most commonly used in social work practice, including evaluation research and action research, and how to report the results of your research to various audiences. Key Takeaways Anxiety about research methods is a common experience for students. Research methods will help you become a better scholar and practitioner.",https://ecampusontario.pressbooks.pub/psychmethods3ecan/chapter/interpreting-factorial-results/
spreading-interactions,spreading interactions,"Learning Objectives Define science Describe the difference between objective and subjective truth(s) Describe the roles of ontology and epistemology in scientific inquiry Science and social work Science is a particular way of knowing that attempts to systematically collect and categorize facts or truths. A key word here is ""systematically,"" because it is important to understand that conducting science is a deliberate process. Scientists gather information about facts in a way that is organized and intentional, usually following a set of predetermined steps. More specifically, social work is informed by social science, the science of humanity, social interactions, and social structures. In sum, social work research uses organized and intentional procedures to uncover facts or truths about the social world and it also relies on social scientific research to promote individual and social change. Philosophy of social science This approach to finding truth probably sounds similar to something you heard in your middle school science classes. When you learned about the gravitational force or the mitochondria of a cell, you were learning about the theories and observations that make up our understanding of the physical world. These theories rely on an ontology , or a set of assumptions about what is real. We assume that gravity is real and that the mitochondria of a cell are real. With a powerful microscope, mitochondria are easy to spot and observe, and we can theorize about their function in a cell. The gravitational force is invisible, but clearly apparent from observable facts, like watching an apple fall. The theories about gravity have changed over the years, and those improvements in theory were made when existing theories fell short in explaining observations. If we weren’t able to perceive mitochondria or gravity, they would still be there, doing their thing because they exist independent of our observation of them. This is a philosophical idea called realism, and it simply means that the concepts we talk about in science really and truly exist. Ontology in physics and biology is focused on objective truth . You may have heard the term “being objective” before: it involves observing and thinking with an open mind and pushing aside anything that might bias your perspective. Objectivity also involves finding what is true for everyone, not just what is true for one person. Gravity is certainly true for everyone, everywhere, but let’s consider a social work example. It is objectively true that children who are subjected to severely traumatic experiences will experience negative mental health effects afterwards. A diagnosis of post-traumatic stress disorder (PTSD) is considered objective because it refers to a real mental health issue that exists independent of the social worker’s observations, and it presents similarly in all clients who experience the disorder. Objective, ontological perspective implies that observations are true for everyone, regardless of whether we are there to observe them or not observe them. Epistemology , or our assumptions about how we come to know what is real and true, helps us to realize these objective truths. The most relevant epistemological question in the social sciences is whether truth is better accessed using numbers or words. Generally, scientists approaching research with an objective ontology and epistemology will use quantitative methods to arrive at scientific truth. Quantitative methods examine numerical data to precisely describe and predict elements of the social world. This is due to the epistemological assumption that mathematics can represent the phenomena and relationships we observe in the social world. Mathematical relationships are uniquely useful because allow us to make comparisons across individuals as well as time and space. For example, let’s look at measures of poverty. While people can have different definitions of poverty, an objective measurement such as an annual income less than $25,100 for a family of four is insightful because (1) it provides a precise measurement, (2) it can be compared to incomes from all other people in any society from any time period, and (3) it refers to real quantities of money that exist in the world. In this book, we will review survey and experimental methods, which are the most common designs that use quantitative methods to answer research questions. It may surprise you to learn that objective facts, like income or mental health diagnoses, are not the only facts that are present in the social sciences. Indeed, social science is not only concerned with objective truths, but it is also concerned with subjective truth. Subjective truths are unique to individuals, groups, and contexts. Unlike objective truths, subjective truths will vary based on who you are observing and the context you are observing them in. The beliefs, opinions, and preferences of people are actually truths that social scientists measure and describe. Additionally, subjective truths do not exist independent of human observation because they are the product of the human mind. We negotiate what is true in the social world through language, arriving at a consensus and engaging in debate. Epistemologically, a scientist seeking subjective truth assumes that truth lies in what people say, in their words. A scientist uses qualitative methods to analyze words or other media to understand their meaning. Humans are social creatures, and we give meaning to our thoughts and feelings through language. Linguistic communication is unique. We share ideas with each other at a remarkable rate. In so doing, ideas come into and out of existence in a spontaneous and emergent fashion. Words are given a meaning by their creator., but anyone who receives that communication can absorb, amplify, and even change its original intent. Because social science studies human interaction, subjectivists argue that language is the best way to understand the world. This epistemology is based on some interesting ontological assumptions. What happens when someone incorrectly interprets a situation? While their interpretation may be wrong, it is certainly true to them that they are right. Furthermore, they act on the assumption that they are right. In this sense, even incorrect interpretations are truths, even though they are only true to one person. This leads us to question whether the social concepts we think about really exist. They might only exist in our heads, unlike concepts from the natural sciences which exist independent of our thoughts. For example, if everyone ceased to believe in gravity, we wouldn’t all float away. It has an existence independent of human thought. Let's think through an example. In the Diagnostic and Statistical Manual (DSM) classification of mental health disorders, there is a list of culture-bound syndromes which only appear in certain cultures. For example, susto describes a unique cluster of symptoms experienced by people in Latin American cultures after a traumatic event that focus on the body. Indeed, many of these syndromes do not fit within a Western conceptualization of mental health because Western culture differentiates less between the mind and body. To a Western scientist, susto may seem less real than PTSD. To someone from Latin America, their symptoms may not fit neatly into the PTSD framework developed within Western society. This conflict raises the question: do either susto or PTSD really exist at all? If your answer is “no,” then you are adopting the ontology of anti-realism , which is the belief that social concepts do not have an existence apart from human thought. Unlike realists who seek a single, universal truth, the anti-realist sees a collection of truths that are created and shared within a social and cultural environment. Let’s consider another example: manels or all-male panel discussions at conferences and conventions. Check out this National Public Radio article for some hilarious examples, ironically including panels about diversity and gender representation. Manels are a problem in academic gatherings, Comic-Cons, and other large group events. Over the last few decades, feminist critique has helped us to realize that manels are a holdover of sexist stereotypes and gender-based privilege that perpetuate the idea that men are the experts who deserve to be listened to by other, less important and knowledgeable people. However, let’s look at an example. We will take the perspective of a few different participants at a hypothetical conference and examine their individual, subjective truths. Imagine that the conference schedule is announced. Of the ten panel discussions that are announced, only two panels contain women. Mei, an expert on the neurobiology of child abuse, thinks that this is unfair, as she was excluded from a panel on her specialty. Marco, an event organizer, feels that the results could not be sexist because the organizers simply invited those who were most qualified to speak, regardless of gender. Dionne, a professor who specializes in queer theory and indigenous social work, agrees with Mei that manels are sexist. However, she also feels that the focus on gender excludes and overlooks the problems with race, disability, sexual and gender identity, and social class among the conference panel members. Given these differing interpretations, how can we come to know what is true about this situation? Honestly, there are many truths present in this example. Clearly, Pamela’s truth is that manels are sexist. Marco’s truth is that they are not necessarily sexist, as long as they were chosen in a sex-blind manner. While none of these statements are objectively true, they are subjectively true to the individual who thought of them. Subjective truth consists of the the different meanings, understandings, and interpretations created by people and communicated throughout society. The communication of ideas is important, as it is how people come to a consensus on how to interpret a situation and negotiate the meaning of events, and it informs how people act. Thus, as feminist critiques of society become more accepted, people will behave in less sexist ways. From a subjective perspective, there is no magical number of female panelists that conferences must reach to be sufficiently non-sexist. Instead, we should use language to investigate how people interpret the gender issues at the event and analyze them within a historical and cultural context. How do we find truth when everyone has their own unique interpretation? We must find patterns. Science means finding patterns in data Regardless of whether you are seeking objective or subjective truths, research and scientific inquiry aim to find and explain patterns. Most of the time, a pattern will not explain every single person’s experience, and this is a fact about social science that is both fascinating and frustrating. Even individuals who do not know each other and do not coordinate in any deliberate way can create patterns that persist over time. Those new to social science may find these patterns frustrating because they may believe that the patterns that describe their gender, age, or some other facet of their lives don’t really represent their experience. It’s true. A pattern can exist among your cohort without your individual participation in it. There is diversity within diversity. Let’s consider some specific examples. One area that social workers commonly investigate is the impact of a person’s social class background on their experiences and lot in life. You probably wouldn’t be surprised to learn that a person’s social class background has an impact on their educational attainment and achievement. In fact, one group of researchers [7] in the early 1990s found that the percentage of children who did not receive any postsecondary schooling was four times greater among those in the lowest quartile (25%) income bracket than those in the upper quartile of income earners (i.e., children from high- income families were far more likely than low-income children to go on to college). Another recent study found that having more liquid wealth that can be easily converted into cash actually seems to predict children’s math and reading achievement (Elliott, Jung, Kim, & Chowa, 2010). [8] These findings—that wealth and income shape a child’s educational experiences—are probably not that shocking to any of us. Yet, some of us may know someone who may be an exception to the rule. Sometimes the patterns that social scientists observe fit our commonly held beliefs about the way the world works. When this happens, we don’t tend to take issue with the fact that patterns don’t necessarily represent all people’s experiences. But what happens when the patterns disrupt our assumptions? For example, did you know that teachers are far more likely to encourage boys to think critically in school by asking them to expand on answers they give in class and by commenting on boys’ remarks and observations? When girls speak up in class, teachers are more likely to simply nod and move on. The pattern of teachers engaging in more complex interactions with boys means that boys and girls do not receive the same educational experience in school (Sadker & Sadker, 1994). [9] You and your classmates, of all genders, may find this news upsetting. People who object to these findings tend to cite evidence from their own personal experience, refuting that the pattern actually exists. However, the problem with this response is that objecting to a social pattern on the grounds that it doesn’t match one’s individual experience misses the point about patterns. Patterns don’t perfectly predict what will happen to an individual person, yet they are a reasonable guide. When patterns are systematically observed, they can help guide social work thought and action. A final note on qualitative and quantitative methods There is no one superior way to find patterns that help us understand the world. As we will learn about in Chapter 6, there are multiple philosophical, theoretical, and methodological ways to approach uncovering scientific truths. Qualitative methods aim to provide an in-depth understanding of a relatively small number of cases. Quantitative methods offer less depth on each case but can say more about broad patterns in society because they typically focus on a much larger number of cases. A researcher should approach the process of scientific inquiry by formulating a clear research question and conducting research using the methodological tools best suited to that question. Believe it or not, there are still significant methodological battles being waged in the academic literature on objective vs. subjective social science. Usually, quantitative methods are viewed as “more scientific” and qualitative methods are viewed as “less scientific.” Part of this battle is historical. As the social sciences developed, they were compared with the natural sciences, especially physics, which rely on mathematics and statistics to find truth. It is a hotly debated topic whether social science should adopt the philosophical assumptions of the natural sciences—with its emphasis on prediction, mathematics, and objectivity—or use a different set of tools—understanding, language, and subjectivity—to find scientific truth. You are fortunate to be in a profession that values multiple scientific ways of knowing. The qualitative/quantitative debate is fueled by researchers who may prefer one approach over another, either because their own research questions are better suited to one particular approach or because they happened to have been trained in one specific method. In this textbook, we’ll operate from the perspective that qualitative and quantitative methods are complementary rather than competing. While these two methodological approaches certainly differ, the main point is that they simply have different goals, strengths, and weaknesses. A social work researcher should choose the methods that best match with the question they are asking. Key Takeaways Social work is informed by science. Social science is concerned with both objective and subjective knowledge. Social science research aims to understand patterns in the social world. Social scientists use both qualitative and quantitative methods. While different, these methods are often complementary. Glossary Epistemology - a set of assumptions about how we come to know what is real and true Objective truth - a single truth, observed without bias, that is universally applicable Ontology - a set of assumptions about what is real Qualitative methods - examine words or other media to understand their meaning Quantitative methods - examine numerical data to precisely describe and predict elements of the social world Science - a particular way of knowing that attempts to systematically collect and categorize facts or truth Subjective truth - one truth among many, bound within a social and cultural context Image Attributions Science and Technology by Petr Kratochvil CC-0 Abstract art blur bright by Pixabay CC-0",https://ecampusontario.pressbooks.pub/psychmethods3ecan/chapter/interpreting-factorial-results/
cross-over-interaction,cross-over interaction,,https://ecampusontario.pressbooks.pub/psychmethods3ecan/chapter/interpreting-factorial-results/
simple-effects,Simple effects,,https://ecampusontario.pressbooks.pub/psychmethods3ecan/chapter/interpreting-factorial-results/
single-subject-research,Single-subject research,"How do social workers know the right thing to do? It's an important question. Incorrect social work actions may actively harm clients and communities. Timely and effective social work interventions further social justice and promote individual change. To make the right choices, we must have a basis of knowledge, the skills to understand it, and the commitment to growing that knowledge. The source of social work knowledge is social science. This book is about how to understand and apply it to social work practice. Chapter outline 1.1 How do we know what we know? 1.2 Science, social science, and social work 1.3 Why should we care? 1.4 Understanding research Content advisory This chapter discusses or mentions the following topics: stereotypes of people on welfare, sexual harassment and sexist job discrimination, sexism, poverty, homelessness, mental illness, and substance abuse.",https://ecampusontario.pressbooks.pub/psychmethods3ecan/chapter/overview-of-single-subject-research/
social-validity,social validity,,https://ecampusontario.pressbooks.pub/psychmethods3ecan/chapter/overview-of-single-subject-research/
experimental-analysis-of-behavior,experimental analysis of behavior,,https://ecampusontario.pressbooks.pub/psychmethods3ecan/chapter/overview-of-single-subject-research/
applied-behavior-analysis,applied behavior analysis,"Learning Objectives Find a topic to investigate Create a working question Choosing a social work research topic According to the Action Network for Social Work Education and Research (ANSWER), social work research is conducted to benefit “consumers, practitioners, policymakers, educators, and the general public through the examination of societal issues” (ANSWER, n.d., para. 2). [1] Common social issues that are studied include “health care, substance abuse, community violence, family issues, child welfare, aging, well-being and resiliency, and the strengths and needs of underserved populations” (ANSWER, n.d., para. 2). This list is certainly not exhaustive. Social workers may study any area that impacts their practice. However, the unifying feature of social work research is its focus on promoting the well-being of target populations. If you are an undergraduate social work student that is not yet practicing social work, then how do you identify a researchable topic? Part of the joy in being a social work student is figuring out what areas of social work are appealing to you. Perhaps there are certain theories that speak to you, based on your values or experiences. Perhaps there are social issues you wish to change. Perhaps there are certain groups of people you want to help. Perhaps there are clinical interventions that interest you. Any one of these areas is a good place to start. At the beginning of a research project, your focus should be finding a social work topic that is interesting enough to spend a semester reading and writing about. A good topic selection plan begins with a general orientation into the subject you are interested in pursuing in more depth. Here are some suggestions when choosing a topic area: Pick an area of interest or experience, or an area where you know there is a need for more research. It may be easier to start with “what” and “why” questions and expand on those. For example, what are the best methods of treating severe depression? Or why are people receiving SNAP more likely to be obese? If you already have practice experience in social work through employment, an internship, or volunteer work, think about practice issues you noticed in the placement. Ask a professor, preferably one active in research, about possible topics. Read departmental information on research interests of the faculty. Faculty research interests vary widely, and it might surprise you what they’ve published on in the past. Most departmental websites post the curriculum vitae, or CV, of faculty which lists their publications, credentials, and interests. Read a research paper that interests you. The paper’s literature review or background section will provide insight into the research question the author was seeking to address with their study. Is the research incomplete, imprecise, biased, or inconsistent? As you’re reading the paper, look for what’s missing. These may be “gaps in the literature” that you might explore in your own study. The conclusion or discussion section at the end may also offer some questions for future exploration. A recent blog posting in Science (Pain, 2016) [2] provides several tips from researchers and graduate students on how to effectively read these papers. Think about papers you enjoyed researching and writing in other classes. Research is a unique class and will use the tools of social science for you to think more in depth about a topic. It will bring a new perspective that will deepen your knowledge of the topic. Identify and browse journals related to your research interests. Faculty and librarians can help you identify relevant journals in your field and specific areas of interest. How do you feel about your topic? Perhaps you have started with a specific population in mind, such as youth who identify as LGBTQ or visitors of a local health clinic. Perhaps you choose to start with a specific social problem, such as gang violence, or social policy or program, such as zero-tolerance policies in schools. Alternately, maybe there are interventions that you are interested in learning more about, such as dialectical behavioral therapy or applied behavior analysis. Your motivation for choosing a topic does not have to be objective. Because social work is a values-based profession, social work researchers often find themselves motivated to conduct research that furthers social justice or fights oppression. Just because you think a policy is wrong or a group is being marginalized, for example, does not mean that your research will be biased. Instead, it means that you must understand how you feel, why you feel that way, and what would cause you to feel differently about your topic. Start by asking yourself how you feel about your topic. Be totally honest, and ask yourself whether you believe your perspective is the only valid one. Perhaps yours isn’t the only perspective, but do you believe it is the wisest one? The most practical one? How do you feel about other perspectives on this topic? If you are concerned that you may design a project to only achieve answers that you like and/or cover up findings that you do not like, then you must choose a different topic. For example, a researcher may want to find out whether there is a relationship between intelligence and political affiliation, while holding the personal bias that members of her political party are the most intelligent. Her strong opinion would not be a problem by itself, however if she feels rage when considering the possibility that the opposing party’s members are more intelligent than those of her party, then the topic is probably too conflicting to use for unbiased research. It is important to note that strong feelings about a topic are not always problematic. In fact, some of the best topics to research are those that are important to us. What better way to stay motivated than to study something that you care about? You must be able to accept that people will have a different perspective than you do, and try to represent their viewpoints fairly in your research. If you feel prepared to accept all findings, even those that may be unflattering to or distinct from your personal perspective, then perhaps you should intentionally study a topic about which you have strong feelings. Kathleen Blee (2002) [3] has taken this route in her research. Blee studies hate movement participants, people whose racist ideologies she studies but does not share. You can read her accounts of this research in two of her most well-known publications, Inside Organized Racism and Women of the Klan . Blee’s research is successful because she was willing to report her findings and observations honestly, even those about which she may have strong feelings. Unlike Blee, if you conclude that you cannot accept or share with findings that you disagree with, then you should study a different topic. Knowing your own hot-button issues is an important part of self-knowledge and reflection in social work. Social workers often use personal experience as a starting point for what topics are interesting to cover. As we’ve discussed here, personal experience can be a powerful motivator to study a topic in detail. However, social work researchers should be mindful of their own mental health during the research process. A social worker who has experienced a mental health crisis or traumatic event should approach researching related topics with caution. There is no need to retraumatize yourself or jeopardize your mental health for a research paper. For example, a student who has just experienced domestic violence may want to know about Eye Movement Desensitization and Reprocessing (EMDR) therapy. While the student might gain some knowledge about potential treatments for domestic violence, they will likely have to read through many stories and reports about domestic violence. Unless the student’s trauma has been processed in therapy, conducting a research project on this topic may negatively impact the student’s mental health. Nevertheless, she will acquire skills in research methods that will help her understand the EMDR literature and whether to begin treatment in that modality. Whether you feel strongly about your topic or not, you will also want to consider what you already known about it. There are many ways we know what we know. Perhaps your mother told you something is so. Perhaps it came to you in a dream. Perhaps you took a class last semester and learned something about your topic there, or you may have read something about your topic in your local newspaper or in People magazine. We discussed the strengths and weaknesses associated with some of these different sources of knowledge in Chapter 1, and we’ll talk about other sources of knowledge, such as prior research in the next few sections. For now, take some time to think about what you know about your topic from all possible sources. Thinking about what you already know will help you identify any biases you may have, and it will help as you begin to frame a question about your topic. What do you want to know? Once you have a topic, begin to think about it in terms of a question. What do you really want to know about the topic? As a warm-up exercise, try dropping a possible topic idea into one of the blank spaces below. The questions may help bring your subject into sharper focus and provide you with the first important steps towards developing your topic. What does ___ mean? (Definition) What are the various features of ___? (Description) What are the component parts of ___? (Simple analysis) How is ___ made or done? (Process analysis) How should ___ be made or done? (Directional analysis) What is the essential function of ___? (Functional analysis) What are the causes of ___? (Causal analysis) What are the consequences of ___? (Causal analysis) What are the types of ___? (Classification) How is ___ like or unlike ___? (Comparison) What is the present status of ___? (Comparison) What is the significance of ___? (Interpretation) What are the facts about ___? (Reportage) How did ___ happen? (Narration) What kind of person is ___? (Characterization/Profile) What is the value of ___? (Evaluation) What are the essential major points or features of ___? (Summary) What case can be made for or against ___? (Persuasion) What is the relationship between _____ and the outcome of ____? (Exploratory) Take a minute right now and write down a question you want to answer. Even if it doesn’t seem perfect, everyone needs a place to start. Make sure your research topic is relevant to social work. You’d be surprised how much of the world that encompasses. It’s not just research on mental health treatment or child welfare services. Social workers can study things like the pollution of irrigation systems and entrepreneurship in women, among infinite other topics. The only requirement is your research must inform action to fight social problems faced by target populations. Your question is only a starting place, as research is an iterative process , one that is subject to constant revision. As we progress in this textbook, you’ll learn how to refine your question and include the necessary components for proper qualitative and quantitative research questions. Your question will also likely change as you engage with the literature on your topic. You will learn new and important concepts that may shift your focus or clarify your original ideas. Trust that a strong question will emerge from this process. Key Takeaways Many researchers choose topics by considering their own personal experiences, knowledge, and interests. Researchers should be aware of and forthcoming about any strong feelings they might have about their research topics. There are benefits and drawbacks associated with studying a topic about which you already have some prior knowledge or experience. Researchers should be aware of and consider both. Writing a question down will help guide your inquiry. Image Attributions Transportation/Traffic by Max Pixel CC-0 Justice by Geralt CC-0 Question by Max Pixel CC-0",https://ecampusontario.pressbooks.pub/psychmethods3ecan/chapter/overview-of-single-subject-research/
reversal-design,reversal design,,https://ecampusontario.pressbooks.pub/psychmethods3ecan/chapter/single-subject-research-designs/
aba-design,ABA design,,https://ecampusontario.pressbooks.pub/psychmethods3ecan/chapter/single-subject-research-designs/
baseline,baseline,"In March 2019, two changes were made to the textbook. Image in 9.3 from Abery & Stancliffe was removed and the text was replaced with a different explanation for typology due to concerns about fair use of that image. It will also be removed from print, PDF, and e-reader editions printed after May 2019. Front matter was updated to indicate how to adapt the textbook using Pressbooks XML. Pressbooks XML was also added as a download option in the front matter. In January 2019, a set of small revisions to this textbook were made from the original version published in August 2018. They include the following: New cover art Small textual changes, including grammar and proofing errors noted by students Changed theme to McLuhan Changed headings to Heading 1 Resized images to fit better on print PDF Took out ""chapter"" from chapter titles for simplicity in navigation Clarifying revisions to framing in Chapter 1 Created a print edition on Amazon Revised and updated ancillary materials Deleted preface from front matter Future changes will be noted here. The next edition of this book is planned for Summer 2020.",https://ecampusontario.pressbooks.pub/psychmethods3ecan/chapter/single-subject-research-designs/
alternating-treatments-design,alternating treatments design,"This textbook would not be possible without the outstanding source textbooks. Dr. Blackstone’s textbook is an engaging, approachable, and rigorous work on undergraduate research methods, and I am grateful for her scholarship and generosity. It is also important to recognize the work of the Saylor Foundation in creating and sharing Dr. Blackstone’s textbook. Similarly, the Dr. Frederiksen and Dr. Phelps’ textbook is an important resource for any student seeking to understand literature reviews. The Rebus Community and Pressbooks are also invaluable contributors to the open textbook community. I would like to thank two librarians, Jackie Delong of Washington College and Anita Walz of Virginia Tech, for making this book project possible. I would also like to thank my social work mentors and colleagues at Radford University and Virginia Commonwealth University, particularly Dr. Mary Katherine O’Connor and Dr. Sarah Kye Price, who fostered my interest in multi-paradigmatic research methods. Additionally, the support of Radford University and the Waldron College of Health and Human Services were invaluable during the writing of this manuscript. The creation of this textbook would not have been possible without the assistance of student researchers and graduate assistants, who helped in the writing, editing, and testing of this textbook. In particular, I would like to thank Amanda Parsons, David Cacamis, Daniel Brooks, and Courtney Crenshaw. Students in my research methods courses further strengthened my understanding of how to teach this topic. I would like to thank Tommy Pennington who assisted with copyediting a draft of this text. I am particularly indebted to Janine Gancy, MSW for her assistance in creating version 1.4 of this textbook. Janine did a remarkably thorough job proofreading and formatting the most recent edition of the textbook. In addition, I would like to thank Melissa Ashman, an instructor of business communications at Kwantlen Polytechnic University, for her assistance in editing the 2018 version of this textbook. Janine Gancy's contributions as editor in 2020 have immensely improved the resource, and I am incredibly grateful for her help. The Open Social Work Education logo was designed by Courtney Kupersmith. I also would also like to dedicate this book to my wife, Emily, for carrying the weight of all of my academic projects, however crazy they are, and for carrying our future son. And to our cat, Chloe, thanks for being the best administrative assistant in the world.",https://ecampusontario.pressbooks.pub/psychmethods3ecan/chapter/single-subject-research-designs/
visual-inspection,visual inspection,,https://ecampusontario.pressbooks.pub/psychmethods3ecan/chapter/single-subject-research-designs/
percentage-of-non-overlapping-data,percentage of non-overlapping data,"Scientific Inquiry in Social Work was adapted by Dr. Matthew DeCarlo. Unless otherwise noted, Scientific Inquiry in Social Work is © 2018 by Matthew DeCarlo and is licensed under a Creative Commons Attribution-NonCommercial-ShareAlike 4.0 License ( https://creativecommons.org/licenses/by-nc-sa/4.0/ ). CC BY NC SA license Attribution statement The majority of this textbook, was adapted from Principles of Sociological Inquiry: Qualitative and Quantitative Methods by Dr. Amy Blackstone of the University of Maine. Dr. Blackstone’s text is available here: https://saylordotorg.github.io/text_principles-of-sociological-inquiry-qualitative-and-quantitative-methods/ . The Blackstone textbook was published using a CC-BY-NC-SA 3.0 license ( https://creativecommons.org/licenses/by-nc-sa/3.0/ ). Most of the text for Chapters 2, 3, and 4 were remixed in from Dr. Linda Frederiksen and Dr. Sue F. Phelps’ Literature Reviews for Education and Nursing Graduate Students published by Pressbooks and the Rebus Community. Dr. Frederiksen and Dr. Phelps’ textbook can be accessed here: https://press.rebus.community/literaturereviewsedunursing/ The Frederiksen & Phelps textbook was published using a CC-BY 4.0 license ( https://creativecommons.org/licenses/by/4.0/ ). An attribution index in the back matter describes where each source textbook was used in this manuscript. Image attributions are provided in each chapter. Cover art "" Close up of beer bottles on wood "" was created by Bruno Scramgnon and shared under a CC-0 license. The cover was created using Canva .",https://ecampusontario.pressbooks.pub/psychmethods3ecan/chapter/single-subject-research-designs/
apa-style,APA style,CC BY NC SA license,https://ecampusontario.pressbooks.pub/psychmethods3ecan/chapter/american-psychological-association-apa-style/
high-level-style,high-level style,"Would it surprise you learn that scientists who conduct research may withhold effective treatments from individuals with diseases? Perhaps it wouldn’t surprise you, since you may have heard of the Tuskegee Syphilis Experiment, in which treatments for syphilis were knowingly withheld from African-American participants for decades. I am sure that it would surprise you to learn the the practice of withholding treatment continues today. Multiple studies in the developing world continue to use placebo control groups in testing for cancer screenings, cancer treatments, and HIV treatments (Joffe & Miller, 2014). [1] What standards would you use to judge withholding treatment as ethical or unethical? Most importantly, how can you make sure that your study respects the human rights of your participants? Chapter Outline 5.1 Research on humans 5.2 Specific ethical issues to consider 5.3 Ethics at micro, meso, and macro levels 5.4 The practice of science versus the uses of science Content Advisory This chapter discusses or mentions the following topics: unethical research that has occurred in the past against marginalized groups in America and during the Holocaust.",https://ecampusontario.pressbooks.pub/psychmethods3ecan/chapter/american-psychological-association-apa-style/
low-level-style,low-level style,"https://www.opensocialworkeducation.com/ Navigating the web edition If you're looking at this in a web browser, you can navigate to each chapter by clicking the Contents button on the top left side of the screen. If you're looking at this on a mobile phone, click the Contents button at the top of the page. Downloadable editions If you prefer to read a downloadable copy of this textbook, please use the following links. PDF (small file, intended for web distribution) PDF (large file, intended for printing) MOBI (for Kindle) EPUB (for iBooks, nook) You can also purchase a print copy of the textbook from PrintMe1. The author does not receive any compensation from these sales, as this is a non-commercial work. Notice errors in the textbook? Is the language hard to understand? Could an example be better? You can use the Hypothes.is extension in Google Chrome or Firefox to provide annotations and comments. I've set up a Hypothes.is group for student feedback. Using Hypothesis, you can set up your own groups to take notes on the textbook in collaboration with other students. Instructor resources If you are an instructor adopting this textbook, please help us understand a little more about your class by filling out this form . We value your feedback on the textbook. Please use the Hypothes.is annotation group for professors to provide comments that will be addressed in the next edition of the textbook, which will begin work in Summer 2020. I've shared the following resources I've created. Direct links are below. If you would like to share your resources, please upload them to our OER Commons group . If you need hosting to make your resources publicly shareable on the web, I suggest using our Open Science Framework repository . You can also send them to me at profmattdecarlo@gmail.com and I will upload them for you. Please only share resources for which you own the copyright or which are openly licensed. PowerPoint slideshows A set of assignments that scaffold an individual research proposal as well as exemplars created by students for how to complete these assignments Quizzes--please email profmattdecarlo@gmail.com with documentation that you are a research methods instructor You can easily customize this textbook for your classroom using Pressbooks. I would like people to adapt their own versions of this book. Download the XML file for this textbook. Create a Pressbooks account. Go to Tools/Import. Open this textbook's XML file using the prompt. Your project will now be a clone of my textbook. Take out whatever you want, add stuff, revise wording...do whatever you want with it. Make sure to abide by the Creative Commons license and provide proper attribution for all adapted material. To publish your adapted textbook publicly, you will have to pay $99 to Pressbooks. It's the same fee I paid to publish mine. Feel free to consult the BCCampus self-publishing guide . You can also ask me for help. I'm genuinely happy to help! If you make changes to the ancillary resources or textbook you feel the community would benefit from or develop new resources, please consider sharing them with the author for inclusion in future editions of this textbook and on OER Commons or Merlot . Please provide attribution following the best practices in the BCCampus guide . Publisher information For more information on open educational resources, open textbooks, and open pedagogy in social work, visit Open Social Work Education . Our goal is to create open resources for each course in social work!",https://ecampusontario.pressbooks.pub/psychmethods3ecan/chapter/american-psychological-association-apa-style/
reference-citation,reference citation,This is where you can add appendices or other back matter.,https://ecampusontario.pressbooks.pub/psychmethods3ecan/chapter/american-psychological-association-apa-style/
empirical-research-report,empirical research report,"Learning Objectives Define human subjects research Describe and provide examples of nonhuman subjects that researchers might examine Define institutional review boards and describe their purpose Distinguish between the different levels of review conducted by institutional review boards In 1998, actor Jim Carey starred in the movie The Truman Show . [1] At first glance, the film appears to depict a perfect research experiment. Just imagine the possibilities if we could control every aspect of a person’s life, from where that person lives, to where they work, their lifestyle, and whom they marry. Of course, keeping someone in a bubble of your creation and sitting back to watch how they fare would be highly unethical, not to mention illegal. However, the movie clearly inspires thoughts about the differences between scientific research and research on nonhumans. One of the most exciting, albeit challenging, aspects of conducting social work research is that most of our studies involve human subjects. The free will and human rights of the people we study will always have an impact on what we are able to research and how we are able to conduct that research. Human research versus nonhuman research While all research comes with its own set of ethical concerns, those associated with research conducted on human subjects vary dramatically from those of research conducted on nonliving entities. The US Department of Health and Human Services (USDHHS) defines a human subject as “a living individual about whom an investigator (whether professional or student) conducting research obtains (1) data through intervention or interaction with the individual, or (2) identifiable private information” (USDHHS, 1993, para. 1). [2] Some researchers prefer to use the term “participants” as opposed to “subjects,” as it acknowledges the agency of the people who participate in the study. For our purposes, we will use the two terms interchangeably. In some states, human subjects also include deceased individuals and human fetal materials. On the other hand, nonhuman research subjects are objects or entities that investigators manipulate or analyze in the process of conducting unobtrusive research projects. Nonhuman research subjects can include sources such as newspapers, historical documents, clinical notes, television shows, buildings, and even garbage. Unsurprisingly, research on human subjects is regulated much more heavily than research on nonhuman subjects. However, there are ethical considerations that all researchers must consider regardless of their research subject. We’ll discuss those considerations in addition to concerns that are unique to research on human subjects. A historical look at research on humans Research on humans hasn’t always been regulated in the way that it is today. The earliest documented cases of research using human subjects are of medical vaccination trials (Rothman, 1987). [3] One such case took place in the late 1700s, when scientist Edward Jenner exposed an 8-year-old boy to smallpox in order to identify a vaccine for the devastating disease. Medical research on human subjects continued without much law or policy intervention until the end of World War II, when Nazi doctors and scientists were put on trial for conducting human experimentation, during the course of which they tortured and murdered many concentration camp inmates (Faden & Beauchamp, 1986). [4] The trials conducted in Nuremberg, Germany resulted in the creation of the Nuremberg Code, a 10-point set of research principles designed to guide doctors and scientists who conduct research on human subjects. Today, the Nuremberg Code guides medical and other research conducted on human subjects, including social scientific research. Medical scientists are not the only researchers who have conducted questionable research on humans. In the 1960s, psychologist Stanley Milgram (1974) [5] conducted a series of experiments designed to understand obedience to authority in which he tricked subjects into believing they were administering an electric shock to other subjects. The electric shocks were not real at all, however some of Milgram’s research participants experienced extreme emotional distress after the experiment (Ogden, 2008). [6] A reaction of emotional distress is understandable. The realization that you are willing to administer painful shocks to another human being, just because someone who looked authoritative told you to do so, might indeed be traumatizing. This can be true even after you learn that the chocks you administered were not real. Around the same time that Milgram conducted his experiments, sociology graduate student Laud Humphreys (1970) [7] was collecting data for his dissertation research on the tearoom trade, which was the practice of men engaging in anonymous sexual encounters in public restrooms. Humphreys wished to understand who these men were and why they participated in the trade. To conduct his research, Humphreys offered to serve as a “watch queen,” the person who watches for police and gets to watch the sexual encounters, in a local park restroom where the tearoom trade was known to occur. What Humphreys did not do was identify himself as a researcher to his subjects. Instead, he watched them for several months, getting to know them while learning more about the tearoom trade practice. And, without the knowledge of his research subjects, he would jot down their license plate numbers as they entered and exited the parking lot near the restroom. After participating as a watch queen, Humphreys utilized the license plate numbers and his insider connections with the local motor vehicle registry to obtain the names and home addresses of his research subjects. Then, disguised as a public health researcher, Humphreys visited his subjects in their homes and interviewed them about their lives and their health. Humphreys’ research dispelled a good number of myths and stereotypes about the tearoom trade and its participants. He learned, for example, that over half of his subjects were married to women and many of them did not identify as gay or bisexual. [8] When Humphreys’ work became public, he was met with much controversy from his home university, fellow scientists, and the entire public, as his study raised many concerns about the purpose and conduct of social science research. His work was so ethically problematic that the chancellor of his university even tried to have his degree revoked. In addition, the Washington Post journalist Nicholas von Hoffman wrote the following warning about “sociological snoopers”: We’re so preoccupied with defending our privacy against insurance investigators, dope sleuths, counterespionage men, divorce detectives and credit checkers, that we overlook the social scientists behind the hunting blinds who’re also peeping into what we thought were our most private and secret lives. But they are there, studying us, taking notes, getting to know us, as indifferent as everybody else to the feeling that to be a complete human involves having an aspect of ourselves that’s unknown (von Hoffman, 1970). [9] In the original version of his report, Humphreys defended the ethics of his actions. In 2008, years after Humphreys’ death, his book was reprinted with the addition of a retrospect on the ethical implications of his work. [10] In his written reflections on his research and its resulting fallout, Humphreys maintained that his tearoom observations constituted ethical research on the grounds that those interactions occurred in public places. But Humphreys added that he would conduct the second part of his research differently. Rather than trace license numbers and interview unwitting tearoom participants in their homes under the guise of public health research, Humphreys instead would spend more time in the field and work to cultivate a pool of informants. Those informants would know that he was a researcher and would be able to fully consent to being interviewed. In the end, Humphreys concluded “there is no reason to believe that any research subjects have suffered because of my efforts, or that the resultant demystification of impersonal sex has harmed society” (Humphreys, 2008, p. 231). [10] With the increased regulation of social scientific research, it is unlikely that researchers would be permitted to conduct projects like Humphreys' in today's world. Some argue that Humphreys’ research was deceptive, put his subjects at risk of losing their families and their positions in society, and was therefore unethical (Warwick, 1973; Warwick, 1982). [11] Others suggest that Humphreys’ research “did not violate any premise of either beneficence or the sociological interest in social justice” and that the benefits of Humphreys’ research, namely the dissolution of myths about the tearoom trade specifically and human sexual practice more generally, outweigh the potential risks associated with the work (Lenza, 2004, p. 23). [12] What do you think, and why? These and other studies (Reverby, 2009) [13] led to increasing public awareness and concern regarding research on human subjects. In 1974, the US Congress enacted the National Research Act, which created the National Commission for the Protection of Human Subjects in Biomedical and Behavioral Research. The commission produced The Belmont Report , a document outlining basic ethical principles for research on human subjects (National Commission for the Protection of Human Subjects in Biomedical and Behavioral Research, 1979). [14] The National Research Act (1974) [15] also required that all institutions receiving federal support establish institutional review boards (IRBs) to protect the rights of human research subjects. Since that time, many private research organizations that do not receive federal support have also established their own review boards to evaluate the ethics of the research that they conduct. Institutional Review Boards (IRBs) Institutional Review Boards, or IRBs, are tasked with ensuring that the rights and welfare of human research subjects will be protected at all institutions, including universities, hospitals, nonprofit research institutions, and other organizations that receive federal support for research. IRBs typically consist of members from a variety of disciplines, such as sociology, economics, education, social work, and communications. Most IRBs also include representatives from the community in which they reside. For example, representatives from nearby prisons, hospitals, or treatment centers might sit on the IRBs of university campuses near them. The diversity of membership ensures that the complex ethical issues of human subjects research will be considered fully by a knowledgeable, experienced panel. Investigators conducting research on human subjects are required to submit proposals outlining their research plans to IRBs for review and approval prior to beginning their research. Even students who conduct research on human subjects must have their proposed work reviewed and approved by the IRB before beginning any research (though, on some campuses, some exceptions are made for classroom projects that will not be shared outside of the classroom). The IRB has three levels of review, defined in statute by the USDHHS. Exempt review is the lowest level of review. Exempt studies expose participants to the least potential for harm and often involve little participation by the human subjects. In social work, exempt studies often examine data that is publicly available or secondary data from another researcher that has been de-identified by the person who collected it. Expedited review is the middle level of review. Studies considered under expedited review do not have to go before the full IRB board because they expose participants to minimal risk. However, the studies must be thoroughly reviewed by a member of the IRB committee. While there are many types of studies that qualify for expedited review, the most relevant to social workers include the use of existing medical records, recordings (such as interviews) gathered for research purposes, and research on individual group characteristics or behavior. Finally, the highest level of review is called a full board review . When researchers submit a proposal under full board review, the full IRB board will meet, discuss any questions or concerns with the study, invite the researcher to answer questions and defend their proposal, and vote to approve the study or send it back for revision. Full board proposals pose greater than minimal risk to participants. They may also involve the participation of vulnerable populations , or people who need additional protection from the IRB. Vulnerable populations include pregnant women, prisoners, children, people with cognitive impairments, people with physical disabilities, employees, and students. While some of these populations can fall under expedited review in some cases, they will often require the full IRB's approval to study. It may surprise you to hear that IRBs are not always popular or appreciated by researchers. Sometimes, researchers are concerned that the IRBs are well-versed in biomedical and experimental research and less familiar with the qualitative, open-ended nature of social work research. The members of IRBs often want specific details about your study. They may require you to describe aspects of your study, including but not limited to: the specific population you will be studying, observation methods, potential interview questions for participants, and any predictions you have about your findings. For example, it would be extraordinarily frustrating or nearly impossible to provide this level of detail for a large-scale group participant observation study. Oftentimes, social science researchers cannot study controversial topics or use certain data collection techniques due to ethical concerns of the IRB. When important social research is not permitted by review boards, researchers may become frustrated (and rightfully so). The solution is not to do away with review boards, which serve a necessary and important function. Instead, an effort should be made to educate IRB members about the importance of social science research methods and topics. Key Takeaways When it comes to conducting ethical research, the use of human subjects presents a unique set of challenges and opportunities. Research on human subjects has not always been regulated to the extent that it is today. All institutions receiving federal support for research must have an IRB. Research organizations that do not receive federal support often include IRBs as a part of their organizational structure, although they are not required. Researchers submit studies for IRB review at one of three levels, depending on the potential level of harm that the study may inflict on its subjects. Glossary Exempt review - lowest level of IRB review, used for studies with minimal risk of harm or low levels of human subject involvement Expedited review - middle level of IRB review, used for studies with minimal risk of harm but greater levels of human subject involvement Full board review - highest level of IRB review, used for studies with greater than minimal risk of harm to participants Vulnerable populations - groups of people that may pose an additional risk for harm when studied; may be granted additional protections during an IRB review. Image attributions ethics by Tumisu CC-0 roundtable meeting by Debora Cartagena CC-0",https://ecampusontario.pressbooks.pub/psychmethods3ecan/chapter/writing-a-research-report-in-american-psychological-association-apa-style/
abstract,abstract,,https://ecampusontario.pressbooks.pub/psychmethods3ecan/chapter/writing-a-research-report-in-american-psychological-association-apa-style/
literature-review,literature review,"Learning Objectives Define non-experimental research, distinguish it clearly from experimental research, and give several examples. Explain when a researcher might choose to conduct non-experimental research as opposed to experimental research. What Is Non-Experimental Research? Non-experimental research is research that lacks the manipulation of an independent variable. Rather than manipulating an independent variable, researchers conducting non-experimental research simply measure variables as they naturally occur (in the lab or real world). Most researchers in psychology consider the distinction between experimental and non-experimental research to be an extremely important one. This is because although experimental research can provide strong evidence that changes in an independent variable cause differences in a dependent variable, non-experimental research generally cannot. As we will see, however, this inability to make causal conclusions does not mean that non-experimental research is less important than experimental research. It is simply used in cases where experimental research is not able to be carried out. When to Use Non-Experimental Research As we saw in the last chapter , experimental research is appropriate when the researcher has a specific research question or hypothesis about a causal relationship between two variables—and it is possible, feasible, and ethical to manipulate the independent variable. It stands to reason, therefore, that non-experimental research is appropriate—even necessary—when these conditions are not met. There are many times in which non-experimental research is preferred, including when: the research question or hypothesis relates to a single variable rather than a statistical relationship between two variables (e.g., how accurate are people’s first impressions?). the research question pertains to a non-causal statistical relationship between variables (e.g., is there a correlation between verbal intelligence and mathematical intelligence?). the research question is about a causal relationship, but the independent variable cannot be manipulated or participants cannot be randomly assigned to conditions or orders of conditions for practical or ethical reasons (e.g., does damage to a person’s hippocampus impair the formation of long-term memory traces?). the research question is broad and exploratory, or is about what it is like to have a particular experience (e.g., what is it like to be a working mother diagnosed with depression?). Again, the choice between the experimental and non-experimental approaches is generally dictated by the nature of the research question. Recall the three goals of science are to describe, to predict, and to explain. If the goal is to explain and the research question pertains to causal relationships, then the experimental approach is typically preferred. If the goal is to describe or to predict, a non-experimental approach is appropriate. But the two approaches can also be used to address the same research question in complementary ways. For example, in Milgram's original (non-experimental) obedience study, he was primarily interested in one variable—the extent to which participants obeyed the researcher when he told them to shock the confederate—and he observed all participants performing the same task under the same conditions. However, Milgram subsequently conducted experiments to explore the factors that affect obedience. He manipulated several independent variables, such as the distance between the experimenter and the participant, the participant and the confederate, and the location of the study (Milgram, 1974) [16] . Types of Non-Experimental Research Non-experimental research falls into two broad categories: correlational research and observational research. The most common type of non-experimental research conducted in psychology is correlational research. Correlational research is considered non-experimental because it focuses on the statistical relationship between two variables but does not include the manipulation of an independent variable. More specifically, in correlational research , the researcher measures two variables with little or no attempt to control extraneous variables and then assesses the relationship between them. As an example, a researcher interested in the relationship between self-esteem and school achievement could collect data on students' self-esteem and their GPAs to see if the two variables are statistically related. Observational research is non-experimental because it focuses on making observations of behavior in a natural or laboratory setting without manipulating anything. Milgram’s original obedience study was non-experimental in this way. He was primarily interested in the extent to which participants obeyed the researcher when he told them to shock the confederate and he observed all participants performing the same task under the same conditions. The study by Loftus and Pickrell described at the beginning of this chapter is also a good example of observational research. The variable was whether participants “remembered” having experienced mildly traumatic childhood events (e.g., getting lost in a shopping mall) that they had not actually experienced but that the researchers asked them about repeatedly. In this particular study, nearly a third of the participants “remembered” at least one event. (As with Milgram’s original study, this study inspired several later experiments on the factors that affect false memories). Cross-Sectional, Longitudinal, and Cross-Sequential Studies When psychologists wish to study change over time (for example, when developmental psychologists wish to study aging) they usually take one of three non-experimental approaches: cross-sectional, longitudinal, or cross-sequential. Cross-sectional studies involve comparing two or more pre-existing groups of people (e.g., children at different stages of development). What makes this approach non-experimental is that there is no manipulation of an independent variable and no random assignment of participants to groups. Using this design, developmental psychologists compare groups of people of different ages (e.g., young adults spanning from 18-25 years of age versus older adults spanning 60-75 years of age) on various dependent variables (e.g., memory, depression, life satisfaction). Of course, the primary limitation of using this design to study the effects of aging is that differences between the groups other than age may account for differences in the dependent variable. For instance, differences between the groups may reflect the generation that people come from (a cohort effect ) rather than a direct effect of age. For this reason, longitudinal studies , in which one group of people is followed over time as they age, offer a superior means of studying the effects of aging. However, longitudinal studies are by definition more time consuming and so require a much greater investment on the part of the researcher and the participants. A third approach, known as cross-sequential studies , combines elements of both cross-sectional and longitudinal studies. Rather than measuring differences between people in different age groups or following the same people over a long period of time, researchers adopting this approach choose a smaller period of time during which they follow people in different age groups. For example, they might measure changes over a ten year period among participants who at the start of the study fall into the following age groups: 20 years old, 30 years old, 40 years old, 50 years old, and 60 years old. This design is advantageous because the researcher reaps the immediate benefits of being able to compare the age groups after the first assessment. Further, by following the different age groups over time they can subsequently determine whether the original differences they found across the age groups are due to true age effects or cohort effects. The types of research we have discussed so far are all quantitative, referring to the fact that the data consist of numbers that are analyzed using statistical techniques. But as you will learn in this chapter, many observational research studies are more qualitative in nature. In qualitative research , the data are usually nonnumerical and therefore cannot be analyzed using statistical techniques. Rosenhan’s observational study of the experience of people in psychiatric wards was primarily qualitative. The data were the notes taken by the “pseudopatients”—the people pretending to have heard voices—along with their hospital records. Rosenhan’s analysis consists mainly of a written description of the experiences of the pseudopatients, supported by several concrete examples. To illustrate the hospital staff’s tendency to “depersonalize” their patients, he noted, “Upon being admitted, I and other pseudopatients took the initial physical examinations in a semi-public room, where staff members went about their own business as if we were not there” (Rosenhan, 1973, p. 256) [17] . Qualitative data has a separate set of analysis tools depending on the research question. For example, thematic analysis would focus on themes that emerge in the data or conversation analysis would focus on the way the words were said in an interview or focus group. Internal Validity Revisited Recall that internal validity is the extent to which the design of a study supports the conclusion that changes in the independent variable caused any observed differences in the dependent variable. Figure 6.1 shows how experimental, quasi-experimental, and non-experimental (correlational) research vary in terms of internal validity. Experimental research tends to be highest in internal validity because the use of manipulation (of the independent variable) and control (of extraneous variables) help to rule out alternative explanations for the observed relationships. If the average score on the dependent variable in an experiment differs across conditions, it is quite likely that the independent variable is responsible for that difference. Non-experimental (correlational) research is lowest in internal validity because these designs fail to use manipulation or control. Quasi-experimental research (which will be described in more detail in a subsequent chapter) falls in the middle because it contains some, but not all, of the features of a true experiment. For instance, it may fail to use random assignment to assign participants to groups or fail to use counterbalancing to control for potential order effects. Imagine, for example, that a researcher finds two similar schools, starts an anti-bullying program in one, and then finds fewer bullying incidents in that “treatment school” than in the “control school.” While a comparison is being made with a control condition, the inability to randomly assign children to schools could still mean that students in the treatment school differed from students in the control school in some other way that could explain the difference in bullying (e.g., there may be a selection effect). Figure 6.1 Internal Validity of Correlation, Quasi-Experimental, and Experimental Studies. Experiments are generally high in internal validity, quasi-experiments lower, and correlation (non-experimental) studies lower still. Notice also in Figure 6.1 that there is some overlap in the internal validity of experiments, quasi-experiments, and correlational (non-experimental) studies. For example, a poorly designed experiment that includes many confounding variables can be lower in internal validity than a well-designed quasi-experiment with no obvious confounding variables. Internal validity is also only one of several validities that one might consider, as noted in Chapter 5.",https://ecampusontario.pressbooks.pub/psychmethods3ecan/chapter/writing-a-research-report-in-american-psychological-association-apa-style/
results-section,results section,"Learning Objectives Describe several strategies for recruiting participants for an experiment. Explain why it is important to standardize the procedure of an experiment and several ways to do this. Explain what pilot testing is and why it is important. The information presented so far in this chapter is enough to design a basic experiment. When it comes time to conduct that experiment, however, several additional practical issues arise. In this section, we consider some of these issues and how to deal with them. Much of this information applies to non-experimental studies as well as experimental ones. Recruiting Participants Of course, at the start of any research project, you should be thinking about how you will obtain your participants. Unless you have access to people with schizophrenia or incarcerated juvenile offenders, for example, then there is no point designing a study that focuses on these populations. But even if you plan to use a convenience sample, you will have to recruit participants for your study. There are several approaches to recruiting participants. One is to use participants from a formal subject pool —an established group of people who have agreed to be contacted about participating in research studies. For example, at many colleges and universities, there is a subject pool consisting of students enrolled in introductory psychology courses who must participate in a certain number of studies to meet a course requirement. Researchers post descriptions of their studies and students sign up to participate, usually via an online system. Participants who are not in subject pools can also be recruited by posting or publishing advertisements or making personal appeals to groups that represent the population of interest. For example, a researcher interested in studying older adults could arrange to speak at a meeting of the residents at a retirement community to explain the study and ask for volunteers. ""Study"" Retrieved from http://imgs.xkcd.com/comics/study.png (CC-BY-NC 2.5) The Volunteer Subject Even if the participants in a study receive compensation in the form of course credit, a small amount of money, or a chance at being treated for a psychological problem, they are still essentially volunteers. This is worth considering because people who volunteer to participate in psychological research have been shown to differ in predictable ways from those who do not volunteer. Specifically, there is good evidence that on average, volunteers have the following characteristics compared with non-volunteers (Rosenthal & Rosnow, 1976) [18] : They are more interested in the topic of the research. They are more educated. They have a greater need for approval. They have higher IQ. They are more sociable. They are higher in social class. This difference can be an issue of external validity if there is a reason to believe that participants with these characteristics are likely to behave differently than the general population. For example, in testing different methods of persuading people, a rational argument might work better on volunteers than it does on the general population because of their generally higher educational level and IQ. In many field experiments, the task is not recruiting participants but selecting them. For example, researchers Nicolas Guéguen and Marie-Agnès de Gail conducted a field experiment on the effect of being smiled at on helping, in which the participants were shoppers at a supermarket. A confederate walking down a stairway gazed directly at a shopper walking up the stairway and either smiled or did not smile. Shortly afterward, the shopper encountered another confederate, who dropped some computer diskettes on the ground. The dependent variable was whether or not the shopper stopped to help pick up the diskettes (Guéguen & de Gail, 2003) [19] . There are two aspects of this study that are worth addressing here. First, n otice that these participants were not “recruited,” which means that the IRB would have taken care to ensure that dispensing with informed consent in this case was acceptable (e.g., the situation would not have been expected to cause any harm and the study was conducted in the context of people’s ordinary activities). Second, even though informed consent was not necessary, the researchers still had to select participants from among all the shoppers taking the stairs that day. I t is extremely important that this kind of selection be done according to a well-defined set of rules that are established before the data collection begins and can be explained clearly afterward. In this case, with each trip down the stairs, the confederate was instructed to gaze at the first person he encountered who appeared to be between the ages of 20 and 50. Only if the person gazed back did they become a participant in the study. The point of having a well-defined selection rule is to avoid bias in the selection of participants. For example, if the confederate was free to choose which shoppers he would gaze at, he might choose friendly-looking shoppers when he was set to smile and unfriendly-looking ones when he was not set to smile. As we will see shortly, such biases can be entirely unintentional. Standardizing the Procedure It is surprisingly easy to introduce extraneous variables during the procedure. For example, the same experimenter might give clear instructions to one participant but vague instructions to another. Or one experimenter might greet participants warmly while another barely makes eye contact with them. To the extent that such variables affect participants’ behavior, they add noise to the data and make the effect of the independent variable more difficult to detect. If they vary systematically across conditions, they become confounding variables and provide alternative explanations for the results. For example, if participants in a treatment group are tested by a warm and friendly experimenter and participants in a control group are tested by a cold and unfriendly one, then what appears to be an effect of the treatment might actually be an effect of experimenter demeanor. When there are multiple experimenters, the possibility of introducing extraneous variables is even greater, but is often necessary for practical reasons. Experimenter’s Sex as an Extraneous Variable It is well known that whether research participants are male or female can affect the results of a study. But what about whether the experimenter is male or female? There is plenty of evidence that this matters too. Male and female experimenters have slightly different ways of interacting with their participants, and of course, participants also respond differently to male and female experimenters (Rosenthal, 1976) [20] . For example, in a recent study on pain perception, participants immersed their hands in icy water for as long as they could (Ibolya, Brake, & Voss, 2004) [21] . Male participants tolerated the pain longer when the experimenter was a woman, and female participants tolerated it longer when the experimenter was a man. Researcher Robert Rosenthal has spent much of his career showing that this kind of unintended variation in the procedure does, in fact, affect participants’ behavior. Furthermore, one important source of such variation is the experimenter’s expectations about how participants “should” behave in the experiment. This outcome is referred to as an experimenter expectancy effect (Rosenthal, 1976) [22] . For example, if an experimenter expects participants in a treatment group to perform better on a task than participants in a control group, then they might unintentionally give the treatment group participants clearer instructions or more encouragement or allow them more time to complete the task. In a striking example, Rosenthal and Kermit Fode had several students in a laboratory course in psychology train rats to run through a maze. Although the rats were genetically similar, some of the students were told that they were working with “maze-bright” rats that had been bred to be good learners, and other students were told that they were working with “maze-dull” rats that had been bred to be poor learners. Sure enough, over five days of training, the “maze-bright” rats made more correct responses, made the correct response more quickly, and improved more steadily than the “maze-dull” rats (Rosenthal & Fode, 1963) [23] . Clearly, it had to have been the students’ expectations about how the rats would perform that made the difference. But how? Some clues come from data gathered at the end of the study, which showed that students who expected their rats to learn quickly felt more positively about their animals and reported behaving toward them in a more friendly manner (e.g., handling them more). The way to minimize unintended variation in the procedure is to standardize it as much as possible so that it is carried out in the same way for all participants regardless of the condition they are in. Here are several ways to do this: Create a written protocol that specifies everything that the experimenters are to do and say from the time they greet participants to the time they dismiss them. Create standard instructions that participants read themselves or that are read to them word for word by the experimenter. Automate the rest of the procedure as much as possible by using software packages for this purpose or even simple computer slide shows. Anticipate participants’ questions and either raise and answer them in the instructions or develop standard answers for them. Train multiple experimenters on the protocol together and have them practice on each other. Be sure that each experimenter tests participants in all conditions. Another good practice is to arrange for the experimenters to be “blind” to the research question or to the condition in which each participant is tested. The idea is to minimize experimenter expectancy effects by minimizing the experimenters’ expectations. For example, in a drug study in which each participant receives the drug or a placebo, it is often the case that neither the participants nor the experimenter who interacts with the participants knows which condition they have been assigned to complete. Because both the participants and the experimenters are blind to the condition, this technique is referred to as a double-blind study . (A single-blind study is one in which only the participant is blind to the condition.) Of course, there are many times this blinding is not possible. For example, if you are both the investigator and the only experimenter, it is not possible for you to remain blind to the research question. Also, in many studies, the experimenter must know the condition because they must carry out the procedure in a different way in the different conditions. ""Placebo Blocker"" retrieved from http://imgs.xkcd.com/comics/placebo_blocker.png (CC-BY-NC 2.5) Record Keeping It is essential to keep good records when you conduct an experiment. As discussed earlier, it is typical for experimenters to generate a written sequence of conditions before the study begins and then to test each new participant in the next condition in the sequence. As you test them, it is a good idea to add to this list basic demographic information; the date, time, and place of testing; and the name of the experimenter who did the testing. It is also a good idea to have a place for the experimenter to write down comments about unusual occurrences (e.g., a confused or uncooperative participant) or questions that come up. This kind of information can be useful later if you decide to analy z e sex differences or effects of different experimenters, or if a question arises about a particular participant or testing session. Since participants' identities should be kept as confidential (or anonymous) as possible, their names and other identifying information should not be included with their data. In order to identify individual participants, it can, therefore, be useful to assign an identification number to each participant as you test them. Simply numbering them consecutively beginning with 1 is usually sufficient. This number can then also be written on any response sheets or questionnaires that participants generate, making it easier to keep them together. Manipulation Check In many experiments, the independent variable is a construct that can only be manipulated indirectly. For example, a researcher might try to manipulate participants’ stress levels indirectly by telling some of them that they have five minutes to prepare a short speech that they will then have to give to an audience of other participants. In such situations, researchers often include a manipulation check in their procedure. A manipulation check is a separate measure of the construct the researcher is trying to manipulate. The purpose of a manipulation check is to confirm that the independent variable was, in fact, successfully manipulated. For example, researchers trying to manipulate participants’ stress levels might give them a paper-and-pencil stress questionnaire or take their blood pressure—perhaps right after the manipulation or at the end of the procedure—to verify that they successfully manipulated this variable. Manipulation checks are particularly important when the results of an experiment turn out null. In cases where the results show no significant effect of the manipulation of the independent variable on the dependent variable, a manipulation check can help the experimenter determine whether the null result is due to a real absence of an effect of the independent variable on the dependent variable or if it is due to a problem with the manipulation of the independent variable. Imagine, for example, that you exposed participants to happy or sad movie music—intending to put them in happy or sad moods—but you found that this had no effect on the number of happy or sad childhood events they recalled. This could be because being in a happy or sad mood has no effect on memories for childhood events. But it could also be that the music was ineffective at putting participants in happy or sad moods. A manipulation check—in this case, a measure of participants’ moods—would help resolve this uncertainty. If it showed that you had successfully manipulated participants’ moods, then it would appear that there is indeed no effect of mood on memory for childhood events. But if it showed that you did not successfully manipulate participants’ moods, then it would appear that you need a more effective manipulation to answer your research question. Manipulation checks are usually done at the end of the procedure to be sure that the effect of the manipulation lasted throughout the entire procedure and to avoid calling unnecessary attention to the manipulation (to avoid a demand characteristic). However, researchers are wise to include a manipulation check in a pilot test of their experiment so that they avoid spending a lot of time and resources on an experiment that is doomed to fail and instead spend that time and energy finding a better manipulation of the independent variable. Pilot Testing It is always a good idea to conduct a pilot test of your experiment. A pilot test is a small-scale study conducted to make sure that a new procedure works as planned. In a pilot test, you can recruit participants formally (e.g., from an established participant pool) or you can recruit them informally from among family, friends, classmates, and so on. The number of participants can be small, but it should be enough to give you confidence that your procedure works as planned. There are several important questions that you can answer by conducting a pilot test: Do participants understand the instructions? What kind of misunderstandings do participants have, what kind of mistakes do they make, and what kind of questions do they ask? Do participants become bored or frustrated? Is an indirect manipulation effective? (You will need to include a manipulation check.) Can participants guess the research question or hypothesis (are there demand characteristics)? How long does the procedure take? Are computer programs or other automated procedures working properly? Are data being recorded correctly? Of course, to answer some of these questions you will need to observe participants carefully during the procedure and talk with them about it afterward. Participants are often hesitant to criticize a study in front of the researcher, so be sure they understand that their participation is part of a pilot test and you are genuinely interested in feedback that will help you improve the procedure. If the procedure works as planned, then you can proceed with the actual study. If there are problems to be solved, you can solve them, pilot test the new procedure, and continue with this process until you are ready to proceed.",https://ecampusontario.pressbooks.pub/psychmethods3ecan/chapter/writing-a-research-report-in-american-psychological-association-apa-style/
final-manuscripts,final manuscripts,,https://ecampusontario.pressbooks.pub/psychmethods3ecan/chapter/other-presentation-formats/
professional-conferences,professional conferences,"Learning Objectives Describe the inductive approach to research, and provide examples of inductive research Describe the deductive approach to research, and provide examples of deductive research Describe the ways that inductive and deductive approaches may be complementary Theory structures and informs social work research. Conversely, social work research structures and informs theory. Students become aware of the reciprocal relationship between theory and research when they consider the relationships between the two in inductive and deductive approaches. In both cases, theory is crucial but the relationship between theory and research differs for each approach. Inductive and deductive approaches to research are quite different, but they can also be complementary. Let’s start by looking at each one and how they differ from one another. Then we’ll move on to thinking about how they complement one another. Inductive approaches and some examples When a researcher utilizes an inductive approach , they begin by collecting data that is relevant to their topic of interest. Once a substantial amount of data have been collected, the researcher will take a break from data collection to step back and get a bird’s eye view of their data. At this stage, the researcher looks for patterns in the data, working to develop a theory that could explain those patterns. Thus, when researchers take an inductive approach, they start with a set of observations and then they move from those particular experiences to a more general set of propositions about those experiences. In other words, they move from data to theory, or from the specific to the general. Figure 6.1 outlines the steps involved with an inductive approach to research. Figure 6.1 Inductive research There are many good examples of inductive research, but we’ll look at just a few here. One fascinating study in which the researchers took an inductive approach is Katherine Allen, Christine Kaestle, and Abbie Goldberg’s (2011) study [5] of how boys and young men learn about menstruation. To understand this process, Allen and her colleagues analyzed the written narratives of 23 young men in which the men described how they learned about menstruation, what they thought of it when they first learned about it, and what they think of it now. By looking for patterns across all 23 men’s narratives, the researchers were able to develop a general theory of how boys and young men learn about this aspect of girls’ and women’s biology. They conclude that sisters play an important role in boys’ early understanding of menstruation, that menstruation makes boys feel somewhat separated from girls, and that as they enter young adulthood and form romantic relationships, young men develop more mature attitudes about menstruation. Note how this study began with the data—men’s narratives of learning about menstruation—and tried to develop a theory. In another inductive study, Kristin Ferguson and colleagues (Ferguson, Kim, & McCoy, 2011) [6] analyzed empirical data to better understand how best to meet the needs of young people who are experiencing homelessness. The authors analyzed data from focus groups with 20 young people at a homeless shelter. From these data they developed a set of recommendations for those interested in applied interventions that serve youth that are experiencing homelessness. The researchers also developed hypotheses for people who might wish to conduct further investigation of the topic. Though Ferguson and her colleagues did not test the hypotheses that they developed from their analysis, their study ends where most deductive investigations begin: with a theory and a hypothesis derived from that theory. Deductive approaches and some examples Researchers taking a deductive approach will start with a compelling social theory and then test its implications with data. In other words, they utilize the same steps as inductive research, but they will reverse the order, moving from general to more specific levels. Deductive research approach is most associated with scientific investigation. The researcher studies what others have done, reads existing theories of whatever phenomenon they are studying, and then tests hypotheses that emerge from those theories. Figure 6.2 outlines the steps involved with a deductive approach to research. Figure 6.2 Deductive research Although not all social science researchers utilize a deductive approach, there are some excellent, recent examples of deductive research. We’ll take a look at a couple of those next. In a study of US law enforcement responses to hate crimes, Ryan King and colleagues (King, Messner, & Baller, 2009) [7] hypothesized that law enforcement’s response would be less vigorous in areas of the country that had a stronger history of racial violence. The authors developed their hypothesis from their reading of prior research and theories on the topic. They tested the hypothesis by analyzing data on states’ lynching histories and hate crime responses. Overall, the authors found support for their hypothesis. One might associate this research with critical theory. In another recent deductive study, Melissa Milkie and Catharine Warner (2011) [8] studied the effects of different classroom environments on first graders’ mental health. Based on prior research and theory, Milkie and Warner hypothesized that negative classroom features, such as a lack of basic supplies and even heat, would be associated with emotional and behavioral problems in children. One might associate this research with systems theory. The researchers found support for their hypothesis, demonstrating that policymakers should be more attentive to the mental health outcomes of children’s school experiences, just as they track academic outcomes (American Sociological Association, 2011). [9] Complementary approaches While inductive and deductive approaches to research seem quite different, they can be rather complementary. In some cases, researchers will plan for their study to include multiple components, one inductive and the other deductive. In other cases, a researcher might begin their study planning to utilize only one approach but then discover along the way that the other approach is needed to help illuminate findings. Here is an example of each such case. The original author of the textbook from which this textbook is adapted, Dr. Amy Blackstone, relates a story about her collaborative research on sexual harassment. We began the study knowing that we would like to take both a deductive and an inductive approach in our work. We therefore administered a quantitative survey, the responses to which we could analyze in order to test hypotheses, and also conducted qualitative interviews with a number of the survey participants. The survey data were well suited to a deductive approach; we could analyze those data to test hypotheses that were generated based on theories of harassment. The interview data were well suited to an inductive approach; we looked for patterns across the interviews and then tried to make sense of those patterns by theorizing about them. For one paper (Uggen & Blackstone, 2004), [10] we began with a prominent feminist theory of the sexual harassment of adult women and developed a set of hypotheses outlining how we expected the theory to apply in the case of younger women’s and men’s harassment experiences. We then tested our hypotheses by analyzing the survey data. In general, we found support for the theory that posited that the current gender system, in which heteronormative men wield the most power in the workplace, explained workplace sexual harassment—not just of adult women but of younger women and men as well. In a more recent paper (Blackstone, Houle, & Uggen, 2006), [11] we did not hypothesize about what we might find but instead inductively analyzed interview data, looking for patterns that might tell us something about how or whether workers’ perceptions of harassment change as they age and gain workplace experience. From this analysis, we determined that workers’ perceptions of harassment did indeed shift as they gained experience and that their later definitions of harassment were more stringent than those they held during adolescence. Overall, our desire to understand young workers’ harassment experiences fully—in terms of their objective workplace experiences, their perceptions of those experiences, and their stories of their experiences—led us to adopt both deductive and inductive approaches in the work. (Blackstone, n.d., p. 21) Researchers may not set out to employ both approaches in their work, but sometimes their use of one approach leads them to the other. One such example is described eloquently in Russell Schutt’s Investigating the Social World (2006). [12] As Schutt describes, researchers Lawrence Sherman and Richard Berk (1984) [13] conducted an experiment to test two competing theories of the effects of punishment on deterring deviance (in this case, domestic violence). Specifically, Sherman and Berk hypothesized that deterrence theory would provide a better explanation of the effects of arresting accused batterers than labeling theory . Deterrence theory predicts that arresting an accused spouse batterer will reduce future incidents of violence. Conversely, labeling theory predicts that arresting accused spouse batterers will increase future incidents. Figure 6.3 summarizes the two competing theories and the predictions that Sherman and Berk set out to test. Figure 6.3 Predicting the effects of arrest on future spouse battery After conducting an experiment with the help of local police, Sherman and Berk found, that arrest did deter future incidents of violence, thus supporting their hypothesis that deterrence theory would better predict the effect of arrest. After conducting this research, they and other researchers went on to conduct similar experiments [14] in six additional cities (Berk, Campbell, Klap, & Western, 1992; Pate & Hamilton, 1992; Sherman & Smith, 1992). [15] The follow-up studies yielded mixed results. In some cases, arrest deterred future incidents of violence while in other cases, arrest did not. These results left the researchers with new data that they needed to explain, so they utilized an inductive approach to make sense of their latest empirical observations. The new studies revealed that arrest has a deterrent effect on individuals that are married and employed, while arrest may encourage future battering offenses in individuals that are unmarried and unemployed. Researchers thus turned to control theory to explain their observations, as it predicts that stakes in conformity are developed through social ties like marriage and employment. Figure 6.4 Predicting the effects of arrest on future spouse battery: A new theory [16] Sherman and Berk's research and the associated follow-up studies demonstrate that researchers can start with a deductive approach and move to inductive approach when confronted with new data that must be explained. Key Takeaways The inductive approach begins with a set of empirical observations, seeking patterns in those observations, and then theorizing about those patterns. The deductive approach begins with a theory, developing hypotheses from that theory, and then collecting and analyzing data to test those hypotheses. Inductive and deductive approaches to research can be employed together for a more complete understanding of the topic that a researcher is studying. Though researchers don’t always set out to use both inductive and deductive strategies in their work, they sometimes find that new questions arise in the course of an investigation that can best be answered by employing both approaches. Glossary Deductive approach - when a researcher studies what others have done, reads existing theories of whatever phenomenon they are studying, and then tests hypotheses that emerge from those theories Inductive approach - when a researcher starts with a set of observations and then moves from particular experiences to a more general set of propositions about those experiences",https://ecampusontario.pressbooks.pub/psychmethods3ecan/chapter/other-presentation-formats/
oral-presentation,oral presentation,"Learning Objectives Explain what internal validity is and why experiments are considered to be high in internal validity. Explain what external validity is and evaluate studies in terms of their external validity. Explain the concepts of construct and statistical validity. Four Big Validities When we read about psychology experiments with a critical view, one question to ask is “is this study valid (accurate)?” However, that question is not as straightforward as it seems because, in psychology, there are many different kinds of validities. Researchers have focused on four validities to help assess whether an experiment is sound (Judd & Kenny, 1981; Morling, 2014) [17] [18] : internal validity, external validity, construct validity, and statistical validity. We will explore each validity in depth. Internal Validity Two variables being statistically related does not necessarily mean that one causes the other. In your psychology education, you have probably heard the term, “Correlation does not imply causation.” For example, if it were the case that people who exercise regularly are happier than people who do not exercise regularly, this implication would not necessarily mean that exercising increases people’s happiness. It could mean instead that greater happiness causes people to exercise or that something like better physical health causes people to exercise and be happier. The purpose of an experiment, however, is to show that two variables are statistically related and to do so in a way that supports the conclusion that the independent variable caused any observed differences in the dependent variable. The logic is based on this assumption: If the researcher creates two or more highly similar conditions and then manipulates the independent variable to produce just one difference between them, then any later difference between the conditions must have been caused by the independent variable. For example, because the only difference between Darley and Latané’s conditions was the number of students that participants believed to be involved in the discussion, this difference in belief must have been responsible for differences in helping between the conditions. An empirical study is said to be high in internal validity if the way it was conducted supports the conclusion that the independent variable caused any observed differences in the dependent variable. Thus experiments are high in internal validity because the way they are conducted—with the manipulation of the independent variable and the control of extraneous variables (such as through the use of random assignment to minimize confounds)—provides strong support for causal conclusions. In contrast, non-experimental research designs (e.g., correlational designs), in which variables are measured but are not manipulated by an experimenter, are low in internal validity. External Validity At the same time, the way that experiments are conducted sometimes leads to a different kind of criticism. Specifically, the need to manipulate the independent variable and control extraneous variables means that experiments are often conducted under conditions that seem artificial (Bauman, McGraw, Bartels, & Warren, 2014) [19] . In many psychology experiments, the participants are all undergraduate students and come to a classroom or laboratory to fill out a series of paper-and-pencil questionnaires or to perform a carefully designed computerized task. Consider, for example, an experiment in which researcher Barbara Fredrickson and her colleagues had undergraduate students come to a laboratory on campus and complete a math test while wearing a swimsuit (Fredrickson, Roberts, Noll, Quinn, & Twenge, 1998) [20] . At first, this manipulation might seem silly. When will undergraduate students ever have to complete math tests in their swimsuits outside of this experiment? The issue we are confronting is that of external validity . An empirical study is high in external validity if the way it was conducted supports generalizing the results to people and situations beyond those actually studied. As a general rule, studies are higher in external validity when the participants and the situation studied are similar to those that the researchers want to generalize to and participants encounter every day, often described as mundane realism . Imagine, for example, that a group of researchers is interested in how shoppers in large grocery stores are affected by whether breakfast cereal is packaged in yellow or purple boxes. Their study would be high in external validity and have high mundane realism if they studied the decisions of ordinary people doing their weekly shopping in a real grocery store. If the shoppers bought much more cereal in purple boxes, the researchers would be fairly confident that this increase would be true for other shoppers in other stores. Their study would be relatively low in external validity, however, if they studied a sample of undergraduate students in a laboratory at a selective university who merely judged the appeal of various colors presented on a computer screen; however, this study would have high psychological realism where the same mental process is used in both the laboratory and in the real world. If the students judged purple to be more appealing than yellow, the researchers would not be very confident that this preference is relevant to grocery shoppers’ cereal-buying decisions because of low external validity but they could be confident that the visual processing of colors has high psychological realism. We should be careful, however, not to draw the blanket conclusion that experiments are low in external validity. One reason is that experiments need not seem artificial. Consider that Darley and Latané’s experiment provided a reasonably good simulation of a real emergency situation. Or consider field experiments that are conducted entirely outside the laboratory. In one such experiment, Robert Cialdini and his colleagues studied whether hotel guests choose to reuse their towels for a second day as opposed to having them washed as a way of conserving water and energy (Cialdini, 2005) [21] . These researchers manipulated the message on a card left in a large sample of hotel rooms. One version of the message emphasized showing respect for the environment, another emphasized that the hotel would donate a portion of their savings to an environmental cause, and a third emphasized that most hotel guests choose to reuse their towels. The result was that guests who received the message that most hotel guests choose to reuse their towels, reused their own towels substantially more often than guests receiving either of the other two messages. Given the way they conducted their study, it seems very likely that their result would hold true for other guests in other hotels. A second reason not to draw the blanket conclusion that experiments are low in external validity is that they are often conducted to learn about psychological processes that are likely to operate in a variety of people and situations. Let us return to the experiment by Fredrickson and colleagues. They found that the women in their study, but not the men, performed worse on the math test when they were wearing swimsuits. They argued that this gender difference was due to women’s greater tendency to objectify themselves—to think about themselves from the perspective of an outside observer—which diverts their attention away from other tasks. They argued, furthermore, that this process of self-objectification and its effect on attention is likely to operate in a variety of women and situations—even if none of them ever finds herself taking a math test in her swimsuit. Construct Validity In addition to the generalizability of the results of an experiment, another element to scrutinize in a study is the quality of the experiment’s manipulations or the construct validity . The research question that Darley and Latané started with is “does helping behavior become diffused?” They hypothesized that participants in a lab would be less likely to help when they believed there were more potential helpers besides themselves. This conversion from research question to experiment design is called operationalization (see Chapter 4 for more information about the operational definition). Darley and Latané operationalized the independent variable of diffusion of responsibility by increasing the number of potential helpers. In evaluating this design, we would say that the construct validity was very high because the experiment’s manipulations very clearly speak to the research question; there was a crisis, a way for the participant to help, and increasing the number of other students involved in the discussion, they provided a way to test diffusion. What if the number of conditions in Darley and Latané’s study changed? Consider if there were only two conditions: one student involved in the discussion or two. Even though we may see a decrease in helping by adding another person, it may not be a clear demonstration of diffusion of responsibility, just merely the presence of others. We might think it was a form of Bandura’s concept of social inhibition. The construct validity would be lower. However, had there been five conditions, perhaps we would see the decrease continue with more people in the discussion or perhaps it would plateau after a certain number of people. In that situation, we may develop a more nuanced understanding of the phenomenon. But by adding still more conditions, the construct validity may not get higher. When designing your own experiment, consider how well the research question is operationalized your study. Statistical Validity Statistical validity concerns the proper statistical treatment of data and the soundness of the researchers’ statistical conclusions. There are many different types of inferential statistics tests (e.g., t- tests, ANOVA, regression, correlation) and statistical validity concerns the use of the proper type of test to analyze the data. When considering the proper type of test, researchers must consider the scale of measure their dependent variable was measured on and the design of their study. Further, many inferential statistics tests carry certain assumptions (e.g., the data are normally distributed) and statistical validity is threatened when these assumptions are not met but the statistics are used nonetheless. One common critique of experiments is that a study did not have enough participants. The main reason for this criticism is that it is difficult to generalize about a population from a small sample. At the outset, it seems as though this critique is about external validity but there are studies where small sample sizes are not a problem (subsequent chapters will discuss how small samples, even of only one person, are still very illuminating for psychological research). Therefore, small sample sizes are actually a critique of statistical validity . The statistical validity speaks to whether the statistics conducted in the study are sound and support the conclusions that are made. The proper statistical analysis should be conducted on the data to determine whether the difference or relationship that was predicted was indeed found. Interestingly, the likelihood of detecting an effect of the independent variable on the dependent variable depends on not just whether a relationship really exists between these variables, but also the number of conditions and the size of the sample. This is why it is important to conduct a power analysis when designing a study, which is a calculation that informs you of the number of participants you need to recruit to detect an effect of a specific size. Prioritizing Validities These four big validities--internal, external, construct, and statistical--are useful to keep in mind when both reading about other experiments and designing your own. However, researchers must prioritize and often it is not possible to have high validity in all four areas. In Cialdini’s study on towel usage in hotels, the external validity was high but the statistical validity was more modest. This discrepancy does not invalidate the study but it shows where there may be room for improvement for future follow-up studies (Goldstein, Cialdini, & Griskevicius, 2008) [22] . Morling (2014) points out that many psychology studies have high internal and construct validity but sometimes sacrifice external validity.",https://ecampusontario.pressbooks.pub/psychmethods3ecan/chapter/other-presentation-formats/
poster-session,poster session,,https://ecampusontario.pressbooks.pub/psychmethods3ecan/chapter/other-presentation-formats/
frequency-table,frequency table,,https://ecampusontario.pressbooks.pub/psychmethods3ecan/chapter/describing-single-variables/
histogram,histogram,,https://ecampusontario.pressbooks.pub/psychmethods3ecan/chapter/describing-single-variables/
percentile-rank,percentile rank,,https://ecampusontario.pressbooks.pub/psychmethods3ecan/chapter/describing-single-variables/
z-score,z score,,https://ecampusontario.pressbooks.pub/psychmethods3ecan/chapter/describing-single-variables/
nonlinear-relationships,Nonlinear relationships,"Learning Objectives Identify why researchers must provide a detailed description of methodology Describe what it means to use science in an ethical way Research ethics involves examining the way that research is conducted and how the findings will be used. In this section, we’ll consider research ethics from both angles. Doing science the ethical way As you now know, researchers must consider their own ethical principles and follow those of their institution, discipline, and community. We’ve already considered many of the ways that social workers strive to ensure the ethical practice of research, such as informing and protecting subjects, but the practice of ethical research doesn’t end once subjects have been identified and data have been collected. Social workers must also fully disclose their research procedures and findings. This means being honest about subject identification and recruitment, data collection and analyzation, as well as being transparent with the study’s ultimate findings. If researchers fully disclose how they conducted their research, then those who use their work to build research projects, create social policies, or make decisions can have confidence in the work. By sharing how research was conducted, the researcher assures their readers that they have conducted a legitimate study and that they didn’t simply come to whatever conclusions they wanted to find. A description or presentation of research findings that is not accompanied by information about research methodology is missing some relevant information. Sometimes methodological details are left out because there isn’t time or space to share them. This is often the case with news reports of research findings. Other times, there may be a more insidious reason that that important information isn’t there. This may be the case if sharing methodological details would raise questions about the study's legitimacy. As researchers, it is our ethical responsibility to fully disclose our research procedures. As consumers of research, it is our ethical responsibility to pay attention to such details. We’ll discuss this more in the next section. There’s a New Yorker cartoon ( https://www.art.com/products/p15063407512-sa-i6847806/dana-fradon-filing-cabinets-labeled-our-facts-their-facts-neutral-facts-disput-new-yorker-cartoon.htm?upi=PGQTTQ0 ) that depicts a set of filing cabinets that aptly demonstrates what we don’t want to see happen with regard to research. Each filing cabinet drawer in the cartoon is labeled differently. The labels include such headings as, “Our Facts,” “Their Facts,” “Neutral Facts,” “Disputable Facts,” “Absolute Facts,” “Bare Facts,” “Unsubstantiated Facts,” and “Indisputable Facts.” The cartoon insinuates that someone could open the file drawer of their choice and pick out the facts that they happen to like the most. While this may occur when using the unscientific ways of knowing described in Chapter 1, it is fortunately not how facts are discovered in social work, or any other science for that matter. There is a method to this madness that we call research. Honesty in research is facilitated by the scientific principle of replication. Ideally, this means that one scientist could repeat another’s study with relative ease. By replicating a study, we may become more (or less) confident in the original study’s findings. Replication may prove extremely difficult, if not nearly impossible, to achieve with long-term ethnographic studies. Nevertheless, replication sets the standard that all social science researchers should provide as much detail as possible about the way conclusions are reached. Full disclosure also includes being honest with oneself and others about the strengths and weaknesses of a study. Being aware of the strengths and weaknesses of your own work can help a researcher make reasonable recommendations about the next steps other researchers might consider taking in their inquiries. Awareness and disclosure of a study’s strengths and weaknesses can also help highlight the theoretical or policy implications of one’s work. In addition, openness about strengths and weaknesses helps readers evaluate the work and decide for themselves how or whether to rely on its findings. Finally, openness about a study’s sponsors is crucial. How can we effectively evaluate research without knowing who paid the bills? The standard of replicability along with openness about a study’s strengths, weaknesses, and funders enable those who read the research to evaluate it fairly and completely. Knowledge of funding sources is often raised as an issue in medical research, but medical researchers aren’t the only ones who need to be honest about their funding. For example, if we know that a political think tank with ties to a particular party has funded some research, we can take that knowledge into consideration when reviewing the study’s findings and stated policy implications. Lastly, and related to this point, we must consider how, by whom, and for what purpose research may be used. Using science the ethical way Science has many uses. There are many ways that science can be understood and applied. Some use science to create laws and social policies, while others use it to understand themselves and those around them. Some people rely on science to improve the life conditions of themselves and others, while others may use it to improve their business or other undertakings. In any case, there are ethical ways to use science. We can use it to learn about the design and purpose of studies we want to utilize and apply. We can recognize the limitations of our scientific and methodological knowledge and analyze how this impacts our understanding of research. Further, we can learn to apply the findings of scientific investigation to the proper, relevant cases and populations. Social scientists who conduct research on behalf of organizations and agencies may face additional ethical questions about the use of their research, particularly when the organization controls the final report and the publicity it receives. There is a potential conflict of interest for evaluation researchers who are employees of the agency being evaluated. A similar conflict of interest might exist between independent researchers whose work is being funded by some government agency or private foundation. So who decides what constitutes ethical conduct or use of research? Perhaps we all do. Key Takeaways Conducting research ethically requires that researchers be ethical not only in their data collection procedures but also in reporting their methods and findings. The ethical use of research requires an effort to understand research, an awareness of your own limitations in terms of knowledge and understanding, and the honest application of research findings. Image attributions honesty by GDJ CC-0",https://ecampusontario.pressbooks.pub/psychmethods3ecan/chapter/describing-statistical-relationships/
reject-the-null-hypothesis,reject the null hypothesis,"Learning Objectives Critically evaluate the sources of the information you have found Apply the information from each source to your research proposal Identify how to be a responsible consumer of research In Chapter 2, you developed a “working question” to guide your inquiry and learned how to use online databases to find sources. By now, you’ve hopefully collected a number of academic journal articles relevant to your topic area. It’s now time to evaluate the information you found. Not only do you want to be sure of the source and the quality of the information, but you also want to determine whether each item is an appropriate fit for your literature review. This is also the point at which you make sure you have searched for and obtained publications for all areas of your research question and that you go back into the literature for another search, if necessary. You may also want to consult with your professor or the syllabus for your class to see what is expected for your literature review. In my class, I have specific questions I will ask students to address in their literature reviews. It is likely that most of the resources you locate for your review will be from the scholarly literature of your discipline or your topic area. As we have already seen, peer-reviewed articles are written by and for experts in a field. They generally describe formal research studies or experiments with the purpose of providing insight on a topic. You may have located these articles through the four databases in Chapter 2 or through archival searching. You are now probably wondering how to evaluate the utility of the articles you've collected so you can use them for your research. Generally, when we discuss the evaluation of sources, we are referring to the following aspects: accuracy, relevance, bias, reputation, currency, and credibility factors. These measures apply to all works, including books, ebooks, articles, websites, or blog postings to name a few. Before you include a source in your literature review, you should clearly understand what it is and why you are including it. According to Bennard et al. (2014), “Using inaccurate, irrelevant, or poorly researched sources can affect the quality of your own work” (para. 4). When evaluating a work for inclusion in, or exclusion from, your literature review, ask yourself a series of questions about each source. Is the information outdated? Is the source more than 5-10 years old? If so, it will not provide what we currently know about the topic--just what we used to know. Older sources are helpful for historical information, but unless historical analysis is the focus of your literature review, try to limit your sources to those that are current. How old are the sources used by the author? If you are reading an article from 10 years ago, they are likely citing material from 15-20 years ago. Again, this does not reflect what we currently know about a topic. Does the author have the credentials to write on the topic? Search the author’s name in a general web search engine like Google. What are the researcher’s academic credentials? What else has this author written? Search by author in the databases and see how much they have published on any given subject. Who published the source? Books published under popular press imprints (such as Random House or Macmillan) will not present scholarly research in the same way as Sage, Oxford, Harvard, or the University of Washington Press. For grey literature and websites, check the About Us page to learn more about potential biases and funding of the organization who wrote the report. Is the source relevant to your topic? How does the article fit into the scope of the literature on this topic? Does the information support your thesis or help you answer your question, or is it a challenge to make some kind of connection? Does the information present an opposite point of view, so you can show that you have addressed all sides of the argument in your paper? Many times, literature searches will include articles that ultimately are not that relevant to your final topic. You don’t need to read everything! How important is this source in the literature? If you search for the article on Google Scholar (see Figure 3.1 for an example of a search result from Google Scholar), you can see how many other sources cited this information. Generally, the higher the number of citations, the more important the article. This is a way to find seminal articles – “A classic work of research literature that is more than 5 years old and is marked by its uniqueness and contribution to professional knowledge” (Houser, 2018, p. 112). Figure 3.1 Google Scholar [1] Is the source accurate ? Check the facts in the article. Can statistics be verified through other sources? Does this information seem to fit with what you have read in other sources? Is the source reliable and objective? Is a particular point of view or bias immediately obvious, or does it seem objective at first glance? What point of view does the author represent? Are they clear about their point of view? Is the article an editorial that is trying to argue a position? Is the article in a publication with a particular editorial position? What is the scope of the article? Is it a general work that provides an overview of the topic or is it specifically focused on only one aspect of your topic? How strong is the evidence in the article? What are the research methods used in the article? Where does the method fall in the hierarchy of evidence? Meta-analysis and meta-synthesis: a systematic and scientific review that uses quantitative or qualitative methods (respectively) to summarize the results of many studies on a topic. Experiments and quasi-experiments: include a group of patients in an experimental group, as well as a control group. These groups are monitored for the variables/outcomes of interest. Randomized control trials are the gold standard. Longitudinal surveys: follow a group of people to identify how variables of interest change over time. Cross-sectional surveys: observe individuals at one point in time and discover relationships between variables. Qualitative studies: use in-depth interviews and analysis of texts to uncover the meaning of social phenomenon The last point above comes with some pretty strong caveats, as no study is really better than another. Foremost, your research question should guide which kinds of studies you collect for your literature review. If you are conducting a qualitative study, you should include some qualitative studies in your literature review so you can understand how others have studied the topic before you. Even if you are conducting a quantitative study, qualitative research is important for understanding processes and lived experiences. Any article that demonstrates rigor in both thought and methodology is appropriate to use in your inquiry. At the beginning of a project, you may not know what kind of research project you will ultimately propose. At this point, consulting a meta-analysis, meta-synthesis, or systematic review might be especially helpful as these articles try to summarize an entire body of literature into one article. Every type of source listed here is reputable, but some have greater explanatory power than others. Thinking about your project Two of the initial steps in designing a research project are identifying the overarching goals of your project and conducting a literature review. Forming a working research question, as discussed in section 2.1, is another crucial step. Creating and refining your research question will help you identify the key concepts you will study. Once you have identified those concepts, you’ll need to define them and decide how you will know that you are observing them during your data collection. Defining your concepts, and knowing them when you see them, relates to conceptualization and operationalization. Of course, you also need to know what approach you will take to collect your data. Thus, identifying your research method is another important part of research design. In addition to identifying your research method, you also need to think about who your research participants will be and the larger group(s) they may represent. Last but certainly not least, you should consider any potential ethical concerns that could arise during the course of your research project. These concerns might come up during your data collection, but they might also arise when you get to the point of analyzing or sharing your research results. Decisions about the various research components do not necessarily occur in sequential order. In fact, you may have to think about potential ethical concerns before you even zero in on a specific research question. Similarly, the goal of being able to make generalizations about your population of interest could shape the decisions you make about your method of data collection. Putting it all together, the following list shows some of the major components you’ll need to consider as you design your research project. Make sure you have information that will help inform how you think about each component. Research question Literature review Research strategy (idiographic or nomothetic, inductive or deductive) Units of analysis and units of observation Key concepts (conceptualization and operationalization) Method of data collection Research participants (sample and population) Ethical concerns Being a responsible consumer of research Being a responsible consumer of research requires you to take your identity as a social scientist seriously. Now that you are familiar with how to conduct research and how to read the results of others’ research, you have some responsibility to put your knowledge and skills to use. To do so, you must be able to distinguish what you know based on research from what you do not know. It is also a matter of having some awareness about what you can and cannot reasonably know as you encounter research findings. When assessing social scientific findings, think about what information has been provided to you. In a scholarly journal article, you will presumably be given a great deal of information about the researcher’s method of data collection, her sample, and information about how she identified and recruited research participants. All of these details provide important contextual information that can help you assess the researcher’s claims. On the other hand, a discussion of social scientific research in a popular magazine or newspaper will likely fail to provide the same level of detailed information. In this case, what you do and do not know is more limited than in the case of a scholarly journal article. If the research appears in popular media, search for the author or study title in an academic database. Also, take into account whatever information is provided about a study’s funding source. Most times, the entities that fund a study require that they are acknowledged in the publication, but more popular press may leave out a funding source. In this Internet age, it can be relatively easy to obtain information about how a study was funded. If this information is not provided in the source from which you learned about a study, it might behoove you to do a quick search on the web to see if you can learn more about a researcher’s funding. Findings that seem to support a particular political agenda, for example, might have more or less weight once you know whether and by whom a study was funded. There is some information that even the most responsible consumer of research cannot know. Because researchers are ethically bound to protect the identities of their subjects, for example, we will never know exactly who participated in a given study. Researchers may also choose not to reveal any personal stakes they hold in the research they conduct. While researchers may “start where they are,” we cannot know for certain whether or how researchers are personally connected to their work unless they choose to share such details. Neither of these “unknowables” are necessarily problematic, but having some awareness of what you may never know about a study does provide important contextual information from which to assess what one can “take away” from a given report of findings. Key Takeaways Not all published articles are the same. Evaluating sources requires a careful investigation of each source. Being a responsible consumer of research means giving serious thought and understanding to what you do know, what you don’t know, what you can know, and what you can’t know. Image attributions 130329-A-XX000-001 by Master Sgt. Michael Chann public domain",https://ecampusontario.pressbooks.pub/psychmethods3ecan/chapter/understanding-null-hypothesis-testing/
retain-the-null-hypothesis,retain the null hypothesis,,https://ecampusontario.pressbooks.pub/psychmethods3ecan/chapter/understanding-null-hypothesis-testing/
p-value,p value,"In this chapter, we’ll explore the connections between paradigms, social theories, and social scientific research methods. We’ll also consider how our analytic, paradigmatic, and theoretical perspective might shape or be shaped by our methodological choices. In short, we’ll discuss the relationship between theory and research methods. Chapter Outline 6.1 Micro, meso, and macro approaches 6.2 Paradigms, theories, and how they shape a researcher’s approach 6.3 Inductive and deductive reasoning Content Advisory This chapter discusses or mentions the following topics: laws regulating rape, sodomy, and child sexual abuse; gang communication styles; racism, policing, and lynching; domestic violence and sexual harassment; and substance abuse.",https://ecampusontario.pressbooks.pub/psychmethods3ecan/chapter/understanding-null-hypothesis-testing/
t-test,t- test,"Learning Objectives Explain the difference between between-subjects and within-subjects experiments, list some of the pros and cons of each approach, and decide which approach to use to answer a particular research question. Define random assignment, distinguish it from random sampling, explain its purpose in experimental research, and use some simple strategies to implement it Define several types of carryover effect, give examples of each, and explain how counterbalancing helps to deal with them. In this section, we look at some different ways to design an experiment. The primary distinction we will make is between approaches in which each participant experiences one level of the independent variable and approaches in which each participant experiences all levels of the independent variable. The former are called between-subjects experiments and the latter are called within-subjects experiments. Between-Subjects Experiments In a between-subjects experiment , each participant is tested in only one condition. For example, a researcher with a sample of 100 university students might assign half of them to write about a traumatic event and the other half write about a neutral event. Or a researcher with a sample of 60 people with severe agoraphobia (fear of open spaces) might assign 20 of them to receive each of three different treatments for that disorder. It is essential in a between-subjects experiment that the researcher assigns participants to conditions so that the different groups are, on average, highly similar to each other. Those in a trauma condition and a neutral condition, for example, should include a similar proportion of men and women, and they should have similar average IQs, similar average levels of motivation, similar average numbers of health problems, and so on. This matching is a matter of controlling these extraneous participant variables across conditions so that they do not become confounding variables. Random Assignment The primary way that researchers accomplish this kind of control of extraneous variables across conditions is called random assignment , which means using a random process to decide which participants are tested in which conditions. Do not confuse random assignment with random sampling. Random sampling is a method for selecting a sample from a population, and it is rarely used in psychological research. Random assignment is a method for assigning participants in a sample to the different conditions, and it is an important element of all experimental research in psychology and other fields too. In its strictest sense, random assignment should meet two criteria. One is that each participant has an equal chance of being assigned to each condition (e.g., a 50% chance of being assigned to each of two conditions). The second is that each participant is assigned to a condition independently of other participants. Thus one way to assign participants to two conditions would be to flip a coin for each one. If the coin lands heads, the participant is assigned to Condition A, and if it lands tails, the participant is assigned to Condition B. For three conditions, one could use a computer to generate a random integer from 1 to 3 for each participant. If the integer is 1, the participant is assigned to Condition A; if it is 2, the participant is assigned to Condition B; and if it is 3, the participant is assigned to Condition C. In practice, a full sequence of conditions—one for each participant expected to be in the experiment—is usually created ahead of time, and each new participant is assigned to the next condition in the sequence as they are tested. When the procedure is computerized, the computer program often handles the random assignment. One problem with coin flipping and other strict procedures for random assignment is that they are likely to result in unequal sample sizes in the different conditions. Unequal sample sizes are generally not a serious problem, and you should never throw away data you have already collected to achieve equal sample sizes. However, for a fixed number of participants, it is statistically most efficient to divide them into equal-sized groups. It is standard practice, therefore, to use a kind of modified random assignment that keeps the number of participants in each group as similar as possible. One approach is block randomization . In block randomization, all the conditions occur once in the sequence before any of them is repeated. Then they all occur again before any of them is repeated again. Within each of these “blocks,” the conditions occur in a random order. Again, the sequence of conditions is usually generated before any participants are tested, and each new participant is assigned to the next condition in the sequence. Table 5.2 shows such a sequence for assigning nine participants to three conditions. The Research Randomizer website ( http://www.randomizer.org ) will generate block randomization sequences for any number of participants and conditions. Again, when the procedure is computerized, the computer program often handles the block randomization. Table 5.2 Block Randomization Sequence for Assigning Nine Participants to Three Conditions Participant Condition 1 A 2 C 3 B 4 B 5 C 6 A 7 C 8 B 9 A Random assignment is not guaranteed to control all extraneous variables across conditions. The process is random, so it is always possible that just by chance, the participants in one condition might turn out to be substantially older, less tired, more motivated, or less depressed on average than the participants in another condition. However, there are some reasons that this possibility is not a major concern. One is that random assignment works better than one might expect, especially for large samples. Another is that the inferential statistics that researchers use to decide whether a difference between groups reflects a difference in the population takes the “fallibility” of random assignment into account. Yet another reason is that even if random assignment does result in a confounding variable and therefore produces misleading results, this confound is likely to be detected when the experiment is replicated. The upshot is that random assignment to conditions—although not infallible in terms of controlling extraneous variables—is always considered a strength of a research design. Matched Groups An alternative to simple random assignment of participants to conditions is the use of a matched-groups design . Using this design, participants in the various conditions are matched on the dependent variable or on some extraneous variable(s) prior the manipulation of the independent variable. This guarantees that these variables will not be confounded across the experimental conditions. For instance, if we want to determine whether expressive writing affects people's health then we could start by measuring various health-related variables in our prospective research participants. We could then use that information to rank-order participants according to how healthy or unhealthy they are. Next, the two healthiest participants would be randomly assigned to complete different conditions (one would be randomly assigned to the traumatic experiences writing condition and the other to the neutral writing condition). The next two healthiest participants would then be randomly assigned to complete different conditions, and so on until the two least healthy participants. This method would ensure that participants in the traumatic experiences writing condition are matched to participants in the neutral writing condition with respect to health at the beginning of the study. If at the end of the experiment, a difference in health was detected across the two conditions, then we would know that it is due to the writing manipulation and not to pre-existing differences in health. Within-Subjects Experiments In a within-subjects experiment , each participant is tested under all conditions. Consider an experiment on the effect of a defendant’s physical attractiveness on judgments of his guilt. Again, in a between-subjects experiment, one group of participants would be shown an attractive defendant and asked to judge his guilt, and another group of participants would be shown an unattractive defendant and asked to judge his guilt. In a within-subjects experiment, however, the same group of participants would judge the guilt of both an attractive and an unattractive defendant. The primary advantage of this approach is that it provides maximum control of extraneous participant variables. Participants in all conditions have the same mean IQ, same socioeconomic status, same number of siblings, and so on—because they are the very same people. Within-subjects experiments also make it possible to use statistical procedures that remove the effect of these extraneous participant variables on the dependent variable and therefore make the data less “noisy” and the effect of the independent variable easier to detect. We will look more closely at this idea later in the book . However, not all experiments can use a within-subjects design nor would it be desirable to do so. Carryover Effects and Counterbalancing The primary disadvantage of within-subjects designs is that they can result in order effects. An order effect occurs when participants' responses in the various conditions are affected by the order of conditions to which they were exposed. One type of order effect is a carryover effect. A carryover effect is an effect of being tested in one condition on participants’ behavior in later conditions. One type of carryover effect is a practice effect , where participants perform a task better in later conditions because they have had a chance to practice it. Another type is a fatigue effect , where participants perform a task worse in later conditions because they become tired or bored. Being tested in one condition can also change how participants perceive stimuli or interpret their task in later conditions. This type of effect is called a context effect (or contrast effect) . For example, an average-looking defendant might be judged more harshly when participants have just judged an attractive defendant than when they have just judged an unattractive defendant. Within-subjects experiments also make it easier for participants to guess the hypothesis. For example, a participant who is asked to judge the guilt of an attractive defendant and then is asked to judge the guilt of an unattractive defendant is likely to guess that the hypothesis is that defendant attractiveness affects judgments of guilt. This knowledge could lead the participant to judge the unattractive defendant more harshly because he thinks this is what he is expected to do. Or it could make participants judge the two defendants similarly in an effort to be “fair.” Carryover effects can be interesting in their own right. (Does the attractiveness of one person depend on the attractiveness of other people that we have seen recently?) But when they are not the focus of the research, carryover effects can be problematic. Imagine, for example, that participants judge the guilt of an attractive defendant and then judge the guilt of an unattractive defendant. If they judge the unattractive defendant more harshly, this might be because of his unattractiveness. But it could be instead that they judge him more harshly because they are becoming bored or tired. In other words, the order of the conditions is a confounding variable. The attractive condition is always the first condition and the unattractive condition the second. Thus any difference between the conditions in terms of the dependent variable could be caused by the order of the conditions and not the independent variable itself. There is a solution to the problem of order effects, however, that can be used in many situations. It is counterbalancing , which means testing different participants in different orders. The best method of counterbalancing is complete counterbalancing in which an equal number of participants complete each possible order of conditions. For example, half of the participants would be tested in the attractive defendant condition followed by the unattractive defendant condition, and others half would be tested in the unattractive condition followed by the attractive condition. With three conditions, there would be six different orders (ABC, ACB, BAC, BCA, CAB, and CBA), so some participants would be tested in each of the six orders. With four conditions, there would be 24 different orders; with five conditions there would be 120 possible orders. With counterbalancing, participants are assigned to orders randomly, using the techniques we have already discussed. Thus, random assignment plays an important role in within-subjects designs just as in between-subjects designs. Here, instead of randomly assigning to conditions, they are randomly assigned to different orders of conditions. In fact, it can safely be said that if a study does not involve random assignment in one form or another, it is not an experiment. A more efficient way of counterbalancing is through a Latin square design which randomizes through having equal rows and columns. For example, if you have four treatments, you must have four versions. Like a Sudoku puzzle, no treatment can repeat in a row or column. For four versions of four treatments, the Latin square design would look like: A B C D B C D A C D A B D A B C You can see in the diagram above that the square has been constructed to ensure that each condition appears at each ordinal position (A appears first once, second once, third once, and fourth once) and each condition precedes and follows each other condition one time. A Latin square for an experiment with 6 conditions would by 6 x 6 in dimension, one for an experiment with 8 conditions would be 8 x 8 in dimension, and so on. So while complete counterbalancing of 6 conditions would require 720 orders, a Latin square would only require 6 orders. Finally, when the number of conditions is large experiments can use random counterbalancing in which the order of the conditions is randomly determined for each participant. Using this technique every possible order of conditions is determined and then one of these orders is randomly selected for each participant. This is not as powerful a technique as complete counterbalancing or partial counterbalancing using a Latin squares design. Use of random counterbalancing will result in more random error, but if order effects are likely to be small and the number of conditions is large, this is an option available to researchers. There are two ways to think about what counterbalancing accomplishes. One is that it controls the order of conditions so that it is no longer a confounding variable. Instead of the attractive condition always being first and the unattractive condition always being second, the attractive condition comes first for some participants and second for others. Likewise, the unattractive condition comes first for some participants and second for others. Thus any overall difference in the dependent variable between the two conditions cannot have been caused by the order of conditions. A second way to think about what counterbalancing accomplishes is that if there are carryover effects, it makes it possible to detect them. One can analyze the data separately for each order to see whether it had an effect. When 9 Is “Larger” Than 221 Researcher Michael Birnbaum has argued that the lack of context provided by between-subjects designs is often a bigger problem than the context effects created by within-subjects designs. To demonstrate this problem, he asked participants to rate two numbers on how large they were on a scale of 1-to-10 where 1 was “very very small” and 10 was “very very large”. One group of participants were asked to rate the number 9 and another group was asked to rate the number 221 (Birnbaum, 1999) [1] . Participants in this between-subjects design gave the number 9 a mean rating of 5.13 and the number 221 a mean rating of 3.10. In other words, they rated 9 as larger than 221! According to Birnbaum, this difference is because participants spontaneously compared 9 with other one-digit numbers (in which case it is relatively large) and compared 221 with other three-digit numbers (in which case it is relatively small). Simultaneous Within-Subjects Designs So far, we have discussed an approach to within-subjects designs in which participants are tested in one condition at a time. There is another approach, however, that is often used when participants make multiple responses in each condition. Imagine, for example, that participants judge the guilt of 10 attractive defendants and 10 unattractive defendants. Instead of having people make judgments about all 10 defendants of one type followed by all 10 defendants of the other type, the researcher could present all 20 defendants in a sequence that mixed the two types. The researcher could then compute each participant’s mean rating for each type of defendant. Or imagine an experiment designed to see whether people with social anxiety disorder remember negative adjectives (e.g., “stupid,” “incompetent”) better than positive ones (e.g., “happy,” “productive”). The researcher could have participants study a single list that includes both kinds of words and then have them try to recall as many words as possible. The researcher could then count the number of each type of word that was recalled. Between-Subjects or Within-Subjects? Almost every experiment can be conducted using either a between-subjects design or a within-subjects design. This possibility means that researchers must choose between the two approaches based on their relative merits for the particular situation. Between-subjects experiments have the advantage of being conceptually simpler and requiring less testing time per participant. They also avoid carryover effects without the need for counterbalancing. Within-subjects experiments have the advantage of controlling extraneous participant variables, which generally reduces noise in the data and makes it easier to detect any effect of the independent variable upon the dependent variable. Within-subjects experiments also require fewer participants than between-subjects experiments to detect an effect of the same size. A good rule of thumb, then, is that if it is possible to conduct a within-subjects experiment (with proper counterbalancing) in the time that is available per participant—and you have no serious concerns about carryover effects—this design is probably the best option. If a within-subjects design would be difficult or impossible to carry out, then you should consider a between-subjects design instead. For example, if you were testing participants in a doctor’s waiting room or shoppers in line at a grocery store, you might not have enough time to test each participant in all conditions and therefore would opt for a between-subjects design. Or imagine you were trying to reduce people’s level of prejudice by having them interact with someone of another race. A within-subjects design with counterbalancing would require testing some participants in the treatment condition first and then in a control condition. But if the treatment works and reduces people’s level of prejudice, then they would no longer be suitable for testing in the control condition. This difficulty is true for many designs that involve a treatment meant to produce long-term change in participants’ behavior (e.g., studies testing the effectiveness of psychotherapy). Clearly, a between-subjects design would be necessary here. Remember also that using one type of design does not preclude using the other type in a different study. There is no reason that a researcher could not use both a between-subjects design and a within-subjects design to answer the same research question. In fact, professional researchers often take exactly this type of mixed methods approach.",https://ecampusontario.pressbooks.pub/psychmethods3ecan/chapter/some-basic-null-hypothesis-tests/
test-statistic,test statistic,"Learning Objectives Differentiate among exploratory, descriptive, and explanatory research studies A recent news story on college students’ addictions to electronic gadgets (Lisk, 2011) [2] describes current research findings from Professor Susan Moeller and colleagues from the University of Maryland ( http://withoutmedia.wordpress.com ). The story raises a number of interesting questions. Just what sorts of gadgets are students addicted to? How do these addictions work? Why do they exist, and who is most likely to experience them? Social science research is great for answering these types of questions, but to answer them thoroughly, we must take care in designing our research projects. In this chapter, we’ll discuss what aspects of a research project should be considered at the beginning, including specifying the goals of the research, the components that are common across most research projects, and a few other considerations. When designing a research project, you should first consider what you hope to accomplish by conducting the research. What do you hope to be able to say about your topic? Do you hope to gain a deep understanding of the phenomenon you’re studying, or would you rather have a broad, but perhaps less deep, understanding? Do you want your research to be used by policymakers or others to shape social life, or is this project more about exploring your curiosities? Your answers to each of these questions will shape your research design. Exploration, description, and explanation In the beginning phases, you’ll need to decide whether your research will be exploratory, descriptive, or explanatory. Each has a different purpose, so how you design your research project will be determined in part by this decision. Researchers conducting exploratory research are typically in the early stages of examining their topics. These sorts of projects are usually conducted when a researcher wants to test the feasibility of conducting a more extensive study and to figure out the “lay of the land” with respect to the particular topic. Perhaps very little prior research has been conducted on this subject. If this is the case, a researcher may wish to do some exploratory work to learn what method to use in collecting data, how best to approach research subjects, or even what sorts of questions are reasonable to ask. A researcher wanting to simply satisfy their curiosity about a topic could also conduct exploratory research. For example, an exploratory study may be a suitable step toward understanding the relatively new phenomenon of college students' addictions to their electronic gadgets. It is important to note that exploratory designs do not make sense for topic areas with a lot of existing research. For example, it would not make much sense to conduct an exploratory study on common interventions for parents who neglect their children because the topic has already been extensive study in this area. Exploratory questions are best suited to topics that have not been studied. Students may justify an exploratory approach to their project by claiming that there is very little literature on their topic. Most of the time, the student simply needs more direction on where to search, however each semester a few topics are chosen for which there actually is a lack of literature. Perhaps there would be less available literature if a student set out to study child neglect interventions for parents who identify as transgender or parents who are refugees from the Syrian civil war. In that case, an exploratory design would make sense as there is less literature to guide your study. Another purpose of research is to describe or define a particular phenomenon, termed descriptive research . For example, a social work researcher may want to understand what it means to be a first-generation college student or a resident in a psychiatric group home. In this case, descriptive research would be an appropriate strategy. A descriptive study of college students’ addictions to their electronic gadgets, for example, might aim to describe patterns in how many hours students use gadgets or which sorts of gadgets students tend to use most regularly. Researchers at the Princeton Review conduct descriptive research each year when they set out to provide students and their parents with information about colleges and universities around the United States. They describe the social life at a school, the cost of admission, and student-to-faculty ratios among other defining aspects. Although students and parents may be able to obtain much of this information on their own, having access to the data gathered by a team of researchers is much more convenient and less time consuming. Social workers often rely on descriptive research to tell them about their service area. Keeping track of the number of children receiving foster care services, their demographic makeup (e.g., race, gender), and length of time in care are excellent examples of descriptive research. On a macro-level, the Centers for Disease Control provides a remarkable amount of descriptive research on mental and physical health conditions. In fact, descriptive research has many useful applications, and you probably rely on findings from descriptive research without even being aware. Finally, social work researchers often aim to explain why particular phenomena work in the way that they do. Research that answers “why” questions is referred to as explanatory research. In this case, the researcher is trying to identify the causes and effects of whatever phenomenon they are studying. An explanatory study of college students’ addictions to their electronic gadgets might aim to understand why students become addicted. Does the addiction have anything to do with their family histories, extracurricular hobbies and activities, or with whom they spend their time? An explanatory study could answer these kinds of questions. There are numerous examples of explanatory social scientific investigations. For example, the recent work of Dominique Simons and Sandy Wurtele (2010) [3] sought to discover whether receiving corporal punishment from parents led children to turn to violence in solving their interpersonal conflicts with other children. In their study of 102 families with children between the ages of 3 and 7, the researchers found that experiencing frequent spanking did, in fact, result in children being more likely to accept aggressive problem-solving techniques. Another example of explanatory research can be seen in Robert Faris and Diane Felmlee’s (2011) [4] research study on the connections between popularity and bullying. From their study of 8th, 9th, and 10th graders in 19 North Carolina schools, they found that aggression increased as adolescents’ popularity increased. [5] The choice between descriptive, exploratory, and explanatory research should be made with your research question in mind. What does your question ask? Are you trying to learn the basics about a new area, establish a clear “why” relationship, or define or describe an activity or concept? In the next section, we will explore how each type of research is associated with different methods, paradigms, and forms of logic. Key Takeaways Exploratory research is usually conducted when a researcher has just begun an investigation and wishes to understand the topic generally. Descriptive research aims to describe or define the topic at hand. Explanatory research is aims to explain why particular phenomena work in the way that they do. Glossary Descriptive research - describes or defines a particular phenomenon Explanatory research - explains why particular phenomena work in the way that they do, answers “why” questions Exploratory research - conducted during the early stages of a project, usually when a researcher wants to test the feasibility of conducting a more extensive study Image attributions Pencil by kaboompics CC-0 Two men and one woman in a photo by Rawpixel.com CC-0",https://ecampusontario.pressbooks.pub/psychmethods3ecan/chapter/some-basic-null-hypothesis-tests/
two-tailed-test,two-tailed test,,https://ecampusontario.pressbooks.pub/psychmethods3ecan/chapter/some-basic-null-hypothesis-tests/
one-tailed-test,one-tailed test,,https://ecampusontario.pressbooks.pub/psychmethods3ecan/chapter/some-basic-null-hypothesis-tests/
dependent-samples-t-test,dependent-samples t -test,"Whether you plan to engage in clinical, administrative, or policy practice, all social workers must be able to look at the available literature on a topic and synthesize the relevant facts into a coherent review. Literature reviews can powerful effects. For example, a concise literature review can provide the factual basis for a new program or policy in an agency or government entity. In your own research proposal, conducting a thorough literature review will help you build strong arguments for why your topic is important and why your research question must be answered. Chapter outline 4.1 What is a literature review? 4.2 Synthesizing literature 4.3 Writing the literature review Content advisory This chapter discusses or mentions the following topics: homelessness, suicide, depression, LGBTQ oppression, drug use, and psychotic disorders.",https://ecampusontario.pressbooks.pub/psychmethods3ecan/chapter/some-basic-null-hypothesis-tests/
difference-score,difference score,"Whether you plan to engage in clinical, administrative, or policy practice, all social workers must be able to look at the available literature on a topic and synthesize the relevant facts into a coherent review. Literature reviews can powerful effects. For example, a concise literature review can provide the factual basis for a new program or policy in an agency or government entity. In your own research proposal, conducting a thorough literature review will help you build strong arguments for why your topic is important and why your research question must be answered. Chapter outline 4.1 What is a literature review? 4.2 Synthesizing literature 4.3 Writing the literature review Content advisory This chapter discusses or mentions the following topics: homelessness, suicide, depression, LGBTQ oppression, drug use, and psychotic disorders.",https://ecampusontario.pressbooks.pub/psychmethods3ecan/chapter/some-basic-null-hypothesis-tests/
independent-samples-t-test,independent-samples t- test,,https://ecampusontario.pressbooks.pub/psychmethods3ecan/chapter/some-basic-null-hypothesis-tests/
post-hoc-comparisons,post hoc comparisons,,https://ecampusontario.pressbooks.pub/psychmethods3ecan/chapter/some-basic-null-hypothesis-tests/
repeated-measures-anova,repeated-measures ANOVA,"Learning Objectives Explain what an experiment is and recognize examples of studies that are experiments and studies that are not experiments. Distinguish between the manipulation of the independent variable and control of extraneous variables and explain the importance of each. Recognize examples of confounding variables and explain how they affect the internal validity of a study. Define what a control condition is, explain its purpose in research on treatment effectiveness, and describe some alternative types of control conditions. What Is an Experiment? As we saw earlier in the book, an experiment is a type of study designed specifically to answer the question of whether there is a causal relationship between two variables. In other words, whether changes in one variable (referred to as an independent variable ) cause a change in another variable (referred to as a dependent variable ). Experiments have two fundamental features. The first is that the researchers manipulate, or systematically vary, the level of the independent variable. The different levels of the independent variable are called conditions . For example, in Darley and Latané’s experiment, the independent variable was the number of witnesses that participants believed to be present. The researchers manipulated this independent variable by telling participants that there were either one, two, or five other students involved in the discussion, thereby creating three conditions. For a new researcher, it is easy to confuse these terms by believing there are three independent variables in this situation: one, two, or five students involved in the discussion, but there is actually only one independent variable (number of witnesses) with three different levels or conditions (one, two or five students). The second fundamental feature of an experiment is that the researcher exerts control over, or minimizes the variability in, variables other than the independent and dependent variable. These other variables are called extraneous variables . Darley and Latané tested all their participants in the same room, exposed them to the same emergency situation, and so on. They also randomly assigned their participants to conditions so that the three groups would be similar to each other to begin with. Notice that although the words manipulation and control have similar meanings in everyday language, researchers make a clear distinction between them. They manipulate the independent variable by systematically changing its levels and control other variables by holding them constant. Manipulation of the Independent Variable Again, to manipulate an independent variable means to change its level systematically so that different groups of participants are exposed to different levels of that variable, or the same group of participants is exposed to different levels at different times. For example, to see whether expressive writing affects people’s health, a researcher might instruct some participants to write about traumatic experiences and others to write about neutral experiences. The different levels of the independent variable are referred to as conditions , and researchers often give the conditions short descriptive names to make it easy to talk and write about them. In this case, the conditions might be called the “traumatic condition” and the “neutral condition.” Notice that the manipulation of an independent variable must involve the active intervention of the researcher. Comparing groups of people who differ on the independent variable before the study begins is not the same as manipulating that variable. For example, a researcher who compares the health of people who already keep a journal with the health of people who do not keep a journal has not manipulated this variable and therefore has not conducted an experiment. This distinction is important because groups that already differ in one way at the beginning of a study are likely to differ in other ways too. For example, people who choose to keep journals might also be more conscientious, more introverted, or less stressed than people who do not. Therefore, any observed difference between the two groups in terms of their health might have been caused by whether or not they keep a journal, or it might have been caused by any of the other differences between people who do and do not keep journals. Thus the active manipulation of the independent variable is crucial for eliminating potential alternative explanations for the results. Of course, there are many situations in which the independent variable cannot be manipulated for practical or ethical reasons and therefore an experiment is not possible. For example, whether or not people have a significant early illness experience cannot be manipulated, making it impossible to conduct an experiment on the effect of early illness experiences on the development of hypochondriasis. This caveat does not mean it is impossible to study the relationship between early illness experiences and hypochondriasis—only that it must be done using nonexperimental approaches. We will discuss this type of methodology in detail later in the book. Independent variables can be manipulated to create two conditions and experiments involving a single independent variable with two conditions are often referred to as a single factor two-level design . However, sometimes greater insights can be gained by adding more conditions to an experiment. When an experiment has one independent variable that is manipulated to produce more than two conditions it is referred to as a single factor multi level design . So rather than comparing a condition in which there was one witness to a condition in which there were five witnesses (which would represent a single-factor two-level design), Darley and Latané’s experiment used a single factor multi-level design, by manipulating the independent variable to produce three conditions (a one witness, a two witnesses, and a five witnesses condition). Control of Extraneous Variables As we have seen previously in the chapter, an extraneous variable is anything that varies in the context of a study other than the independent and dependent variables. In an experiment on the effect of expressive writing on health, for example, extraneous variables would include participant variables (individual differences) such as their writing ability, their diet, and their gender. They would also include situational or task variables such as the time of day when participants write, whether they write by hand or on a computer, and the weather. Extraneous variables pose a problem because many of them are likely to have some effect on the dependent variable. For example, participants’ health will be affected by many things other than whether or not they engage in expressive writing. This influencing factor can make it difficult to separate the effect of the independent variable from the effects of the extraneous variables, which is why it is important to control extraneous variables by holding them constant. Extraneous Variables as “Noise” Extraneous variables make it difficult to detect the effect of the independent variable in two ways. One is by adding variability or “noise” to the data. Imagine a simple experiment on the effect of mood (happy vs. sad) on the number of happy childhood events people are able to recall. Participants are put into a negative or positive mood (by showing them a happy or sad video clip) and then asked to recall as many happy childhood events as they can. The two leftmost columns of Table 5.1 show what the data might look like if there were no extraneous variables and the number of happy childhood events participants recalled was affected only by their moods. Every participant in the happy mood condition recalled exactly four happy childhood events, and every participant in the sad mood condition recalled exactly three. The effect of mood here is quite obvious. In reality, however, the data would probably look more like those in the two rightmost columns of Table 5.1 . Even in the happy mood condition, some participants would recall fewer happy memories because they have fewer to draw on, use less effective recall strategies, or are less motivated. And even in the sad mood condition, some participants would recall more happy childhood memories because they have more happy memories to draw on, they use more effective recall strategies, or they are more motivated. Although the mean difference between the two groups is the same as in the idealized data, this difference is much less obvious in the context of the greater variability in the data. Thus one reason researchers try to control extraneous variables is so their data look more like the idealized data in Table 5.1 , which makes the effect of the independent variable easier to detect (although real data never look quite that good). Table 5.1 Hypothetical Noiseless Data and Realistic Noisy Data Idealized “noiseless” data Realistic “noisy” data Happy mood Sad mood Happy mood Sad mood 4 3 3 1 4 3 6 3 4 3 2 4 4 3 4 0 4 3 5 5 4 3 2 7 4 3 3 2 4 3 1 5 4 3 6 1 4 3 8 2 M = 4 M = 3 M = 4 M = 3 One way to control extraneous variables is to hold them constant. This technique can mean holding situation or task variables constant by testing all participants in the same location, giving them identical instructions, treating them in the same way, and so on. It can also mean holding participant variables constant. For example, many studies of language limit participants to right-handed people, who generally have their language areas isolated in their left cerebral hemispheres [12] . Left-handed people are more likely to have their language areas isolated in their right cerebral hemispheres or distributed across both hemispheres, which can change the way they process language and thereby add noise to the data. In principle, researchers can control extraneous variables by limiting participants to one very specific category of person, such as 20-year-old, heterosexual, female, right-handed psychology majors. The obvious downside to this approach is that it would lower the external validity of the study—in particular, the extent to which the results can be generalized beyond the people actually studied. For example, it might be unclear whether results obtained with a sample of younger lesbian women would apply to older gay men. In many situations, the advantages of a diverse sample (increased external validity) outweigh the reduction in noise achieved by a homogeneous one. Extraneous Variables as Confounding Variables The second way that extraneous variables can make it difficult to detect the effect of the independent variable is by becoming confounding variables. A confounding variable is an extraneous variable that differs on average across levels of the independent variable (i.e., it is an extraneous variable that varies systematically with the independent variable). For example, in almost all experiments, participants’ intelligence quotients (IQs) will be an extraneous variable. But as long as there are participants with lower and higher IQs in each condition so that the average IQ is roughly equal across the conditions, then this variation is probably acceptable (and may even be desirable). What would be bad, however, would be for participants in one condition to have substantially lower IQs on average and participants in another condition to have substantially higher IQs on average. In this case, IQ would be a confounding variable. To confound means to confuse , and this effect is exactly why confounding variables are undesirable. Because they differ systematically across conditions—just like the independent variable—they provide an alternative explanation for any observed difference in the dependent variable. Figure 5.1 shows the results of a hypothetical study, in which participants in a positive mood condition scored higher on a memory task than participants in a negative mood condition. But if IQ is a confounding variable—with participants in the positive mood condition having higher IQs on average than participants in the negative mood condition—then it is unclear whether it was the positive moods or the higher IQs that caused participants in the first condition to score higher. One way to avoid confounding variables is by holding extraneous variables constant. For example, one could prevent IQ from becoming a confounding variable by limiting participants only to those with IQs of exactly 100. But this approach is not always desirable for reasons we have already discussed. A second and much more general approach—random assignment to conditions—will be discussed in detail shortly. Figure 5.1 Hypothetical Results From a Study on the Effect of Mood on Memory. Because IQ also differs across conditions, it is a confounding variable. Treatment and Control Conditions In psychological research, a treatment is any intervention meant to change people’s behavior for the better. This intervention includes psychotherapies and medical treatments for psychological disorders but also interventions designed to improve learning, promote conservation, reduce prejudice, and so on. To determine whether a treatment works, participants are randomly assigned to either a treatment condition , in which they receive the treatment, or a control condition , in which they do not receive the treatment. If participants in the treatment condition end up better off than participants in the control condition—for example, they are less depressed, learn faster, conserve more, express less prejudice—then the researcher can conclude that the treatment works. In research on the effectiveness of psychotherapies and medical treatments, this type of experiment is often called a randomized clinical trial . There are different types of control conditions. In a no-treatment control condition , participants receive no treatment whatsoever. One problem with this approach, however, is the existence of placebo effects. A placebo is a simulated treatment that lacks any active ingredient or element that should make it effective, and a placebo effect is a positive effect of such a treatment. Many folk remedies that seem to work—such as eating chicken soup for a cold or placing soap under the bed sheets to stop nighttime leg cramps—are probably nothing more than placebos. Although placebo effects are not well understood, they are probably driven primarily by people’s expectations that they will improve. Having the expectation to improve can result in reduced stress, anxiety, and depression, which can alter perceptions and even improve immune system functioning (Price, Finniss, & Benedetti, 2008) [13] . Placebo effects are interesting in their own right (see Note ""The Powerful Placebo"" ), but they also pose a serious problem for researchers who want to determine whether a treatment works. Figure 5.2 shows some hypothetical results in which participants in a treatment condition improved more on average than participants in a no-treatment control condition. If these conditions (the two leftmost bars in Figure 5.2 ) were the only conditions in this experiment, however, one could not conclude that the treatment worked. It could be instead that participants in the treatment group improved more because they expected to improve, while those in the no-treatment control condition did not. Figure 5.2 Hypothetical Results From a Study Including Treatment, No-Treatment, and Placebo Conditions Fortunately, there are several solutions to this problem. One is to include a placebo control condition , in which participants receive a placebo that looks much like the treatment but lacks the active ingredient or element thought to be responsible for the treatment’s effectiveness. When participants in a treatment condition take a pill, for example, then those in a placebo control condition would take an identical-looking pill that lacks the active ingredient in the treatment (a “sugar pill”). In research on psychotherapy effectiveness, the placebo might involve going to a psychotherapist and talking in an unstructured way about one’s problems. The idea is that if participants in both the treatment and the placebo control groups expect to improve, then any improvement in the treatment group over and above that in the placebo control group must have been caused by the treatment and not by participants’ expectations. This difference is what is shown by a comparison of the two outer bars in Figure 5.4 . Of course, the principle of informed consent requires that participants be told that they will be assigned to either a treatment or a placebo control condition—even though they cannot be told which until the experiment ends. In many cases the participants who had been in the control condition are then offered an opportunity to have the real treatment. An alternative approach is to use a wait-list control condition , in which participants are told that they will receive the treatment but must wait until the participants in the treatment condition have already received it. This disclosure allows researchers to compare participants who have received the treatment with participants who are not currently receiving it but who still expect to improve (eventually). A final solution to the problem of placebo effects is to leave out the control condition completely and compare any new treatment with the best available alternative treatment. For example, a new treatment for simple phobia could be compared with standard exposure therapy. Because participants in both conditions receive a treatment, their expectations about improvement should be similar. This approach also makes sense because once there is an effective treatment, the interesting question about a new treatment is not simply “Does it work?” but “Does it work better than what is already available? The Powerful Placebo Many people are not surprised that placebos can have a positive effect on disorders that seem fundamentally psychological, including depression, anxiety, and insomnia. However, placebos can also have a positive effect on disorders that most people think of as fundamentally physiological. These include asthma, ulcers, and warts (Shapiro & Shapiro, 1999) [14] . There is even evidence that placebo surgery—also called “sham surgery”—can be as effective as actual surgery. Medical researcher J. Bruce Moseley and his colleagues conducted a study on the effectiveness of two arthroscopic surgery procedures for osteoarthritis of the knee (Moseley et al., 2002) [15] . The control participants in this study were prepped for surgery, received a tranquilizer, and even received three small incisions in their knees. But they did not receive the actual arthroscopic surgical procedure. Note that the IRB would have carefully considered the use of deception in this case and judged that the benefits of using it outweighed the risks and that there was no other way to answer the research question (about the effectiveness of a placebo procedure) without it. The surprising result was that all participants improved in terms of both knee pain and function, and the sham surgery group improved just as much as the treatment groups. According to the researchers, “This study provides strong evidence that arthroscopic lavage with or without débridement [the surgical procedures used] is not better than and appears to be equivalent to a placebo procedure in improving knee pain and self-reported function” (p. 85).",https://ecampusontario.pressbooks.pub/psychmethods3ecan/chapter/some-basic-null-hypothesis-tests/
factorial-anova,factorial ANOVA,,https://ecampusontario.pressbooks.pub/psychmethods3ecan/chapter/some-basic-null-hypothesis-tests/
file-drawer-problem,file drawer problem,"Learning Objectives Begin to write your literature review Identify the purpose of a problem statement Apply the components of a formal argument to your topic Use elements of formal writing style, including signposting and transitions Congratulations! By now, you should have discovered, retrieved, evaluated, synthesized, and organized the information you need for your literature review. It’s now time to turn that stack of articles, papers, and notes into a literature review--it’s time to start writing! If you’ve followed the steps in this chapter, you likely have developed an outline that will guide you through the writing process. If you are still unsure of what to include in the literature review, here is a summary. A literature review should: …clearly describe the questions that are being asked. They also locate the research within the ongoing scholarly dialogue. This is done by summarizing current understandings and by discussing why what we already knows leads to the need for the present research. Literature reviews also define the primary concepts. While this information can appear in any order, these are the elements in all literature reviews. (Loseke, 2017, p. 61) [1] Do you have enough facts and sources to accomplish these tasks? It’s a good time to consult your outline and notes on each article you plan to include in your literature review. You may also want to consult with your professor on what they expect from you. If there is something that you are missing, you may want to jump back to section 2.3 where we discussed how to search for literature on your topic. While you can always fill in material later, you may run the risk of writing about a topic that you do not fully understand yet. For example, if you don’t have a solid definition of your key concepts or a sense of how the literature has developed over time, it will be difficult to make coherent scholarly claims about your topic. There is no magical point at which everyone is ready to write. As you consider whether you are ready or not, it may be useful to ask yourself these questions: How will my literature review be organized? What section headings will I be using? How do the various studies relate to each other? What contributions do they make to the field? What are the limitations of a study/where are the gaps in the research? Most importantly, how does my own research fit into what has already been done? The problem statement Many scholarly works begin with a problem statement. The problem statement serves two functions: 1) it establishes the importance of your topic as a social problem and 2) it catches the reader's attention and piques their interest. Who would want to read about something unimportant? A problem statement generally answers the following questions, though these are far from exhaustive: Why is this an important problem to study? How many people are affected by the problem? How does this problem impact other social issues or target populations relevant to social work? Why is your target population an important one to study? Like the rest of your literature review, a strong problem statement should be filled with facts, theories, and arguments based on the literature you’ve found. Research proposals are significantly different than other essays you've likely completed during your social work studies. If your topic were domestic violence in rural Appalachia in the USA, I’m sure you could come up with answers to the above questions without looking at a single source. However, the purpose of the literature review is not to test your intuition, personal experience, or empathy. Instead, research methods are about learning specific and articulable facts to inform social work action. With a problem statement, you can take a “boring” topic like transportation patterns in major cities and readers to see the topic as an important part of the social world that impacts social work practice. The structure of a literature review Problem statement The problem statement generally belongs at the beginning of the literature review. I recommend limiting the length of the problem statement to one or two paragraphs, as you do not want it to be too lengthy. For the rest of your literature review, there is no set formula for how it should be organized. However, a literature review generally follows the format of any other essay—Introduction, Body, and Conclusion. Introduction The introduction to the literature review contains a statement or statements about the overall topic. At minimum, the introduction should define or identify the general topic, issue, or area of concern. You might consider presenting historical background, mentioning the results of a seminal study, or providing definitions of important terms. The introduction may also point to overall trends in what has been previously published on the topic; conflicts in theory, methodology, evidence, and conclusions; or gaps in research and scholarship. In addition, I suggest adding a few sentences that walk the reader through the rest of the literature review by highlighting your main arguments from the body and by previewing your conclusion. Body The body of your literature review is where you demonstrate your synthesis and analysis of the literature on your topic, so be sure that you are doing more than just summarizing the facts you've found. I would also caution against organizing your literature review by source—that is, one paragraph for source A, one paragraph for source B, etc. That structure will provide a mediocre summary of the information but will not provide the synthesis that we are aiming for in this section. It also fails to demonstrate the relationships among facts, potential disagreements among research findings, and how each study builds on the work of another. In short, summarization does not demonstrate critical thinking. Instead of simply summarizing, use your outlines and notes as a guide to the important topics you will to cover, and more importantly, what you have to say about those topics. Literature reviews are written from the perspective of an expert in the field. After an exhaustive literature review, you should feel like you are able to make strong claims about what is true—so make them! There is no need to hide behind “I believe” or “I think.” Put your voice out in front, loud and proud, but make sure you have facts and sources to support your argument. I’ve used the term “argument” here in a specific way. An argument in writing means more than simply disagreeing with what someone else said. Toulman, Rieke, and Janik (1984) identify six elements of an argument: Claim: the thesis statement—what you are trying to prove Grounds: theoretical or empirical evidence that supports your claim Warrant: your reasoning (rule or principle) connecting the claim and its grounds Backing: further facts used to support or legitimize the warrant Qualifier: acknowledging that the argument may not be true for all cases Rebuttal: considering both sides (as cited in Burnette, 2012) [2] Let’s walk through an example of an argument. Let's say that I am writing a literature review on a negative income tax, a policy in which people in poverty receive an unconditional cash stipend from the government each month equal to the federal poverty level. I would want to lay out the following: Claim: the negative income tax is superior to other forms of anti-poverty assistance. Grounds: data comparing negative income tax recipients to those in existing programs, theory supporting a negative income tax, data from evaluations of existing anti-poverty programs, etc. Warrant: cash-based programs like the negative income tax are superior to existing anti-poverty programs because they allow the recipient greater self-determination over how to spend their money. Backing: data demonstrating the beneficial effects of self-determination on people in poverty. Qualifier: the negative income tax does not provide taxpayers and voters with enough control to make sure people in poverty are not wasting financial assistance on frivolous items. Rebuttal: policy should be about empowering the oppressed, not protecting the taxpayer, and there are ways of addressing taxpayer opposition through policy design. Like any effective argument, your literature review must have some kind of structure. For example, it might begin by describing a phenomenon in a general way along with several studies that provide some detail, then describing two or more competing theories of the phenomenon, and finally presenting a hypothesis to test one or more of the theories. Or, it might describe one phenomenon, then describe another phenomenon that seems inconsistent with the first one, then propose a theory that resolves the inconsistency, and finally present a hypothesis to test that theory. In applied research, it might describe a phenomenon or theory, then describe how that phenomenon or theory applies to some important real-world situation, and finally suggest a way to test whether it does, in fact, apply to that situation. Another important issue is signposting . It may not be a term you are familiar with, but you are likely familiar with the concept. Signposting refers to the words used to identify the organization and structure of your literature review to your reader. The most basic form of signposting is using a topic sentence at the beginning of each paragraph. A topic sentence introduces the argument you plan to make in that paragraph. For example, you might start a paragraph stating, “There is strong disagreement in the literature as to whether the use of psychedelic drugs causes the experience of psychotic disorders, or whether the experience of a psychotic disorder causes the use of psychedelic drugs.” Within that paragraph, your reader would likely assume you will present evidence for both arguments. The concluding sentence of your paragraph should relate to the topic sentence by addressing how the facts and arguments from other authors support a specific conclusion. To continue with our example, I might say, “There is likely a reciprocal effect in which both the use of psychedelic drugs worsens pre-psychotic symptoms and worsening psychosis causes use of psychedelic drugs to self-medicate or escape.” Signposting also involves using headings and subheadings. Your literature review will use APA formatting, which means you need to follow their rules for bolding, capitalization, italicization, and indentation of headings. Headings help your reader understand the structure of your literature review. They can also help if the reader gets lost and needs to re-orient themselves within the document. I often tell my students to assume that I know nothing and that I need to be shown exactly where they are addressing each part of the literature review. I am sure that they don't mind pretending to walk me through their paper like you would a small child, explaining “first we’ll do this, then we’ll do that, and when we’re done, we’ll know this!” Another way to use signposting is to open each paragraph with a sentence that links the topic of the paragraph with the one before it. Alternatively, one could end each paragraph with a sentence that links it with the next paragraph. For example, imagine we wanted to link a paragraph about barriers to accessing healthcare with one about the relationship between the patient and physician. We could use a transition sentence like this: “Even if patients overcome these barriers to accessing care, the physician-patient relationship can create new barriers to positive health outcomes.” A transition sentence like this builds a connection between two distinct topics. Transition sentences are also useful within paragraphs. They tell the reader how to consider one piece of information in light of previous information. Even simple transitions like however, similarly, and others demonstrate critical thinking and make your arguments clearer. Many beginning researchers have difficulty with incorporating transitions into their writing. Let’s look at an example. Instead of beginning a sentence or paragraph by launching into a description of a study, such as “Williams (2004) found that…,” it is better to start by indicating something about why you are describing this particular study. Here are some simple examples: Another example of this phenomenon comes from the work of Williams (2004). Williams (2004) offers one explanation of this phenomenon. An alternative perspective has been provided by Williams (2004). Now that we know to use signposts, the natural question is “What goes on the signposts?” First, it is extremely important to start with an outline of the main points that you want to make, organized in the order that you want to make them. The basic structure of your argument then should be apparent from the outline itself. Unfortunately, there is no formula I can give you that will work for everyone. I can provide some general pointers on structuring your literature review, though. The literature review generally moves from general ideas to more specific ones. You can build a review by identifying areas of consensus and areas of disagreement. You may choose to present earlier, historical studies—preferably seminal studies that are of significant importance—and close with most recent work. Another approach is to start with the most distantly related facts and literature and then report on those most closely related to your specific research question. You could also compare and contrast valid approaches, features, characteristics, theories – that is, one approach, then a second approach, followed by a third approach. Here are some additional tips for writing the body of your literature review: Start broad and then narrow down to more specific information. When appropriate, cite two or more sources for a single point, but avoid long strings of references for a single point. Use quotes sparingly. Quotations for definitions are okay, but reserve quotes for when an author says something so well that you couldn’t possibly phrase it differently. Never use quotes for statistics. Paraphrase when you need to relate the specific details within an article, and try to reword it in a way that is understandable to your audience. Include only the aspects of the study that are relevant to your literature review. Don’t insert extra facts about a study just to take up space. Avoid using first-person language like “I” and “we” to maintain objectivity. Avoid using informal language like contractions, idioms, and rhetorical questions. Note any sections of your review that lack citations and facts from literature. Your arguments need to be based in specific empirical or theoretical facts. Do not approach this like a reflective journal entry. Point out consistent findings and emphasize stronger studies over weaker ones. Point out important strengths and weaknesses of research studies, as well as contradictions and inconsistent findings. Be specific when pointing out implications and suggestions for further research. Conclusion The conclusion should summarize your literature review, discuss implications, and create a space for future or further research needed in this area. Your conclusion, like the rest of your literature review, should have a point that you are trying to make. What are the important implications of your literature review? How do they inform the question you are trying to answer? Structure overview While you should consult with your professor and their syllabus for the final structure your literature review should take, here is an example: Problem statement Establish the importance of the topic Number and type of people affected Seriousness of the impact Physical, psychological, economic, social consequences of the problem Introduction Definitions of key terms Important arguments you will make Overview of the organization of the rest of the review Body of the review Topic 1 Supporting evidence Topic 2 Supporting evidence Topic 3 Supporting evidence Conclusion Implications Specific suggestions for future research How your research topic adds to the literature Here are some additional resources, if you are having trouble putting together your literature review: Doing a literature review / University of Leicester Get Lit: The Literature Review / Texas A&M Writing Centre Editing your literature review For your literature review, remember that your goal is to construct an argument for why your research question is interesting and worth addressing—not argue why your favorite answer to your research question is correct. As you start editing your literature review, make sure that it is balanced. If you want to emphasize the generally accepted understanding of a phenomenon, then of course you should discuss various studies that have demonstrated it. However, if there are other studies that have found contradictory findings, you should discuss them, too. If you are proposing a new theory, then you should discuss findings that are consistent with that theory. However, if there are other findings that are inconsistent with it, again, you should discuss them too. It is acceptable to argue that the balance of the research supports the existence of a phenomenon or is consistent with a theory, but it is never acceptable to ignore contradictory evidence. Besides, a large part of what makes a research question interesting is the uncertainty about its answer (University of Minnesota, 2016). [3] In addition to subjectivity and bias, another obstruction to getting your literature review written is writer’s block. Often times, writer’s block can come from confusing the creating and editing parts of the writing process. Many writers often start by simply trying to type out what they want to say, regardless of how good it is. Author Anne Lamott (1995) [4] terms these “shitty first drafts” and we all write them. They are a natural and important part of the writing process. Even if you have a detailed outline to work from, the words are not going to fall into place perfectly the first time you start writing. You should consider turning off the editing and critiquing part of your brain for a little while and allow your thoughts to flow. Don’t worry about putting the correct internal citation when you first write. Just get the information out. Only after you’ve reached a natural stopping point might you go back and edit your draft for grammar, APA formatting, organization, flow, and more. Divorcing the writing and editing process can go a long way to addressing writer’s block—as can picking a topic about which you have something to say! As you are editing, keep in mind these questions adapted from Green (2012): [5] Content: Have I clearly stated the main idea or purpose of the paper and addressed all the issues? Is the thesis or focus clearly presented and appropriate for the reader? Organization: How well is it structured? Is the organization spelled out for the reader and easy to follow? Flow: Is there a logical flow from section to section, paragraph to paragraph, sentence to sentence? Are there transitions between and within paragraphs that link ideas together? Development: Have I validated the main idea with supporting material? Are supporting data sufficient? Does the conclusion match the introduction? Form: Are there any issues regarding APA styling and formatting? Have you proof-read for redundancy, spelling, punctuation, and grammar? Are there any problems with the wording of your writing or the sentence structure? Have you used terminology properly and checked the definitions of any words you may not be sure of? Key Takeaways The problem statement draws the reader into your topic by highlighting how important the topic is to social work and overall society. Signposting is an important component of academic writing that helps your reader follow the structure of your argument and literature review. Transitions demonstrate critical thinking and help guide your reader through your arguments. Editing and writing are separate processes. Glossary Signposting - words that identify the organization and structure of a literature review Image attributions Startup notebooks by StartupStockPhotos CC-0 Board front problem by geralt CC-0 Person holding white paper and typewriter by Pexels CC-0 Signs direction Bergen by Mariamichelle CC-0 Mistakes by annekarakash CC-0",https://ecampusontario.pressbooks.pub/psychmethods3ecan/chapter/additional-considerations/
p-hacking,p -hacking,"Learning Objectives Describe a micro-, meso-, and macro-level approaches to research Provide examples of micro-, meso-, and macro-level studies In Chapter 1, we reviewed the micro, meso, and macro framework that social workers use to understand the world. As you’ll recall, micro-level research studies individuals and one-on-one interactions, meso-level research studies groups, and macro-level research studies institutions and policies. Let’s take a closer look at some specific examples of social work research to better understand each of the three levels of inquiry described previously. Some topics are best suited to be examined at one specific level, while other topics can be studied at each of the three different levels. The particular level of inquiry might shape a social worker’s questions about the topic, or a social scientist might view the topic from different angles depending on the level of inquiry being employed. First, let’s consider some examples of different topics that are best suited to a particular level of inquiry. Work by Stephen Marks offers an excellent example of research at the micro-level. In one study, Marks and Shelley MacDermid (1996) [6] draw from prior micro-level theories to empirically study how people balance their roles and identities. In this study, the researchers found that people who experience balance across their multiple roles and activities report lower levels of depression and higher levels of self-esteem and well-being than their less-balanced counterparts. In another study, Marks and colleagues examined the conditions under which husbands and wives feel the most balance across their many roles. They found that different factors are important for different genders. For women, having more paid work hours and more couple time were among the most important factors. For men, having leisure time with their nuclear families was important, and role balance decreased as work hours increased (Marks, Huston, Johnson, & MacDermid, 2001). [7] Both of these studies fall within the category of micro-level analysis. At the meso-level, social scientists tend to study the experiences of groups and the interactions between groups. In a recent book based on their research with Somali immigrants, Kim Huisman and colleagues (Huisman, Hough, Langellier, & Toner, 2011) [8] examine the interactions between Somalis and Americans in Maine. These researchers found that stereotypes about refugees being unable or unwilling to assimilate and being overly dependent on local social systems are unsubstantiated. In a much different study of group-level interactions, Michael Messner (2009) [9] conducted research on children’s sports leagues. Messner studied interactions among parent volunteers, among youth participants, and between league organizers and parents. They found that gender boundaries and hierarchies are perpetuated by the adults who run such leagues. While these two studies are very different in their specific points of focus, they both have a meso-level focus. Social workers who conduct macro-level research study interactions at the broadest level, such as interactions between and across nations, states, or cultural systems. One example of macro-level research can be seen in a recent article by David Frank and colleagues (Frank, Camp, & Boutcher, 2010). [10] These researchers examined worldwide changes over time in laws regulating sex. By comparing laws across a number of countries over a period of many years (1945–2005), Frank learned that laws regulating rape, adultery, sodomy, and child sexual abuse shifted in focus from protecting larger entities, such as families, to protecting individuals. In another macro-level study, Leah Ruppanner (2010) [11] studied how national levels of gender equality in 25 different countries affect couples’ divisions of housework. Ruppanner found that as women’s parliamentary representation increases, so does men’s participation in housework. While it is true that some topics lend themselves to a particular level of inquiry, there are many topics that could be studied from any of the three levels. The choice depends on the specific interest of the researcher, the approach they would like to take and the sorts of questions they want to be able to answer about the topic. Let’s look at an example. Gang activity has been a topic of interest to social workers for many years and has been studied from each of the levels of inquiry described here. At the micro-level, social workers might study the inner workings of a specific gang, communication styles, and what everyday life is like for gang members. Though not written by a social worker, one example of a micro-level analysis of gang activity can be found in Sanyika Shakur’s 1993 autobiography, Monster . [12] In his book, Shakur describes his former day-to-day life as a member of the Crips in South-Central Los Angeles. Shakur’s recounting of his experiences highlights micro-level interactions between himself, fellow Crips members, and other gangs. At the meso-level, social workers are likely to examine interactions between gangs or perhaps how different branches of the same gang vary from one area to the next. At the macro-level, we could compare the impact of gang activity across communities or examine the national economic impact of gang activity. Excellent examples of gang research at all three levels of analysis can be found in the Journal of Gang Research published by the National Gang Crime Research Center (NGCRC). [13] Sudhir Venkatesh’s (2008) study, Gang Leader for a Day , [14] is an example of research on gangs that utilizes all three levels of analysis. Venkatesh conducted participant observation with a gang in Chicago. He learned about the everyday lives of gang members (micro) and how the gang he studied interacted with and fit within the landscape of other gang “franchises” (meso). In addition, Venkatesh described the impact of the gang on the broader community and economy (macro). Key Takeaways Social work research can occur at any of the following three analytical levels: micro, meso, or macro. Some topics lend themselves to one particular analytical level, while others could be studied from any, or all, of the three levels of analysis.",https://ecampusontario.pressbooks.pub/psychmethods3ecan/chapter/additional-considerations/
statistical-power,statistical power,"Learning Objectives Define reliability, including the different types and how they are assessed. Define validity, including the different types and how they are assessed. Describe the kinds of evidence that would be relevant to assessing the reliability and validity of a particular measure. Again, measurement involves assigning scores to individuals so that they represent some characteristic of the individuals. But how do researchers know that the scores actually represent the characteristic, especially when it is a construct like intelligence, self-esteem, depression, or working memory capacity? The answer is that they conduct research using the measure to confirm that the scores make sense based on their understanding of the construct being measured. This is an extremely important point. Psychologists do not simply assume that their measures work. Instead, they collect data to demonstrate that they work. If their research does not demonstrate that a measure works, they stop using it. As an informal example, imagine that you have been dieting for a month. Your clothes seem to be fitting more loosely, and several friends have asked if you have lost weight. If at this point your bathroom scale indicated that you had lost 10 pounds, this would make sense and you would continue to use the scale. But if it indicated that you had gained 10 pounds, you would rightly conclude that it was broken and either fix it or get rid of it. In evaluating a measurement method, psychologists consider two general dimensions: reliability and validity. Reliability Reliability refers to the consistency of a measure. Psychologists consider three types of consistency: over time (test-retest reliability), across items (internal consistency), and across different researchers (inter-rater reliability). Test-Retest Reliability When researchers measure a construct that they assume to be consistent across time, then the scores they obtain should also be consistent across time. Test-retest reliability is the extent to which this is actually the case. For example, intelligence is generally thought to be consistent across time. A person who is highly intelligent today will be highly intelligent next week. This means that any good measure of intelligence should produce roughly the same scores for this individual next week as it does today. Clearly, a measure that produces highly inconsistent scores over time cannot be a very good measure of a construct that is supposed to be consistent. Assessing test-retest reliability requires using the measure on a group of people at one time, using it again on the same group of people at a later time, and then looking at the test-retest correlation between the two sets of scores. This is typically done by graphing the data in a scatterplot and computing the correlation coefficient. Figure 4.2 shows the correlation between two sets of scores of several university students on the Rosenberg Self-Esteem Scale, administered two times, a week apart. The correlation coefficient for these data is +.95. In general, a test-retest correlation of +.80 or greater is considered to indicate good reliability. Figure 4.2 Test-Retest Correlation Between Two Sets of Scores of Several College Students on the Rosenberg Self-Esteem Scale, Given Two Times a Week Apart Again, high test-retest correlations make sense when the construct being measured is assumed to be consistent over time, which is the case for intelligence, self-esteem, and the Big Five personality dimensions. But other constructs are not assumed to be stable over time. The very nature of mood, for example, is that it changes. So a measure of mood that produced a low test-retest correlation over a period of a month would not be a cause for concern. Internal Consistency Another kind of reliability is internal consistency , which is the consistency of people’s responses across the items on a multiple-item measure. In general, all the items on such measures are supposed to reflect the same underlying construct, so people’s scores on those items should be correlated with each other. On the Rosenberg Self-Esteem Scale, people who agree that they are a person of worth should tend to agree that they have a number of good qualities. If people’s responses to the different items are not correlated with each other, then it would no longer make sense to claim that they are all measuring the same underlying construct. This is as true for behavioral and physiological measures as for self-report measures. For example, people might make a series of bets in a simulated game of roulette as a measure of their level of risk seeking. This measure would be internally consistent to the extent that individual participants’ bets were consistently high or low across trials. Like test-retest reliability, internal consistency can only be assessed by collecting and analyzing data. One approach is to look at a split-half correlation . This involves splitting the items into two sets, such as the first and second halves of the items or the even- and odd-numbered items. Then a score is computed for each set of items, and the relationship between the two sets of scores is examined. For example, Figure 4.3 shows the split-half correlation between several university students’ scores on the even-numbered items and their scores on the odd-numbered items of the Rosenberg Self-Esteem Scale. The correlation coefficient for these data is +.88. A split-half correlation of +.80 or greater is generally considered good internal consistency. Figure 4.3 Split-Half Correlation Between Several College Students’ Scores on the Even-Numbered Items and Their Scores on the Odd-Numbered Items of the Rosenberg Self-Esteem Scale Perhaps the most common measure of internal consistency used by researchers in psychology is a statistic called Cronbach’s α (the Greek letter alpha). Conceptually, α is the mean of all possible split-half correlations for a set of items. For example, there are 252 ways to split a set of 10 items into two sets of five. Cronbach’s α would be the mean of the 252 split-half correlations. Note that this is not how α is actually computed, but it is a correct way of interpreting the meaning of this statistic. Again, a value of +.80 or greater is generally taken to indicate good internal consistency. Interrater Reliability Many behavioral measures involve significant judgment on the part of an observer or a rater. Inter-rater reliability is the extent to which different observers are consistent in their judgments. For example, if you were interested in measuring university students’ social skills, you could make video recordings of them as they interacted with another student whom they are meeting for the first time. Then you could have two or more observers watch the videos and rate each student’s level of social skills. To the extent that each participant does, in fact, have some level of social skills that can be detected by an attentive observer, different observers’ ratings should be highly correlated with each other. Inter-rater reliability would also have been measured in Bandura’s Bobo doll study. In this case, the observers’ ratings of how many acts of aggression a particular child committed while playing with the Bobo doll should have been highly positively correlated. Interrater reliability is often assessed using Cronbach’s α when the judgments are quantitative or an analogous statistic called Cohen’s κ (the Greek letter kappa) when they are categorical. Validity Validity is the extent to which the scores from a measure represent the variable they are intended to. But how do researchers make this judgment? We have already considered one factor that they take into account—reliability. When a measure has good test-retest reliability and internal consistency, researchers should be more confident that the scores represent what they are supposed to. There has to be more to it, however, because a measure can be extremely reliable but have no validity whatsoever. As an absurd example, imagine someone who believes that people’s index finger length reflects their self-esteem and therefore tries to measure self-esteem by holding a ruler up to people’s index fingers. Although this measure would have extremely good test-retest reliability, it would have absolutely no validity. The fact that one person’s index finger is a centimeter longer than another’s would indicate nothing about which one had higher self-esteem. Discussions of validity usually divide it into several distinct “types.” But a good way to interpret these types is that they are other kinds of evidence—in addition to reliability—that should be taken into account when judging the validity of a measure. Here we consider three basic kinds: face validity, content validity, and criterion validity. Face Validity Face validity is the extent to which a measurement method appears “on its face” to measure the construct of interest. Most people would expect a self-esteem questionnaire to include items about whether they see themselves as a person of worth and whether they think they have good qualities. So a questionnaire that included these kinds of items would have good face validity. The finger-length method of measuring self-esteem, on the other hand, seems to have nothing to do with self-esteem and therefore has poor face validity. Although face validity can be assessed quantitatively—for example, by having a large sample of people rate a measure in terms of whether it appears to measure what it is intended to—it is usually assessed informally. Face validity is at best a very weak kind of evidence that a measurement method is measuring what it is supposed to. One reason is that it is based on people’s intuitions about human behavior, which are frequently wrong. It is also the case that many established measures in psychology work quite well despite lacking face validity. The Minnesota Multiphasic Personality Inventory-2 (MMPI-2) measures many personality characteristics and disorders by having people decide whether each of over 567 different statements applies to them—where many of the statements do not have any obvious relationship to the construct that they measure. For example, the items “I enjoy detective or mystery stories” and “The sight of blood doesn’t frighten me or make me sick” both measure the suppression of aggression. In this case, it is not the participants’ literal answers to these questions that are of interest, but rather whether the pattern of the participants’ responses to a series of questions matches those of individuals who tend to suppress their aggression. Content Validity Content validity is the extent to which a measure “covers” the construct of interest. For example, if a researcher conceptually defines test anxiety as involving both sympathetic nervous system activation (leading to nervous feelings) and negative thoughts, then his measure of test anxiety should include items about both nervous feelings and negative thoughts. Or consider that attitudes are usually defined as involving thoughts, feelings, and actions toward something. By this conceptual definition, a person has a positive attitude toward exercise to the extent that they think positive thoughts about exercising, feels good about exercising, and actually exercises. So to have good content validity, a measure of people’s attitudes toward exercise would have to reflect all three of these aspects. Like face validity, content validity is not usually assessed quantitatively. Instead, it is assessed by carefully checking the measurement method against the conceptual definition of the construct. Criterion Validity Criterion validity is the extent to which people’s scores on a measure are correlated with other variables (known as criteria) that one would expect them to be correlated with. For example, people’s scores on a new measure of test anxiety should be negatively correlated with their performance on an important school exam. If it were found that people’s scores were in fact negatively correlated with their exam performance, then this would be a piece of evidence that these scores really represent people’s test anxiety. But if it were found that people scored equally well on the exam regardless of their test anxiety scores, then this would cast doubt on the validity of the measure. A criterion can be any variable that one has reason to think should be correlated with the construct being measured, and there will usually be many of them. For example, one would expect test anxiety scores to be negatively correlated with exam performance and course grades and positively correlated with general anxiety and with blood pressure during an exam. Or imagine that a researcher develops a new measure of physical risk taking. People’s scores on this measure should be correlated with their participation in “extreme” activities such as snowboarding and rock climbing, the number of speeding tickets they have received, and even the number of broken bones they have had over the years. When the criterion is measured at the same time as the construct, criterion validity is referred to as concurrent validity ; however, when the criterion is measured at some point in the future (after the construct has been measured), it is referred to as predictive validity (because scores on the measure have “predicted” a future outcome). Criteria can also include other measures of the same construct. For example, one would expect new measures of test anxiety or physical risk taking to be positively correlated with existing established measures of the same constructs. This is known as convergent validity . Assessing convergent validity requires collecting data using the measure. Researchers John Cacioppo and Richard Petty did this when they created their self-report Need for Cognition Scale to measure how much people value and engage in thinking (Cacioppo & Petty, 1982) [15] . In a series of studies, they showed that people’s scores were positively correlated with their scores on a standardized academic achievement test, and that their scores were negatively correlated with their scores on a measure of dogmatism (which represents a tendency toward obedience). In the years since it was created, the Need for Cognition Scale has been used in literally hundreds of studies and has been shown to be correlated with a wide variety of other variables, including the effectiveness of an advertisement, interest in politics, and juror decisions (Petty, Briñol, Loersch, & McCaslin, 2009) [16] . Discriminant Validity Discriminant validity , on the other hand, is the extent to which scores on a measure are not correlated with measures of variables that are conceptually distinct. For example, self-esteem is a general attitude toward the self that is fairly stable over time. It is not the same as mood, which is how good or bad one happens to be feeling right now. So people’s scores on a new measure of self-esteem should not be very highly correlated with their moods. If the new measure of self-esteem were highly correlated with a measure of mood, it could be argued that the new measure is not really measuring self-esteem; it is measuring mood instead. When they created the Need for Cognition Scale, Cacioppo and Petty also provided evidence of discriminant validity by showing that people’s scores were not correlated with certain other variables. For example, they found only a weak correlation between people’s need for cognition and a measure of their cognitive style—the extent to which they tend to think analytically by breaking ideas into smaller parts or holistically in terms of “the big picture.” They also found no correlation between people’s need for cognition and measures of their test anxiety and their tendency to respond in socially desirable ways. All these low correlations provide evidence that the measure is reflecting a conceptually distinct construct.",https://ecampusontario.pressbooks.pub/psychmethods3ecan/chapter/additional-considerations/
confidence-intervals,confidence intervals,"Learning Objectives Define measurement and give several examples of measurement in psychology. Explain what a psychological construct is and give several examples. Distinguish conceptual from operational definitions, give examples of each, and create simple operational definitions. Distinguish the four levels of measurement, give examples of each, and explain why this distinction is important. What Is Measurement? Measurement is the assignment of scores to individuals so that the scores represent some characteristic of the individuals. This very general definition is consistent with the kinds of measurement that everyone is familiar with—for example, weighing oneself by stepping onto a bathroom scale, or checking the internal temperature of a roasting turkey using a meat thermometer. It is also consistent with measurement in the other sciences. In physics, for example, one might measure the potential energy of an object in Earth’s gravitational field by finding its mass and height (which of course requires measuring those variables) and then multiplying them together along with the gravitational acceleration of Earth (9.8 m/s2). The result of this procedure is a score that represents the object’s potential energy. This general definition of measurement is consistent with measurement in psychology too. (Psychological measurement is often referred to as psychometrics .) Imagine, for example, that a cognitive psychologist wants to measure a person’s working memory capacity—their ability to hold in mind and think about several pieces of information all at the same time. To do this, she might use a backward digit span task, in which she reads a list of two digits to the person and asks them to repeat them in reverse order. She then repeats this several times, increasing the length of the list by one digit each time, until the person makes an error. The length of the longest list for which the person responds correctly is the score and represents their working memory capacity. Or imagine a clinical psychologist who is interested in how depressed a person is. He administers the Beck Depression Inventory, which is a 21-item self-report questionnaire in which the person rates the extent to which they have felt sad, lost energy, and experienced other symptoms of depression over the past 2 weeks. The sum of these 21 ratings is the score and represents the person's current level of depression. The important point here is that measurement does not require any particular instruments or procedures. What it does require is some systematic procedure for assigning scores to individuals or objects so that those scores represent the characteristic of interest. Psychological Constructs Many variables studied by psychologists are straightforward and simple to measure. These include age, height, weight, and birth order. You can ask people how old they are and be reasonably sure that they know and will tell you. Although people might not know or want to tell you how much they weigh, you can have them step onto a bathroom scale. Other variables studied by psychologists—perhaps the majority—are not so straightforward or simple to measure. We cannot accurately assess people’s level of intelligence by looking at them, and we certainly cannot put their self-esteem on a bathroom scale. These kinds of variables are called constructs (pronounced CON-structs ) and include personality traits (e.g., extraversion), emotional states (e.g., fear), attitudes (e.g., toward taxes), and abilities (e.g., athleticism). Psychological constructs cannot be observed directly. One reason is that they often represent tendencies to think, feel, or act in certain ways. For example, to say that a particular university student is highly extraverted does not necessarily mean that she is behaving in an extraverted way right now. In fact, she might be sitting quietly by herself, reading a book. Instead, it means that she has a general tendency to behave in extraverted ways (e.g., being outgoing, enjoying social interactions) across a variety of situations. Another reason psychological constructs cannot be observed directly is that they often involve internal processes. Fear, for example, involves the activation of certain central and peripheral nervous system structures, along with certain kinds of thoughts, feelings, and behaviors—none of which is necessarily obvious to an outside observer. Notice also that neither extraversion nor fear “reduces to” any particular thought, feeling, act, or physiological structure or process. Instead, each is a kind of summary of a complex set of behaviors and internal processes. The Big Five The Big Five is a set of five broad dimensions that capture much of the variation in human personality. Each of the Big Five can even be defined in terms of six more specific constructs called “facets” (Costa & McCrae, 1992) [17] . Figure 4.1 The Big Five Personality Dimensions The conceptual definition of a psychological construct describes the behaviors and internal processes that make up that construct, along with how it relates to other variables. For example, a conceptual definition of neuroticism (another one of the Big Five) would be that it is people’s tendency to experience negative emotions such as anxiety, anger, and sadness across a variety of situations. This definition might also include that it has a strong genetic component, remains fairly stable over time, and is positively correlated with the tendency to experience pain and other physical symptoms. Students sometimes wonder why, when researchers want to understand a construct like self-esteem or neuroticism, they do not simply look it up in the dictionary. One reason is that many scientific constructs do not have counterparts in everyday language (e.g., working memory capacity). More important, researchers are in the business of developing definitions that are more detailed and precise—and that more accurately describe the way the world is—than the informal definitions in the dictionary. As we will see, they do this by proposing conceptual definitions, testing them empirically, and revising them as necessary. Sometimes they throw them out altogether. This is why the research literature often includes different conceptual definitions of the same construct. In some cases, an older conceptual definition has been replaced by a newer one that fits and works better. In others, researchers are still in the process of deciding which of various conceptual definitions is the best. Operational Definitions An operational definition is a definition of a variable in terms of precisely how it is to be measured. These measures generally fall into one of three broad categories. Self-report measures are those in which participants report on their own thoughts, feelings, and actions, as with the Rosenberg Self-Esteem Scale (Rosenberg, 1965) [18] . Behavioral measures are those in which some other aspect of participants’ behavior is observed and recorded. This is an extremely broad category that includes the observation of people’s behavior both in highly structured laboratory tasks and in more natural settings. A good example of the former would be measuring working memory capacity using the backward digit span task. A good example of the latter is a famous operational definition of physical aggression from researcher Albert Bandura and his colleagues (Bandura, Ross, & Ross, 1961) [19] . They let each of several children play for 20 minutes in a room that contained a clown-shaped punching bag called a Bobo doll. They filmed each child and counted the number of acts of physical aggression the child committed. These included hitting the doll with a mallet, punching it, and kicking it. Their operational definition, then, was the number of these specifically defined acts that the child committed during the 20-minute period. Finally, physiological measures are those that involve recording any of a wide variety of physiological processes, including heart rate and blood pressure, galvanic skin response, hormone levels, and electrical activity and blood flow in the brain. For any given variable or construct, there will be multiple operational definitions. Stress is a good example. A rough conceptual definition is that stress is an adaptive response to a perceived danger or threat that involves physiological, cognitive, affective, and behavioral components. But researchers have operationally defined it in several ways. The Social Readjustment Rating Scale (Holmes & Rahe, 1967) [20] is a self-report questionnaire on which people identify stressful events that they have experienced in the past year and assigns points for each one depending on its severity. For example, a man who has been divorced (73 points), changed jobs (36 points), and had a change in sleeping habits (16 points) in the past year would have a total score of 125. The Hassles and Uplifts Scale (Delongis, Coyne, Dakof, Folkman & Lazarus, 1982) [21] is similar but focuses on everyday stressors like misplacing things and being concerned about one’s weight. The Perceived Stress Scale (Cohen, Kamarck, & Mermelstein, 1983) [22] is another self-report measure that focuses on people’s feelings of stress (e.g., “How often have you felt nervous and stressed?”). Researchers have also operationally defined stress in terms of several physiological variables including blood pressure and levels of the stress hormone cortisol. When psychologists use multiple operational definitions of the same construct—either within a study or across studies—they are using converging operations . The idea is that the various operational definitions are “converging” or coming together on the same construct. When scores based on several different operational definitions are closely related to each other and produce similar patterns of results, this constitutes good evidence that the construct is being measured effectively and that it is useful. The various measures of stress, for example, are all correlated with each other and have all been shown to be correlated with other variables such as immune system functioning (also measured in a variety of ways) (Segerstrom & Miller, 2004) [23] . This is what allows researchers eventually to draw useful general conclusions, such as “stress is negatively correlated with immune system functioning,” as opposed to more specific and less useful ones, such as “people’s scores on the Perceived Stress Scale are negatively correlated with their white blood counts.” Levels of Measurement The psychologist S. S. Stevens suggested that scores can be assigned to individuals in a way that communicates more or less quantitative information about the variable of interest (Stevens, 1946) [24] . For example, the officials at a 100-m race could simply rank order the runners as they crossed the finish line (first, second, etc.), or they could time each runner to the nearest tenth of a second using a stopwatch (11.5 s, 12.1 s, etc.). In either case, they would be measuring the runners’ times by systematically assigning scores to represent those times. But while the rank ordering procedure communicates the fact that the second-place runner took longer to finish than the first-place finisher, the stopwatch procedure also communicates how much longer the second-place finisher took. Stevens actually suggested four different levels of measurement (which he called “scales of measurement”) that correspond to four types of information that can be communicated by a set of scores, and the statistical procedures that can be used with the information. The nominal level of measurement is used for categorical variables and involves assigning scores that are category labels. Category labels communicate whether any two individuals are the same or different in terms of the variable being measured. For example, if you ask your participants about their marital status, you are engaged in nominal-level measurement. Or if you ask your participants to indicate which of several ethnicities they identify themselves with, you are again engaged in nominal-level measurement. The essential point about nominal scales is that they do not imply any ordering among the responses. For example, when classifying people according to their favorite color, there is no sense in which green is placed ""ahead of"" blue. Responses are merely categorized. Nominal scales thus embody the lowest level of measurement [25] . The remaining three levels of measurement are used for quantitative variables. The ordinal level of measurement involves assigning scores so that they represent the rank order of the individuals. Ranks communicate not only whether any two individuals are the same or different in terms of the variable being measured but also whether one individual is higher or lower on that variable. For example, a researcher wishing to measure consumers' satisfaction with their microwave ovens might ask them to specify their feelings as either ""very dissatisfied,"" ""somewhat dissatisfied,"" ""somewhat satisfied,"" or ""very satisfied."" The items in this scale are ordered, ranging from least to most satisfied. This is what distinguishes ordinal from nominal scales. Unlike nominal scales, ordinal scales allow comparisons of the degree to which two individuals rate the variable. For example, our satisfaction ordering makes it meaningful to assert that one person is more satisfied than another with their microwave ovens. Such an assertion reflects the first person's use of a verbal label that comes later in the list than the label chosen by the second person. On the other hand, ordinal scales fail to capture important information that will be present in the other levels of measurement we examine. In particular, the difference between two levels of an ordinal scale cannot be assumed to be the same as the difference between two other levels (just like you cannot assume that the gap between the runners in first and second place is equal to the gap between the runners in second and third place). In our satisfaction scale, for example, the difference between the responses ""very dissatisfied"" and ""somewhat dissatisfied"" is probably not equivalent to the difference between ""somewhat dissatisfied"" and ""somewhat satisfied."" Nothing in our measurement procedure allows us to determine whether the two differences reflect the same difference in psychological satisfaction. Statisticians express this point by saying that the differences between adjacent scale values do not necessarily represent equal intervals on the underlying scale giving rise to the measurements. (In our case, the underlying scale is the true feeling of satisfaction, which we are trying to measure.) The interval level of measurement involves assigning scores using numerical scales in which intervals have the same interpretation throughout. As an example, consider either the Fahrenheit or Celsius temperature scales. The difference between 30 degrees and 40 degrees represents the same temperature difference as the difference between 80 degrees and 90 degrees. This is because each 10-degree interval has the same physical meaning (in terms of the kinetic energy of molecules). Interval scales are not perfect, however. In particular, they do not have a true zero point even if one of the scaled values happens to carry the name ""zero."" The Fahrenheit scale illustrates the issue. Zero degrees Fahrenheit does not represent the complete absence of temperature (the absence of any molecular kinetic energy). In reality, the label ""zero"" is applied to its temperature for quite accidental reasons connected to the history of temperature measurement. Since an interval scale has no true zero point, it does not make sense to compute ratios of temperatures. For example, there is no sense in which the ratio of 40 to 20 degrees Fahrenheit is the same as the ratio of 100 to 50 degrees; no interesting physical property is preserved across the two ratios. After all, if the ""zero"" label were applied at the temperature that Fahrenheit happens to label as 10 degrees, the two ratios would instead be 30 to 10 and 90 to 40, no longer the same! For this reason, it does not make sense to say that 80 degrees is ""twice as hot"" as 40 degrees. Such a claim would depend on an arbitrary decision about where to ""start"" the temperature scale, namely, what temperature to call zero (whereas the claim is intended to make a more fundamental assertion about the underlying physical reality). In psychology, the intelligence quotient (IQ) is often considered to be measured at the interval level. While it is technically possible to receive a score of 0 on an IQ test, such a score would not indicate the complete absence of IQ. Moreover, a person with an IQ score of 140 does not have twice the IQ of a person with a score of 70. However, the difference between IQ scores of 80 and 100 is the same as the difference between IQ scores of 120 and 140. Finally, the ratio level of measurement involves assigning scores in such a way that there is a true zero point that represents the complete absence of the quantity. Height measured in meters and weight measured in kilograms are good examples. So are counts of discrete objects or events such as the number of siblings one has or the number of questions a student answers correctly on an exam. You can think of a ratio scale as the three earlier scales rolled up in one. Like a nominal scale, it provides a name or category for each object (the numbers serve as labels). Like an ordinal scale, the objects are ordered (in terms of the ordering of the numbers). Like an interval scale, the same difference at two places on the scale has the same meaning. However, in addition, the same ratio at two places on the scale also carries the same meaning (see Table 4.1). The Fahrenheit scale for temperature has an arbitrary zero point and is therefore not a ratio scale. However, zero on the Kelvin scale is absolute zero. This makes the Kelvin scale a ratio scale. For example, if one temperature is twice as high as another as measured on the Kelvin scale, then it has twice the kinetic energy of the other temperature. Another example of a ratio scale is the amount of money you have in your pocket right now (25 cents, 50 cents, etc.). Money is measured on a ratio scale because, in addition to having the properties of an interval scale, it has a true zero point: if you have zero money, this actually implies the absence of money. Since money has a true zero point, it makes sense to say that someone with 50 cents has twice as much money as someone with 25 cents. Stevens’s levels of measurement are important for at least two reasons. First, they emphasize the generality of the concept of measurement. Although people do not normally think of categorizing or ranking individuals as measurement, in fact, they are as long as they are done so that they represent some characteristic of the individuals. Second, the levels of measurement can serve as a rough guide to the statistical procedures that can be used with the data and the conclusions that can be drawn from them. With nominal-level measurement, for example, the only available measure of central tendency is the mode. With ordinal-level measurement, the median or mode can be used as indicators of central tendency. Interval and ratio-level measurement are typically considered the most desirable because they permit for any indicators of central tendency to be computed (i.e., mean, median, or mode). Also, ratio-level measurement is the only level that allows meaningful statements about ratios of scores. Once again, one cannot say that someone with an IQ of 140 is twice as intelligent as someone with an IQ of 70 because IQ is measured at the interval level, but one can say that someone with six siblings has twice as many as someone with three because number of siblings is measured at the ratio level. Table 4.1 Summary of Levels of Measurements Level of Measurement Category labels Rank order Equal intervals True zero NOMINAL X ORDINAL X X INTERVAL X X X RATIO X X X X",https://ecampusontario.pressbooks.pub/psychmethods3ecan/chapter/additional-considerations/
bayesian-statistics,Bayesian statistics,"Learning Objectives Distinguish between descriptive and inferential statistics Identify the different kinds of descriptive statistics researchers use to summarize their data Describe the purpose of inferential statistics. Distinguish between Type I and Type II errors. Once the study is complete and the observations have been made and recorded the researchers need to analyze the data and draw their conclusions. Typically, data are analyzed using both descriptive and inferential statistics. Descriptive statistics are used to summarize the data and inferential statistics are used to generalize the results from the sample to the population. In turn, inferential statistics are used to make conclusions about whether or not a theory has been supported, refuted, or requires modification. Descriptive Statistics Descriptive statistics are used to organize or summarize a set of data. Examples include percentages, measures of central tendency (mean, median, mode), measures of dispersion (range, standard deviation, variance), and correlation coefficients. Measures of central tendency are used to describe the typical, average and center of a distribution of scores. The mode is the most frequently occurring score in a distribution. The median is the midpoint of a distribution of scores. The mean is the average of a distribution of scores. Measures of dispersion are also considered descriptive statistics. They are used to describe the degree of spread in a set of scores. So are all of the scores similar and clustered around the mean or is there a lot of variability in the scores? The range is a measure of dispersion that measures the distance between the highest and lowest scores in a distribution. The standard deviation is a more sophisticated measure of dispersion that measures the average distance of scores from the mean. The variance is just the standard deviation squared. So it also measures the distance of scores from the mean but in a different unit of measure. Typically means and standard deviations are computed for experimental research studies in which an independent variable was manipulated to produce two or more groups and a dependent variable was measured quantitatively. The means from each experimental group or condition are calculated separately and are compared to see if they differ. For non-experimental research, simple percentages may be computed to describe the percentage of people who engaged in some behavior or held some belief. But more commonly non-experimental research involves computing the correlation between two variables. A correlation coefficient describes the strength and direction of the relationship between two variables. The values of a correlation coefficient can range from −1.00 (the strongest possible negative relationship) to +1.00 (the strongest possible positive relationship). A value of 0 means there is no relationship between the two variables. Positive correlation coefficients indicate that as the values of one variable increase, so do the values of the other variable. A good example of a positive correlation is the correlation between height and weight, because as height increases weight also tends to increase. Negative correlation coefficients indicate that as the value of one variable increase, the values of the other variable decrease. An example of a negative correlation is the correlation between stressful life events and happiness; because as stress increases, happiness is likely to decrease. Inferential Statistics As you learned in the section of this chapter on sampling, typically researchers sample from a population but ultimately they want to be able to generalize their results from the sample to a broader population. Researchers typically want to infer what the population is like based on the sample they studied. Inferential statistics are used for that purpose. Inferential statistics allow researchers to draw conclusions about a population based on data from a sample. Inferential statistics are crucial because the effects (i.e., the differences in the means or the correlation coefficient) that researchers find in a study may be due simply to random chance variability or they may be due to a real effect (i.e., they may reflect a real relationship between variables or a real effect of an independent variable on a dependent variable). Researchers use inferential statistics to determine whether their effects are statistically significant. A statistically significant effect is one that is unlikely due to random chance and therefore likely represents a real effect in the population. More specifically results that have less than a 5% chance of being due to random error are typically considered statistically significant. When an effect is statistically significant it is appropriate to generalize the results from the sample to the population. In contrast, if inferential statistics reveal that there is more than a 5% chance that an effect could be due to chance error alone then the researcher must conclude that their result is not statistically significant. It is important to keep in mind that statistics are probabilistic in nature. They allow researchers to determine whether the chances are low that their results are due to random error, but they don’t provide any absolute certainty. Hopefully, when we conclude that an effect is statistically significant it is a real effect that we would find if we tested the entire population. And hopefully when we conclude that an effect is not statistically significant there really is no effect and if we tested the entire population we would find no effect. And that 5% threshold is set at 5% to ensure that there is a high probability that we make a correct decision and that our determination of statistical significance is an accurate reflection of reality. But mistakes can always be made. Specifically, two kinds of mistakes can be made. First, researchers can make a Type I error , which is a false positive. It is when a researcher concludes that their results are statistically significant (so they say there is an effect in the population) when in reality there is no real effect in the population and the results are just due to chance (they are a fluke). When the threshold is set to 5%, which is the convention, then the researcher has a 5% chance or less of making a Type I error. You might wonder why researchers don’t set it even lower to reduce the chances of making a Type I error. The reason is when the chances of making a Type I error are reduced, the chances of making a Type II error are increased. A Type II error is a missed opportunity. It is when a researcher concludes that their results are not statistically significant when in reality there is a real effect in the population and they just missed detecting it. Once again, these Type II errors are more likely to occur when the threshold is set too low (e.g., set at 1% instead of 5%) and/or when the sample was too small.",https://ecampusontario.pressbooks.pub/psychmethods3ecan/chapter/additional-considerations/
replicability-crisis,replicability crisis,"Learning Objectives Define the concept of a variable, distinguish quantitative from categorical variables, and give examples of variables that might be of interest to psychologists. Explain the difference between a population and a sample. Distinguish between experimental and non-experimental research. Distinguish between lab studies, field studies, and field experiments. Identifying and Defining the Variables and Population Variables and Operational Definitions Part of generating a hypothesis involves identifying the variables that you want to study and operationally defining those variables so that they can be measured. Research questions in psychology are about variables. A variable is a quantity or quality that varies across people or situations. For example, the height of the students enrolled in a university course is a variable because it varies from student to student. The chosen major of the students is also a variable as long as not everyone in the class has declared the same major. Almost everything in our world varies and as such thinking of examples of constants (things that don't vary) is far more difficult. A rare example of a constant is the speed of light. Variables can be either quantitative or categorical. A quantitative variable is a quantity, such as height, that is typically measured by assigning a number to each individual. Other examples of quantitative variables include people’s level of talkativeness, how depressed they are, and the number of siblings they have. A categorical variable is a quality, such as chosen major, and is typically measured by assigning a category label to each individual (e.g., Psychology, English, Nursing, etc.). Other examples include people’s nationality, their occupation, and whether they are receiving psychotherapy. After the researcher generates their hypothesis and selects the variables they want to manipulate and measure, the researcher needs to find ways to actually measure the variables of interest. This requires an operational definition —a definition of the variable in terms of precisely how it is to be measured. Most variables that researchers are interested in studying cannot be directly observed or measured and this poses a problem because empiricism (observation) is at the heart of the scientific method. Operationally defining a variable involves taking an abstract construct like depression that cannot be directly observed and transforming it into something that can be directly observed and measured. Most variables can be operationally defined in many different ways. For example, depression can be operationally defined as people’s scores on a paper-and-pencil depression scale such as the Beck Depression Inventory, the number of depressive symptoms they are experiencing, or whether they have been diagnosed with major depressive disorder. Researchers are wise to choose an operational definition that has been used extensively in the research literature. Sampling and Measurement In addition to identifying which variables to manipulate and measure, and operationally defining those variables, researchers need to identify the population of interest. Researchers in psychology are usually interested in drawing conclusions about some very large group of people. This is called the population . It could be all American teenagers, children with autism, professional athletes, or even just human beings—depending on the interests and goals of the researcher. But they usually study only a small subset or sample of the population. For example, a researcher might measure the talkativeness of a few hundred university students with the intention of drawing conclusions about the talkativeness of men and women in general. It is important, therefore, for researchers to use a representative sample—one that is similar to the population in important respects. One method of obtaining a sample is simple random sampling , in which every member of the population has an equal chance of being selected for the sample. For example, a pollster could start with a list of all the registered voters in a city (the population), randomly select 100 of them from the list (the sample), and ask those 100 whom they intend to vote for. Unfortunately, random sampling is difficult or impossible in most psychological research because the populations are less clearly defined than the registered voters in a city. How could a researcher give all American teenagers or all children with autism an equal chance of being selected for a sample? The most common alternative to random sampling is convenience sampling , in which the sample consists of individuals who happen to be nearby and willing to participate (such as introductory psychology students). Of course, the obvious problem with convenience sampling is that the sample might not be representative of the population and therefore it may be less appropriate to generalize the results from the sample to that population. Experimental vs. Non-Experimental Research The next step a researcher must take is to decide which type of approach they will use to collect the data. As you will learn in your research methods course there are many different approaches to research that can be divided in many different ways. One of the most fundamental distinctions is between experimental and non-experimental research. Experimental Research Researchers who want to test hypotheses about causal relationships between variables (i.e., their goal is to explain) need to use an experimental method. This is because the experimental method is the only method that allows us to determine causal relationships. Using the experimental approach, researchers first manipulate one or more variables while attempting to control extraneous variables, and then they measure how the manipulated variables affect participants’ responses. The terms independent variable and dependent variable are used in the context of experimental research. The independent variable is the variable the experimenter manipulates (it is the presumed cause) and the dependent variable is the variable the experimenter measures (it is the presumed effect). Extraneous variables are any variable other than the dependent variable. Confounds are a specific type of extraneous variable that systematically varies along with the variables under investigation and therefore provides an alternative explanation for the results. When researchers design an experiment they need to ensure that they control for confounds; they need to ensure that extraneous variables don’t become confounding variables because in order to make a causal conclusion they need to make sure alternative explanations for the results have been ruled out. As an example, if we manipulate the lighting in the room and examine the effects of that manipulation on workers’ productivity, then the lighting conditions (bright lights vs. dim lights) would be considered the independent variable and the workers’ productivity would be considered the dependent variable. If the bright lights are noisy then that noise would be a confound since the noise would be present whenever the lights are bright and the noise would be absent when the lights are dim. If noise is varying systematically with light then we wouldn’t know if a difference in worker productivity across the two lighting conditions is due to noise or light. So confounds are bad, they disrupt our ability to make causal conclusions about the nature of the relationship between variables. However, if there is noise in the room both when the lights are on and when the lights are off then noise is merely an extraneous variable (it is a variable other than the independent or dependent variable) and we don't worry much about extraneous variables. This is because unless a variable varies systematically with the manipulated independent variable it cannot be a competing explanation for the results. Non-Experimental Research Researchers who are simply interested in describing characteristics of people, describing relationships between variables, and using those relationships to make predictions can use non-experimental research. Using the non-experimental approach, the researcher simply measures variables as they naturally occur, but they do not manipulate them. For instance, if I just measured the number of traffic fatalities in America last year that involved the use of a cell phone but I did not actually manipulate cell phone use then this would be categorized as non-experimental research. Alternatively, if I stood at a busy intersection and recorded drivers' genders and whether or not they were using a cell phone when they passed through the intersection to see whether men or women are more likely to use a cell phone when driving, then this would be non-experimental research. It is important to point out that non-experimental does not mean nonscientific. Non-experimental research is scientific in nature. It can be used to fulfill two of the three goals of science (to describe and to predict). However, unlike with experimental research, we cannot make causal conclusions using this method; we cannot say that one variable causes another variable using this method. Laboratory vs. Field Research The next major distinction between research methods is between laboratory and field studies. A laboratory study is a study that is conducted in the laboratory environment. In contrast, a field study is a study that is conducted in the real-world, in a natural environment. Laboratory experiments typically have high internal validity . Internal validity refers to the degree to which we can confidently infer a causal relationship between variables. When we conduct an experimental study in a laboratory environment we have very high internal validity because we manipulate one variable while controlling all other outside extraneous variables. When we manipulate an independent variable and observe an effect on a dependent variable and we control for everything else so that the only difference between our experimental groups or conditions is the one manipulated variable then we can be quite confident that it is the independent variable that is causing the change in the dependent variable. In contrast, because field studies are conducted in the real-world, the experimenter typically has less control over the environment and potential extraneous variables, and this decreases internal validity, making it less appropriate to arrive at causal conclusions. But there is typically a trade-off between internal and external validity. External validity simply refers to the degree to which we can generalize the findings to other circumstances or settings, like the real-world environment. When internal validity is high, external validity tends to be low; and when internal validity is low, external validity tends to be high. So laboratory studies are typically low in external validity, while field studies are typically high in external validity. Since field studies are conducted in the real-world environment it is far more appropriate to generalize the findings to that real-world environment than when the research is conducted in the more artificial sterile laboratory. Finally, there are field studies which are non-experimental in nature because nothing is manipulated. But there are also field experiment s where an independent variable is manipulated in a natural setting and extraneous variables are controlled. Depending on their overall quality and the level of control of extraneous variables, such field experiments can have high external and high internal validity.",https://ecampusontario.pressbooks.pub/psychmethods3ecan/chapter/from-the-replicability-crisis-to-open-science-practices/
harking,HARKing,"Would it surprise you learn that scientists who conduct research may withhold effective treatments from individuals with diseases? Perhaps it wouldn’t surprise you, since you may have heard of the Tuskegee Syphilis Experiment, in which treatments for syphilis were knowingly withheld from African-American participants for decades. I am sure that it would surprise you to learn the the practice of withholding treatment continues today. Multiple studies in the developing world continue to use placebo control groups in testing for cancer screenings, cancer treatments, and HIV treatments (Joffe & Miller, 2014). [1] What standards would you use to judge withholding treatment as ethical or unethical? Most importantly, how can you make sure that your study respects the human rights of your participants? Chapter Outline 5.1 Research on humans 5.2 Specific ethical issues to consider 5.3 Ethics at micro, meso, and macro levels 5.4 The practice of science versus the uses of science Content Advisory This chapter discusses or mentions the following topics: unethical research that has occurred in the past against marginalized groups in America and during the Holocaust.",https://ecampusontario.pressbooks.pub/psychmethods3ecan/chapter/from-the-replicability-crisis-to-open-science-practices/
